3.750093742969277111e-01 9.901960784313724728e-01 1.269357705001269120e-02 2.321428571428571785e-01 1.165501165501165448e-01 4.807692307692307265e-01 4.807692307692307265e-01 8.944543828264757412e-02 7.695385846646350149e-04 7.695385846646350149e-04 2.136752136752136377e-01 1.582779360557138096e-02 4.807674278913761161e-06 7.695385846646350149e-04 7.695385846646350149e-04 6.667099995666710133e-02 3.749971875210935589e-06 1.421071578568428861e-01 8.400000000000000799e-01 9.994007191370355425e-01 2.498313525945877362e-07 4.435864890297955348e-06
1.250281228907831887e-01 2.385620915032679590e-01 5.268703898840884636e-02 4.107142857142856984e-01 6.587615283267457544e-02 2.717391304347825942e-01 2.717391304347825942e-01 5.055611729019211797e-02 4.349565913321850556e-04 4.349565913321850556e-04 1.207729468599033906e-01 8.946144211844695923e-03 2.717381114168647981e-06 4.349565913321850556e-04 4.349565913321850556e-04 8.333749995833375501e-02 1.875360934792988724e-02 2.667613314400378577e-02 1.199999999999999956e-01 5.992808629644426300e-04 4.166354190102408901e-04 7.397544015386891235e-03
1.250281228907831887e-01 1.078431372549019523e-01 1.165501165501165448e-01 2.321428571428571785e-01 1.165501165501165448e-01 4.807692307692307265e-01 4.807692307692307265e-01 8.944543828264757412e-02 7.695385846646350149e-04 7.695385846646350149e-04 2.136752136752136377e-01 1.582779360557138096e-02 4.807674278913761161e-06 7.695385846646350149e-04 7.695385846646350149e-04 8.333749995833375501e-02 3.749971875210935589e-06 9.999800003999920349e-06 8.799999999999998934e-01 9.994007191370355425e-01 2.498313525945877362e-07 4.435864890297955348e-06
2.000224983126265288e-01 9.901960784313724728e-01 1.269357705001269120e-02 2.321428571428571785e-01 1.165501165501165448e-01 4.807692307692307265e-01 4.807692307692307265e-01 8.944543828264757412e-02 7.695385846646350149e-04 7.695385846646350149e-04 2.136752136752136377e-01 1.582779360557138096e-02 4.807674278913761161e-06 7.695385846646350149e-04 7.695385846646350149e-04 5.000449995500045458e-02 3.749971875210935589e-06 9.999800003999920349e-06 8.400000000000000799e-01 9.994007191370355425e-01 2.498313525945877362e-07 4.435864890297955348e-06
3.125140614453916221e-01 5.980392156862744946e-01 2.101723413198822860e-02 2.321428571428571785e-01 1.165501165501165448e-01 4.807692307692307265e-01 4.807692307692307265e-01 8.944543828264757412e-02 7.695385846646350149e-04 7.695385846646350149e-04 2.136752136752136377e-01 1.582779360557138096e-02 4.807674278913761161e-06 7.695385846646350149e-04 7.695385846646350149e-04 1.333369999633337022e-01 2.500356247328144876e-02 5.000899982000359817e-02 8.799999999999998934e-01 9.994007191370355425e-01 2.498313525945877362e-07 4.435864890297955348e-06
1.250281228907831887e-01 9.901960784313724728e-01 1.269357705001269120e-02 2.321428571428571785e-01 1.165501165501165448e-01 4.807692307692307265e-01 4.807692307692307265e-01 8.944543828264757412e-02 7.695385846646350149e-04 7.695385846646350149e-04 2.136752136752136377e-01 1.582779360557138096e-02 4.807674278913761161e-06 7.695385846646350149e-04 7.695385846646350149e-04 5.000449995500045458e-02 3.749971875210935589e-06 9.999800003999920349e-06 8.400000000000000799e-01 9.994007191370355425e-01 2.498313525945877362e-07 4.435864890297955348e-06
1.625253106017048588e-01 9.901960784313724728e-01 1.269357705001269120e-02 2.321428571428571785e-01 1.165501165501165448e-01 4.807692307692307265e-01 4.807692307692307265e-01 8.944543828264757412e-02 7.695385846646350149e-04 7.695385846646350149e-04 2.136752136752136377e-01 1.582779360557138096e-02 4.807674278913761161e-06 7.695385846646350149e-04 7.695385846646350149e-04 1.166704999616670624e-01 3.749971875210935589e-06 9.999800003999920349e-06 8.400000000000000799e-01 9.994007191370355425e-01 2.498313525945877362e-07 4.435864890297955348e-06
2.500187485938554222e-01 4.673202614379085018e-01 2.689618074233458486e-02 4.107142857142856984e-01 6.587615283267457544e-02 2.717391304347825942e-01 2.717391304347825942e-01 5.055611729019211797e-02 4.349565913321850556e-04 4.349565913321850556e-04 1.207729468599033906e-01 8.946144211844695923e-03 2.717381114168647981e-06 4.349565913321850556e-04 4.349565913321850556e-04 1.166704999616670624e-01 3.749971875210935589e-06 9.999800003999920349e-06 8.799999999999998934e-01 9.994007191370355425e-01 2.498313525945877362e-07 4.435864890297955348e-06
3.125140614453916221e-01 4.019607843137255054e-01 3.126954346466541412e-02 2.321428571428571785e-01 1.165501165501165448e-01 4.807692307692307265e-01 4.807692307692307265e-01 8.944543828264757412e-02 7.695385846646350149e-04 7.695385846646350149e-04 2.136752136752136377e-01 1.582779360557138096e-02 4.807674278913761161e-06 7.695385846646350149e-04 7.695385846646350149e-04 2.000029999700002892e-01 3.749971875210935589e-06 9.999800003999920349e-06 7.319999999999999840e-01 9.994007191370355425e-01 2.498313525945877362e-07 4.435864890297955348e-06
1.250281228907831887e-01 2.385620915032679590e-01 5.268703898840884636e-02 2.321428571428571785e-01 1.165501165501165448e-01 4.807692307692307265e-01 4.807692307692307265e-01 8.944543828264757412e-02 7.695385846646350149e-04 7.695385846646350149e-04 2.136752136752136377e-01 1.582779360557138096e-02 4.807674278913761161e-06 7.695385846646350149e-04 7.695385846646350149e-04 6.667099995666710133e-02 3.753721847086146680e-03 5.009899802003960588e-03 1.199999999999999956e-01 5.992808629644426300e-04 4.166354190102408901e-04 7.397544015386891235e-03
2.500187485938554222e-01 9.901960784313724728e-01 1.269357705001269120e-02 5.892857142857143016e-01 4.591368227731864454e-02 1.893939393939393923e-01 1.893939393939393923e-01 3.523608174770966051e-02 3.031515636557653303e-04 3.031515636557653303e-04 8.417508417508418050e-02 6.235191420376605224e-03 1.893932291693299980e-06 3.031515636557653303e-04 3.031515636557653303e-04 3.333799995333380090e-02 2.500018749859375666e-01 5.000000000000000000e-01 8.400000000000000799e-01 9.994007191370355425e-01 2.498313525945877362e-07 4.435864890297955348e-06
1.750243731720120821e-01 1.078431372549019523e-01 1.165501165501165448e-01 2.321428571428571785e-01 1.165501165501165448e-01 4.807692307692307265e-01 4.807692307692307265e-01 8.944543828264757412e-02 7.695385846646350149e-04 7.695385846646350149e-04 2.136752136752136377e-01 1.582779360557138096e-02 4.807674278913761161e-06 7.695385846646350149e-04 7.695385846646350149e-04 2.500024999750002364e-01 3.749971875210935589e-06 9.999800003999920349e-06 8.400000000000000799e-01 9.994007191370355425e-01 2.498313525945877362e-07 4.435864890297955348e-06
3.125140614453916221e-01 9.901960784313724728e-01 1.269357705001269120e-02 4.107142857142856984e-01 6.587615283267457544e-02 2.717391304347825942e-01 2.717391304347825942e-01 5.055611729019211797e-02 4.349565913321850556e-04 4.349565913321850556e-04 1.207729468599033906e-01 8.946144211844695923e-03 2.717381114168647981e-06 4.349565913321850556e-04 4.349565913321850556e-04 7.500424995750043511e-02 3.749971875210935589e-06 9.999800003999920349e-06 8.799999999999998934e-01 9.994007191370355425e-01 2.498313525945877362e-07 4.435864890297955348e-06
2.500187485938554222e-01 9.901960784313724728e-01 1.269357705001269120e-02 2.321428571428571785e-01 1.165501165501165448e-01 4.807692307692307265e-01 4.807692307692307265e-01 8.944543828264757412e-02 7.695385846646350149e-04 7.695385846646350149e-04 2.136752136752136377e-01 1.582779360557138096e-02 4.807674278913761161e-06 7.695385846646350149e-04 7.695385846646350149e-04 5.000449995500045458e-02 3.749971875210935589e-06 9.999800003999920349e-06 6.919999999999999485e-01 9.994007191370355425e-01 2.498313525945877362e-07 4.435864890297955348e-06
1.875234357423193055e-01 9.901960784313724728e-01 1.269357705001269120e-02 2.321428571428571785e-01 1.165501165501165448e-01 4.807692307692307265e-01 4.807692307692307265e-01 8.944543828264757412e-02 7.695385846646350149e-04 7.695385846646350149e-04 2.136752136752136377e-01 1.582779360557138096e-02 4.807674278913761161e-06 7.695385846646350149e-04 7.695385846646350149e-04 5.000449995500045458e-02 6.250328122539081099e-02 1.667633314000386766e-02 7.319999999999999840e-01 9.994007191370355425e-01 2.498313525945877362e-07 4.435864890297955348e-06
1.250281228907831887e-01 9.901960784313724728e-01 1.269357705001269120e-02 2.321428571428571785e-01 1.165501165501165448e-01 4.807692307692307265e-01 4.807692307692307265e-01 8.944543828264757412e-02 7.695385846646350149e-04 7.695385846646350149e-04 2.136752136752136377e-01 1.582779360557138096e-02 4.807674278913761161e-06 7.695385846646350149e-04 7.695385846646350149e-04 8.338249950833825572e-03 3.749971875210935589e-06 9.999800003999920349e-06 8.400000000000000799e-01 9.994007191370355425e-01 2.498313525945877362e-07 4.435864890297955348e-06
1.000299977501687282e-01 1.078431372549019523e-01 1.165501165501165448e-01 2.321428571428571785e-01 1.165501165501165448e-01 4.807692307692307265e-01 4.807692307692307265e-01 8.944543828264757412e-02 7.695385846646350149e-04 7.695385846646350149e-04 2.136752136752136377e-01 1.582779360557138096e-02 4.807674278913761161e-06 7.695385846646350149e-04 7.695385846646350149e-04 8.333749995833375501e-02 3.749971875210935589e-06 1.667633314000386766e-02 8.400000000000000799e-01 9.994007191370355425e-01 2.498313525945877362e-07 4.435864890297955348e-06
1.500262480313976354e-01 3.039215686274510109e-01 4.135649296939618996e-02 2.321428571428571785e-01 1.165501165501165448e-01 4.807692307692307265e-01 4.807692307692307265e-01 8.944543828264757412e-02 7.695385846646350149e-04 7.695385846646350149e-04 2.136752136752136377e-01 1.582779360557138096e-02 4.807674278913761161e-06 7.695385846646350149e-04 7.695385846646350149e-04 2.666523334766652265e-01 3.749971875210935589e-06 9.999800003999920349e-06 8.400000000000000799e-01 9.994007191370355425e-01 2.498313525945877362e-07 4.435864890297955348e-06
3.750093742969277111e-01 9.901960784313724728e-01 1.269357705001269120e-02 2.321428571428571785e-01 1.165501165501165448e-01 4.807692307692307265e-01 4.807692307692307265e-01 8.944543828264757412e-02 7.695385846646350149e-04 7.695385846646350149e-04 2.136752136752136377e-01 1.582779360557138096e-02 4.807674278913761161e-06 7.695385846646350149e-04 7.695385846646350149e-04 5.000449995500045458e-02 3.749971875210935589e-06 9.999800003999920349e-06 8.400000000000000799e-01 9.994007191370355425e-01 2.498313525945877362e-07 4.435864890297955348e-06
2.437692173087018244e-01 9.901960784313724728e-01 1.269357705001269120e-02 2.321428571428571785e-01 1.165501165501165448e-01 4.807692307692307265e-01 4.807692307692307265e-01 8.944543828264757412e-02 7.695385846646350149e-04 7.695385846646350149e-04 2.136752136752136377e-01 1.582779360557138096e-02 4.807674278913761161e-06 7.695385846646350149e-04 7.695385846646350149e-04 7.500424995750043511e-02 2.500356247328144876e-02 3.334266648000373118e-02 8.400000000000000799e-01 9.994007191370355425e-01 2.498313525945877362e-07 4.435864890297955348e-06
2.125215608829337521e-01 3.039215686274510109e-01 4.135649296939618996e-02 2.321428571428571785e-01 1.165501165501165448e-01 4.807692307692307265e-01 4.807692307692307265e-01 8.944543828264757412e-02 7.695385846646350149e-04 7.695385846646350149e-04 2.136752136752136377e-01 1.582779360557138096e-02 4.807674278913761161e-06 7.695385846646350149e-04 7.695385846646350149e-04 5.833774995583378142e-02 3.749971875210935589e-06 9.999800003999920349e-06 8.400000000000000799e-01 9.994007191370355425e-01 2.498313525945877362e-07 4.435864890297955348e-06
3.812589055820813644e-01 6.633986928104574909e-01 1.894657067070859915e-02 4.107142857142856984e-01 6.587615283267457544e-02 2.717391304347825942e-01 2.717391304347825942e-01 5.055611729019211797e-02 4.349565913321850556e-04 4.349565913321850556e-04 1.207729468599033906e-01 8.946144211844695923e-03 2.717381114168647981e-06 4.349565913321850556e-04 4.349565913321850556e-04 8.333749995833375501e-02 3.750346872398457182e-02 1.000079998400032061e-01 8.400000000000000799e-01 9.994007191370355425e-01 2.498313525945877362e-07 4.435864890297955348e-06
1.875234357423193055e-01 9.901960784313724728e-01 1.269357705001269120e-02 4.107142857142856984e-01 6.587615283267457544e-02 2.717391304347825942e-01 2.717391304347825942e-01 5.055611729019211797e-02 4.349565913321850556e-04 4.349565913321850556e-04 1.207729468599033906e-01 8.946144211844695923e-03 2.717381114168647981e-06 4.349565913321850556e-04 4.349565913321850556e-04 8.333749995833375501e-02 3.749971875210935589e-06 9.999800003999920349e-06 8.799999999999998934e-01 9.994007191370355425e-01 2.498313525945877362e-07 4.435864890297955348e-06
1.875234357423193055e-01 3.366013071895425091e-01 3.734129947722180515e-02 4.107142857142856984e-01 6.587615283267457544e-02 2.717391304347825942e-01 2.717391304347825942e-01 5.055611729019211797e-02 4.349565913321850556e-04 4.349565913321850556e-04 1.207729468599033906e-01 8.946144211844695923e-03 2.717381114168647981e-06 4.349565913321850556e-04 4.349565913321850556e-04 3.333799995333380090e-02 3.749971875210935589e-06 9.999800003999920349e-06 8.799999999999998934e-01 9.994007191370355425e-01 2.498313525945877362e-07 4.435864890297955348e-06
1.250281228907831887e-01 9.901960784313724728e-01 1.269357705001269120e-02 2.321428571428571785e-01 1.165501165501165448e-01 4.807692307692307265e-01 4.807692307692307265e-01 8.944543828264757412e-02 7.695385846646350149e-04 7.695385846646350149e-04 2.136752136752136377e-01 1.582779360557138096e-02 4.807674278913761161e-06 7.695385846646350149e-04 7.695385846646350149e-04 8.333749995833375501e-02 3.749971875210935589e-06 9.999800003999920349e-06 6.919999999999999485e-01 9.994007191370355425e-01 2.498313525945877362e-07 4.435864890297955348e-06
3.750093742969277111e-01 5.326797385620914982e-01 2.359603586597451563e-02 2.321428571428571785e-01 1.165501165501165448e-01 4.807692307692307265e-01 4.807692307692307265e-01 8.944543828264757412e-02 7.695385846646350149e-04 7.695385846646350149e-04 2.136752136752136377e-01 1.582779360557138096e-02 4.807674278913761161e-06 7.695385846646350149e-04 7.695385846646350149e-04 5.000449995500045458e-02 3.749971875210935589e-06 9.999800003999920349e-06 6.520000000000000240e-01 9.994007191370355425e-01 2.498313525945877362e-07 4.435864890297955348e-06
1.875234357423193055e-01 2.712418300653595127e-01 4.633920296570898101e-02 2.321428571428571785e-01 1.165501165501165448e-01 4.807692307692307265e-01 4.807692307692307265e-01 8.944543828264757412e-02 7.695385846646350149e-04 7.695385846646350149e-04 2.136752136752136377e-01 1.582779360557138096e-02 4.807674278913761161e-06 7.695385846646350149e-04 7.695385846646350149e-04 5.667109995566711744e-02 3.749971875210935589e-06 9.999800003999920349e-06 8.400000000000000799e-01 9.994007191370355425e-01 2.498313525945877362e-07 4.435864890297955348e-06
6.253281003924705816e-02 9.901960784313724728e-01 1.269357705001269120e-02 4.107142857142856984e-01 6.587615283267457544e-02 2.717391304347825942e-01 2.717391304347825942e-01 5.055611729019211797e-02 4.349565913321850556e-04 4.349565913321850556e-04 1.207729468599033906e-01 8.946144211844695923e-03 2.717381114168647981e-06 4.349565913321850556e-04 4.349565913321850556e-04 5.166665000016666953e-01 3.749971875210935589e-06 9.999800003999920349e-06 8.400000000000000799e-01 9.994007191370355425e-01 2.498313525945877362e-07 4.435864890297955348e-06
2.500187485938554222e-01 4.673202614379085018e-01 2.689618074233458486e-02 2.321428571428571785e-01 1.165501165501165448e-01 4.807692307692307265e-01 4.807692307692307265e-01 8.944543828264757412e-02 7.695385846646350149e-04 7.695385846646350149e-04 2.136752136752136377e-01 1.582779360557138096e-02 4.807674278913761161e-06 7.695385846646350149e-04 7.695385846646350149e-04 1.666699999666669818e-01 5.000337497468768794e-02 1.000979980400392051e-02 8.799999999999998934e-01 9.994007191370355425e-01 2.498313525945877362e-07 4.435864890297955348e-06
1.250281228907831887e-01 2.385620915032679590e-01 5.268703898840884636e-02 2.321428571428571785e-01 1.165501165501165448e-01 4.807692307692307265e-01 4.807692307692307265e-01 8.944543828264757412e-02 7.695385846646350149e-04 7.695385846646350149e-04 2.136752136752136377e-01 1.582779360557138096e-02 4.807674278913761161e-06 7.695385846646350149e-04 7.695385846646350149e-04 5.000449995500045458e-02 2.500356247328144876e-02 6.667533316000347210e-02 1.199999999999999956e-01 5.992808629644426300e-04 4.166354190102408901e-04 7.397544015386891235e-03
1.250281228907831887e-01 3.366013071895425091e-01 3.734129947722180515e-02 2.321428571428571785e-01 1.165501165501165448e-01 4.807692307692307265e-01 4.807692307692307265e-01 8.944543828264757412e-02 7.695385846646350149e-04 7.695385846646350149e-04 2.136752136752136377e-01 1.582779360557138096e-02 4.807674278913761161e-06 7.695385846646350149e-04 7.695385846646350149e-04 1.333369999633337022e-01 3.749971875210935589e-06 6.667533316000347210e-02 8.799999999999998934e-01 9.994007191370355425e-01 2.498313525945877362e-07 4.435864890297955348e-06
3.750093742969277111e-01 6.307189542483659928e-01 1.992825827022718169e-02 2.321428571428571785e-01 1.165501165501165448e-01 4.807692307692307265e-01 4.807692307692307265e-01 8.944543828264757412e-02 7.695385846646350149e-04 7.695385846646350149e-04 2.136752136752136377e-01 1.582779360557138096e-02 4.807674278913761161e-06 7.695385846646350149e-04 7.695385846646350149e-04 1.500034999650003420e-01 4.375342184933612988e-02 2.000959980800384036e-02 8.400000000000000799e-01 9.994007191370355425e-01 2.498313525945877362e-07 4.435864890297955348e-06
1.250281228907831887e-01 9.901960784313724728e-01 1.269357705001269120e-02 2.321428571428571785e-01 1.165501165501165448e-01 4.807692307692307265e-01 4.807692307692307265e-01 8.944543828264757412e-02 7.695385846646350149e-04 7.695385846646350149e-04 2.136752136752136377e-01 1.582779360557138096e-02 4.807674278913761161e-06 7.695385846646350149e-04 7.695385846646350149e-04 1.166704999616670624e-01 3.749971875210935589e-06 6.667533316000347210e-02 8.400000000000000799e-01 9.994007191370355425e-01 2.498313525945877362e-07 4.435864890297955348e-06
3.750093742969277111e-01 9.901960784313724728e-01 1.269357705001269120e-02 2.321428571428571785e-01 1.165501165501165448e-01 4.807692307692307265e-01 4.807692307692307265e-01 8.944543828264757412e-02 7.695385846646350149e-04 7.695385846646350149e-04 2.136752136752136377e-01 1.582779360557138096e-02 4.807674278913761161e-06 7.695385846646350149e-04 7.695385846646350149e-04 8.333749995833375501e-02 3.749971875210935589e-06 9.999800003999920349e-06 8.400000000000000799e-01 9.994007191370355425e-01 2.498313525945877362e-07 4.435864890297955348e-06
6.253281003924705816e-02 2.385620915032679590e-01 5.268703898840884636e-02 2.321428571428571785e-01 1.165501165501165448e-01 4.807692307692307265e-01 4.807692307692307265e-01 8.944543828264757412e-02 7.695385846646350149e-04 7.695385846646350149e-04 2.136752136752136377e-01 1.582779360557138096e-02 4.807674278913761161e-06 7.695385846646350149e-04 7.695385846646350149e-04 1.333369999633337022e-01 3.749971875210935589e-06 9.999800003999920349e-06 8.799999999999998934e-01 9.994007191370355425e-01 2.498313525945877362e-07 4.435864890297955348e-06
1.875234357423193055e-01 6.960784313725489891e-01 1.805706031058143535e-02 4.107142857142856984e-01 6.587615283267457544e-02 2.717391304347825942e-01 2.717391304347825942e-01 5.055611729019211797e-02 4.349565913321850556e-04 4.349565913321850556e-04 1.207729468599033906e-01 8.946144211844695923e-03 2.717381114168647981e-06 4.349565913321850556e-04 4.349565913321850556e-04 2.000029999700002892e-01 2.500018749859375666e-01 2.000059998800024219e-01 8.799999999999998934e-01 9.994007191370355425e-01 2.498313525945877362e-07 4.435864890297955348e-06
6.878234132440065596e-02 8.267973856209149819e-01 1.520218911523259393e-02 2.321428571428571785e-01 1.165501165501165448e-01 4.807692307692307265e-01 4.807692307692307265e-01 8.944543828264757412e-02 7.695385846646350149e-04 7.695385846646350149e-04 2.136752136752136377e-01 1.582779360557138096e-02 4.807674278913761161e-06 7.695385846646350149e-04 7.695385846646350149e-04 1.166704999616670624e-01 5.000337497468768794e-02 2.667613314400378577e-02 8.799999999999998934e-01 9.994007191370355425e-01 2.498313525945877362e-07 4.435864890297955348e-06
6.253281003924705816e-02 9.901960784313724728e-01 1.269357705001269120e-02 2.321428571428571785e-01 1.165501165501165448e-01 4.807692307692307265e-01 4.807692307692307265e-01 8.944543828264757412e-02 7.695385846646350149e-04 7.695385846646350149e-04 2.136752136752136377e-01 1.582779360557138096e-02 4.807674278913761161e-06 7.695385846646350149e-04 7.695385846646350149e-04 5.833774995583378142e-02 3.125351559863300682e-02 1.667633314000386766e-02 8.400000000000000799e-01 9.994007191370355425e-01 2.498313525945877362e-07 4.435864890297955348e-06
4.937504687148464022e-01 4.673202614379085018e-01 2.689618074233458486e-02 4.107142857142856984e-01 6.587615283267457544e-02 2.717391304347825942e-01 2.717391304347825942e-01 5.055611729019211797e-02 4.349565913321850556e-04 4.349565913321850556e-04 1.207729468599033906e-01 8.946144211844695923e-03 2.717381114168647981e-06 4.349565913321850556e-04 4.349565913321850556e-04 1.666699999666669818e-01 2.500018749859375666e-01 9.999800003999920349e-06 8.400000000000000799e-01 9.994007191370355425e-01 2.498313525945877362e-07 4.435864890297955348e-06
2.000224983126265288e-01 9.901960784313724728e-01 1.269357705001269120e-02 4.107142857142856984e-01 6.587615283267457544e-02 2.717391304347825942e-01 2.717391304347825942e-01 5.055611729019211797e-02 4.349565913321850556e-04 4.349565913321850556e-04 1.207729468599033906e-01 8.946144211844695923e-03 2.717381114168647981e-06 4.349565913321850556e-04 4.349565913321850556e-04 1.150038499615003845e-01 3.749971875210935589e-06 9.999800003999920349e-06 6.520000000000000240e-01 9.994007191370355425e-01 2.498313525945877362e-07 4.435864890297955348e-06
1.875234357423193055e-01 9.901960784313724728e-01 1.269357705001269120e-02 5.892857142857143016e-01 4.591368227731864454e-02 1.893939393939393923e-01 1.893939393939393923e-01 3.523608174770966051e-02 3.031515636557653303e-04 3.031515636557653303e-04 8.417508417508418050e-02 6.235191420376605224e-03 1.893932291693299980e-06 3.031515636557653303e-04 3.031515636557653303e-04 2.500474995250047405e-02 3.749971875210935589e-06 9.999800003999920349e-06 6.919999999999999485e-01 9.994007191370355425e-01 2.498313525945877362e-07 4.435864890297955348e-06
7.499812514061445778e-01 3.366013071895425091e-01 3.734129947722180515e-02 5.892857142857143016e-01 4.591368227731864454e-02 1.893939393939393923e-01 1.893939393939393923e-01 3.523608174770966051e-02 3.031515636557653303e-04 3.031515636557653303e-04 8.417508417508418050e-02 6.235191420376605224e-03 1.893932291693299980e-06 3.031515636557653303e-04 3.031515636557653303e-04 1.666699999666669818e-01 5.000000000000000000e-01 1.166743331800030731e-01 7.319999999999999840e-01 9.994007191370355425e-01 2.498313525945877362e-07 4.435864890297955348e-06
1.875234357423193055e-01 9.901960784313724728e-01 1.269357705001269120e-02 2.321428571428571785e-01 1.165501165501165448e-01 4.807692307692307265e-01 4.807692307692307265e-01 8.944543828264757412e-02 7.695385846646350149e-04 7.695385846646350149e-04 2.136752136752136377e-01 1.582779360557138096e-02 4.807674278913761161e-06 7.695385846646350149e-04 7.695385846646350149e-04 6.667099995666710133e-02 3.749971875210935589e-06 9.999800003999920349e-06 8.400000000000000799e-01 9.994007191370355425e-01 2.498313525945877362e-07 4.435864890297955348e-06
5.000000000000000000e-01 7.941176470588234837e-01 1.582779360557138443e-02 2.321428571428571785e-01 1.165501165501165448e-01 4.807692307692307265e-01 4.807692307692307265e-01 8.944543828264757412e-02 7.695385846646350149e-04 7.695385846646350149e-04 2.136752136752136377e-01 1.582779360557138096e-02 4.807674278913761161e-06 7.695385846646350149e-04 7.695385846646350149e-04 4.167124995416712774e-02 3.749971875210935589e-06 9.999800003999920349e-06 7.319999999999999840e-01 9.994007191370355425e-01 2.498313525945877362e-07 4.435864890297955348e-06
5.624953128515360889e-01 9.901960784313724728e-01 1.269357705001269120e-02 2.321428571428571785e-01 1.165501165501165448e-01 4.807692307692307265e-01 4.807692307692307265e-01 8.944543828264757412e-02 7.695385846646350149e-04 7.695385846646350149e-04 2.136752136752136377e-01 1.582779360557138096e-02 4.807674278913761161e-06 7.695385846646350149e-04 7.695385846646350149e-04 2.500474995250047405e-02 3.749971875210935589e-06 9.999800003999920349e-06 8.400000000000000799e-01 9.994007191370355425e-01 2.498313525945877362e-07 4.435864890297955348e-06
5.000000000000000000e-01 5.653594771241829964e-01 2.223210315695864706e-02 2.321428571428571785e-01 1.165501165501165448e-01 4.807692307692307265e-01 4.807692307692307265e-01 8.944543828264757412e-02 7.695385846646350149e-04 7.695385846646350149e-04 2.136752136752136377e-01 1.582779360557138096e-02 4.807674278913761161e-06 7.695385846646350149e-04 7.695385846646350149e-04 5.000449995500045458e-02 3.749971875210935589e-06 9.999800003999920349e-06 8.400000000000000799e-01 9.994007191370355425e-01 2.498313525945877362e-07 4.435864890297955348e-06
1.500262480313976354e-01 9.901960784313724728e-01 1.269357705001269120e-02 2.321428571428571785e-01 1.165501165501165448e-01 4.807692307692307265e-01 4.807692307692307265e-01 8.944543828264757412e-02 7.695385846646350149e-04 7.695385846646350149e-04 2.136752136752136377e-01 1.582779360557138096e-02 4.807674278913761161e-06 7.695385846646350149e-04 7.695385846646350149e-04 2.000479995200047864e-02 3.749971875210935589e-06 9.999800003999920349e-06 8.400000000000000799e-01 9.994007191370355425e-01 2.498313525945877362e-07 4.435864890297955348e-06
1.250281228907831887e-01 7.287581699346404873e-01 1.724732666436702005e-02 2.321428571428571785e-01 1.165501165501165448e-01 4.807692307692307265e-01 4.807692307692307265e-01 8.944543828264757412e-02 7.695385846646350149e-04 7.695385846646350149e-04 2.136752136752136377e-01 1.582779360557138096e-02 4.807674278913761161e-06 7.695385846646350149e-04 7.695385846646350149e-04 8.333749995833375501e-02 3.749971875210935589e-06 9.999800003999920349e-06 8.400000000000000799e-01 9.994007191370355425e-01 2.498313525945877362e-07 4.435864890297955348e-06
1.750243731720120821e-01 4.019607843137255054e-01 3.126954346466541412e-02 4.107142857142856984e-01 6.587615283267457544e-02 2.717391304347825942e-01 2.717391304347825942e-01 5.055611729019211797e-02 4.349565913321850556e-04 4.349565913321850556e-04 1.207729468599033906e-01 8.946144211844695923e-03 2.717381114168647981e-06 4.349565913321850556e-04 4.349565913321850556e-04 8.333749995833375501e-02 3.749971875210935589e-06 9.999800003999920349e-06 1.199999999999999956e-01 5.992808629644426300e-04 4.166354190102408901e-04 7.397544015386891235e-03
5.000000000000000000e-01 9.901960784313724728e-01 1.269357705001269120e-02 2.321428571428571785e-01 1.165501165501165448e-01 4.807692307692307265e-01 4.807692307692307265e-01 8.944543828264757412e-02 7.695385846646350149e-04 7.695385846646350149e-04 2.136752136752136377e-01 1.582779360557138096e-02 4.807674278913761161e-06 7.695385846646350149e-04 7.695385846646350149e-04 2.833354999783335715e-01 1.250028124789063777e-01 6.667533316000347210e-02 8.400000000000000799e-01 9.994007191370355425e-01 2.498313525945877362e-07 4.435864890297955348e-06
1.250281228907831887e-01 9.901960784313724728e-01 1.269357705001269120e-02 4.107142857142856984e-01 6.587615283267457544e-02 2.717391304347825942e-01 2.717391304347825942e-01 5.055611729019211797e-02 4.349565913321850556e-04 4.349565913321850556e-04 1.207729468599033906e-01 8.946144211844695923e-03 2.717381114168647981e-06 4.349565913321850556e-04 4.349565913321850556e-04 2.500474995250047405e-02 3.749971875210935589e-06 9.999800003999920349e-06 8.400000000000000799e-01 9.994007191370355425e-01 2.498313525945877362e-07 4.435864890297955348e-06
1.250281228907831887e-01 9.901960784313724728e-01 1.269357705001269120e-02 2.321428571428571785e-01 1.165501165501165448e-01 4.807692307692307265e-01 4.807692307692307265e-01 8.944543828264757412e-02 7.695385846646350149e-04 7.695385846646350149e-04 2.136752136752136377e-01 1.582779360557138096e-02 4.807674278913761161e-06 7.695385846646350149e-04 7.695385846646350149e-04 5.000449995500045458e-02 3.749971875210935589e-06 9.999800003999920349e-06 8.799999999999998934e-01 9.994007191370355425e-01 2.498313525945877362e-07 4.435864890297955348e-06
1.250281228907831887e-01 6.960784313725489891e-01 1.805706031058143535e-02 4.107142857142856984e-01 6.587615283267457544e-02 2.717391304347825942e-01 2.717391304347825942e-01 5.055611729019211797e-02 4.349565913321850556e-04 4.349565913321850556e-04 1.207729468599033906e-01 8.946144211844695923e-03 2.717381114168647981e-06 4.349565913321850556e-04 4.349565913321850556e-04 4.167124995416712774e-02 3.750346872398457182e-02 5.000899982000359817e-02 8.799999999999998934e-01 9.994007191370355425e-01 2.498313525945877362e-07 4.435864890297955348e-06
2.250206234532410032e-01 9.901960784313724728e-01 1.269357705001269120e-02 4.107142857142856984e-01 6.587615283267457544e-02 2.717391304347825942e-01 2.717391304347825942e-01 5.055611729019211797e-02 4.349565913321850556e-04 4.349565913321850556e-04 1.207729468599033906e-01 8.946144211844695923e-03 2.717381114168647981e-06 4.349565913321850556e-04 4.349565913321850556e-04 1.667149995166715068e-02 3.749971875210935589e-06 8.343166470003934160e-03 8.400000000000000799e-01 9.994007191370355425e-01 2.498313525945877362e-07 4.435864890297955348e-06
2.812664050196235221e-01 7.941176470588234837e-01 1.582779360557138443e-02 2.321428571428571785e-01 1.165501165501165448e-01 4.807692307692307265e-01 4.807692307692307265e-01 8.944543828264757412e-02 7.695385846646350149e-04 7.695385846646350149e-04 2.136752136752136377e-01 1.582779360557138096e-02 4.807674278913761161e-06 7.695385846646350149e-04 7.695385846646350149e-04 6.667099995666710133e-02 3.749971875210935589e-06 9.999800003999920349e-06 8.400000000000000799e-01 9.994007191370355425e-01 2.498313525945877362e-07 4.435864890297955348e-06
6.249906257030722889e-01 9.901960784313724728e-01 1.269357705001269120e-02 2.321428571428571785e-01 1.165501165501165448e-01 4.807692307692307265e-01 4.807692307692307265e-01 8.944543828264757412e-02 7.695385846646350149e-04 7.695385846646350149e-04 2.136752136752136377e-01 1.582779360557138096e-02 4.807674278913761161e-06 7.695385846646350149e-04 7.695385846646350149e-04 1.500034999650003420e-01 3.749971875210935589e-06 9.999800003999920349e-06 8.400000000000000799e-01 9.994007191370355425e-01 2.498313525945877362e-07 4.435864890297955348e-06
1.250281228907831887e-01 9.901960784313724728e-01 1.269357705001269120e-02 2.321428571428571785e-01 1.165501165501165448e-01 4.807692307692307265e-01 4.807692307692307265e-01 8.944543828264757412e-02 7.695385846646350149e-04 7.695385846646350149e-04 2.136752136752136377e-01 1.582779360557138096e-02 4.807674278913761161e-06 7.695385846646350149e-04 7.695385846646350149e-04 6.667099995666710133e-02 5.000337497468768794e-02 1.333406665200029539e-01 8.400000000000000799e-01 9.994007191370355425e-01 2.498313525945877362e-07 4.435864890297955348e-06
1.250281228907831887e-01 9.901960784313724728e-01 1.269357705001269120e-02 2.321428571428571785e-01 1.165501165501165448e-01 4.807692307692307265e-01 4.807692307692307265e-01 8.944543828264757412e-02 7.695385846646350149e-04 7.695385846646350149e-04 2.136752136752136377e-01 1.582779360557138096e-02 4.807674278913761161e-06 7.695385846646350149e-04 7.695385846646350149e-04 3.333799995333380090e-02 3.749971875210935589e-06 9.999800003999920349e-06 6.520000000000000240e-01 9.994007191370355425e-01 2.498313525945877362e-07 4.435864890297955348e-06
4.375046871484638555e-01 9.901960784313724728e-01 1.269357705001269120e-02 2.321428571428571785e-01 1.165501165501165448e-01 4.807692307692307265e-01 4.807692307692307265e-01 8.944543828264757412e-02 7.695385846646350149e-04 7.695385846646350149e-04 2.136752136752136377e-01 1.582779360557138096e-02 4.807674278913761161e-06 7.695385846646350149e-04 7.695385846646350149e-04 6.667099995666710133e-02 1.250365622257832918e-02 3.334266648000373118e-02 7.319999999999999840e-01 9.994007191370355425e-01 2.498313525945877362e-07 4.435864890297955348e-06
8.749718771092167557e-01 6.633986928104574909e-01 1.894657067070859915e-02 2.321428571428571785e-01 1.165501165501165448e-01 4.807692307692307265e-01 4.807692307692307265e-01 8.944543828264757412e-02 7.695385846646350149e-04 7.695385846646350149e-04 2.136752136752136377e-01 1.582779360557138096e-02 4.807674278913761161e-06 7.695385846646350149e-04 7.695385846646350149e-04 4.167124995416712774e-02 3.749971875210935589e-06 9.999800003999920349e-06 8.400000000000000799e-01 9.994007191370355425e-01 2.498313525945877362e-07 4.435864890297955348e-06
3.187635927305452199e-01 9.901960784313724728e-01 1.269357705001269120e-02 7.678571428571429047e-01 3.523608174770965357e-02 1.453488372093023062e-01 1.453488372093023062e-01 2.704164413196322517e-02 2.326512000148896664e-04 2.326512000148896664e-04 6.459948320413436140e-02 4.785146904009952504e-03 1.453482921532067475e-06 2.326512000148896664e-04 2.326512000148896664e-04 2.500474995250047405e-02 3.749971875210935589e-06 9.999800003999920349e-06 8.400000000000000799e-01 9.994007191370355425e-01 2.498313525945877362e-07 4.435864890297955348e-06
5.000000000000000000e-01 9.901960784313724728e-01 1.269357705001269120e-02 4.107142857142856984e-01 6.587615283267457544e-02 2.717391304347825942e-01 2.717391304347825942e-01 5.055611729019211797e-02 4.349565913321850556e-04 4.349565913321850556e-04 1.207729468599033906e-01 8.946144211844695923e-03 2.717381114168647981e-06 4.349565913321850556e-04 4.349565913321850556e-04 5.000449995500045458e-02 3.749971875210935589e-06 9.999800003999920349e-06 8.400000000000000799e-01 9.994007191370355425e-01 2.498313525945877362e-07 4.435864890297955348e-06
3.750093742969277111e-01 9.901960784313724728e-01 1.269357705001269120e-02 2.321428571428571785e-01 1.165501165501165448e-01 4.807692307692307265e-01 4.807692307692307265e-01 8.944543828264757412e-02 7.695385846646350149e-04 7.695385846646350149e-04 2.136752136752136377e-01 1.582779360557138096e-02 4.807674278913761161e-06 7.695385846646350149e-04 7.695385846646350149e-04 6.667099995666710133e-02 3.749971875210935589e-06 9.999800003999920349e-06 8.400000000000000799e-01 9.994007191370355425e-01 2.498313525945877362e-07 4.435864890297955348e-06
3.750093742969277111e-01 1.405228758169934644e-01 8.944543828264757412e-02 2.321428571428571785e-01 1.165501165501165448e-01 4.807692307692307265e-01 4.807692307692307265e-01 8.944543828264757412e-02 7.695385846646350149e-04 7.695385846646350149e-04 2.136752136752136377e-01 1.582779360557138096e-02 4.807674278913761161e-06 7.695385846646350149e-04 7.695385846646350149e-04 5.000449995500045458e-02 6.250328122539081099e-02 6.667533316000347210e-02 8.400000000000000799e-01 9.994007191370355425e-01 2.498313525945877362e-07 4.435864890297955348e-06
1.875234357423193055e-01 7.287581699346404873e-01 1.724732666436702005e-02 4.107142857142856984e-01 6.587615283267457544e-02 2.717391304347825942e-01 2.717391304347825942e-01 5.055611729019211797e-02 4.349565913321850556e-04 4.349565913321850556e-04 1.207729468599033906e-01 8.946144211844695923e-03 2.717381114168647981e-06 4.349565913321850556e-04 4.349565913321850556e-04 1.666699999666669818e-01 4.500341247440644427e-02 5.000899982000359817e-02 7.319999999999999840e-01 9.994007191370355425e-01 2.498313525945877362e-07 4.435864890297955348e-06
5.000000000000000000e-01 5.000000000000000000e-01 2.513826043237808033e-02 2.321428571428571785e-01 1.165501165501165448e-01 4.807692307692307265e-01 4.807692307692307265e-01 8.944543828264757412e-02 7.695385846646350149e-04 7.695385846646350149e-04 2.136752136752136377e-01 1.582779360557138096e-02 4.807674278913761161e-06 7.695385846646350149e-04 7.695385846646350149e-04 8.333749995833375501e-02 1.250028124789063777e-01 1.000079998400032061e-01 8.799999999999998934e-01 9.994007191370355425e-01 2.498313525945877362e-07 4.435864890297955348e-06
2.500187485938554222e-01 9.901960784313724728e-01 1.269357705001269120e-02 2.321428571428571785e-01 1.165501165501165448e-01 4.807692307692307265e-01 4.807692307692307265e-01 8.944543828264757412e-02 7.695385846646350149e-04 7.695385846646350149e-04 2.136752136752136377e-01 1.582779360557138096e-02 4.807674278913761161e-06 7.695385846646350149e-04 7.695385846646350149e-04 8.333749995833375501e-02 3.749971875210935589e-06 9.999800003999920349e-06 8.400000000000000799e-01 9.994007191370355425e-01 2.498313525945877362e-07 4.435864890297955348e-06
1.750243731720120821e-01 9.901960784313724728e-01 1.269357705001269120e-02 4.107142857142856984e-01 6.587615283267457544e-02 2.717391304347825942e-01 2.717391304347825942e-01 5.055611729019211797e-02 4.349565913321850556e-04 4.349565913321850556e-04 1.207729468599033906e-01 8.946144211844695923e-03 2.717381114168647981e-06 4.349565913321850556e-04 4.349565913321850556e-04 5.000449995500045458e-02 1.000029999775001593e-01 3.334266648000373118e-02 8.400000000000000799e-01 9.994007191370355425e-01 2.498313525945877362e-07 4.435864890297955348e-06
6.249906257030722889e-01 9.901960784313724728e-01 1.269357705001269120e-02 4.107142857142856984e-01 6.587615283267457544e-02 2.717391304347825942e-01 2.717391304347825942e-01 5.055611729019211797e-02 4.349565913321850556e-04 4.349565913321850556e-04 1.207729468599033906e-01 8.946144211844695923e-03 2.717381114168647981e-06 4.349565913321850556e-04 4.349565913321850556e-04 6.667099995666710133e-02 5.000337497468768794e-02 1.667633314000386766e-02 7.319999999999999840e-01 9.994007191370355425e-01 2.498313525945877362e-07 4.435864890297955348e-06
1.250281228907831887e-01 9.901960784313724728e-01 1.269357705001269120e-02 4.107142857142856984e-01 6.587615283267457544e-02 2.717391304347825942e-01 2.717391304347825942e-01 5.055611729019211797e-02 4.349565913321850556e-04 4.349565913321850556e-04 1.207729468599033906e-01 8.946144211844695923e-03 2.717381114168647981e-06 4.349565913321850556e-04 4.349565913321850556e-04 5.000449995500045458e-02 6.250328122539081099e-02 8.334166650000333909e-02 8.400000000000000799e-01 9.994007191370355425e-01 2.498313525945877362e-07 4.435864890297955348e-06
7.499812514061445778e-01 9.248366013071894765e-01 1.359064963305245920e-02 4.107142857142856984e-01 6.587615283267457544e-02 2.717391304347825942e-01 2.717391304347825942e-01 5.055611729019211797e-02 4.349565913321850556e-04 4.349565913321850556e-04 1.207729468599033906e-01 8.946144211844695923e-03 2.717381114168647981e-06 4.349565913321850556e-04 4.349565913321850556e-04 8.333749995833375501e-02 1.250365622257832918e-02 1.000079998400032061e-01 8.400000000000000799e-01 9.994007191370355425e-01 2.498313525945877362e-07 4.435864890297955348e-06
1.375271854610904121e-01 9.901960784313724728e-01 1.269357705001269120e-02 4.107142857142856984e-01 6.587615283267457544e-02 2.717391304347825942e-01 2.717391304347825942e-01 5.055611729019211797e-02 4.349565913321850556e-04 4.349565913321850556e-04 1.207729468599033906e-01 8.946144211844695923e-03 2.717381114168647981e-06 4.349565913321850556e-04 4.349565913321850556e-04 4.167124995416712774e-02 3.749971875210935589e-06 9.999800003999920349e-06 8.400000000000000799e-01 9.994007191370355425e-01 2.498313525945877362e-07 4.435864890297955348e-06
1.875234357423193055e-01 9.901960784313724728e-01 1.269357705001269120e-02 2.321428571428571785e-01 1.165501165501165448e-01 4.807692307692307265e-01 4.807692307692307265e-01 8.944543828264757412e-02 7.695385846646350149e-04 7.695385846646350149e-04 2.136752136752136377e-01 1.582779360557138096e-02 4.807674278913761161e-06 7.695385846646350149e-04 7.695385846646350149e-04 3.333799995333380090e-02 3.749971875210935589e-06 9.999800003999920349e-06 8.799999999999998934e-01 9.994007191370355425e-01 2.498313525945877362e-07 4.435864890297955348e-06
4.375046871484638555e-01 9.248366013071894765e-01 1.359064963305245920e-02 4.107142857142856984e-01 6.587615283267457544e-02 2.717391304347825942e-01 2.717391304347825942e-01 5.055611729019211797e-02 4.349565913321850556e-04 4.349565913321850556e-04 1.207729468599033906e-01 8.946144211844695923e-03 2.717381114168647981e-06 4.349565913321850556e-04 4.349565913321850556e-04 5.833774995583378142e-02 8.750309372679704323e-02 4.000919981600368353e-02 8.400000000000000799e-01 9.994007191370355425e-01 2.498313525945877362e-07 4.435864890297955348e-06
1.500262480313976354e-01 7.941176470588234837e-01 1.582779360557138443e-02 2.321428571428571785e-01 1.165501165501165448e-01 4.807692307692307265e-01 4.807692307692307265e-01 8.944543828264757412e-02 7.695385846646350149e-04 7.695385846646350149e-04 2.136752136752136377e-01 1.582779360557138096e-02 4.807674278913761161e-06 7.695385846646350149e-04 7.695385846646350149e-04 2.166694999716669567e-01 5.000337497468768794e-02 1.333406665200029539e-01 7.319999999999999840e-01 9.994007191370355425e-01 2.498313525945877362e-07 4.435864890297955348e-06
3.750093742969277111e-01 9.901960784313724728e-01 1.269357705001269120e-02 5.892857142857143016e-01 4.591368227731864454e-02 1.893939393939393923e-01 1.893939393939393923e-01 3.523608174770966051e-02 3.031515636557653303e-04 3.031515636557653303e-04 8.417508417508418050e-02 6.235191420376605224e-03 1.893932291693299980e-06 3.031515636557653303e-04 3.031515636557653303e-04 1.667149995166715068e-02 3.749971875210935589e-06 3.334266648000373118e-02 8.400000000000000799e-01 9.994007191370355425e-01 2.498313525945877362e-07 4.435864890297955348e-06
1.125290603204759515e-01 2.712418300653595127e-01 4.633920296570898101e-02 2.321428571428571785e-01 1.165501165501165448e-01 4.807692307692307265e-01 4.807692307692307265e-01 8.944543828264757412e-02 7.695385846646350149e-04 7.695385846646350149e-04 2.136752136752136377e-01 1.582779360557138096e-02 4.807674278913761161e-06 7.695385846646350149e-04 7.695385846646350149e-04 1.333369999633337022e-01 8.125314060144549211e-02 2.166723332200022889e-01 1.199999999999999956e-01 5.992808629644426300e-04 4.166354190102408901e-04 7.397544015386891235e-03
3.750093742969277111e-01 5.000000000000000000e-01 2.513826043237808033e-02 2.321428571428571785e-01 1.165501165501165448e-01 4.807692307692307265e-01 4.807692307692307265e-01 8.944543828264757412e-02 7.695385846646350149e-04 7.695385846646350149e-04 2.136752136752136377e-01 1.582779360557138096e-02 4.807674278913761161e-06 7.695385846646350149e-04 7.695385846646350149e-04 1.666699999666669818e-01 3.749971875210935589e-06 9.999800003999920349e-06 8.400000000000000799e-01 9.994007191370355425e-01 2.498313525945877362e-07 4.435864890297955348e-06
1.875234357423193055e-01 9.901960784313724728e-01 1.269357705001269120e-02 2.321428571428571785e-01 1.165501165501165448e-01 4.807692307692307265e-01 4.807692307692307265e-01 8.944543828264757412e-02 7.695385846646350149e-04 7.695385846646350149e-04 2.136752136752136377e-01 1.582779360557138096e-02 4.807674278913761161e-06 7.695385846646350149e-04 7.695385846646350149e-04 5.000449995500045458e-02 6.253703097226770251e-03 1.667633314000386766e-02 7.319999999999999840e-01 9.994007191370355425e-01 2.498313525945877362e-07 4.435864890297955348e-06
3.750093742969277111e-01 9.901960784313724728e-01 1.269357705001269120e-02 4.107142857142856984e-01 6.587615283267457544e-02 2.717391304347825942e-01 2.717391304347825942e-01 5.055611729019211797e-02 4.349565913321850556e-04 4.349565913321850556e-04 1.207729468599033906e-01 8.946144211844695923e-03 2.717381114168647981e-06 4.349565913321850556e-04 4.349565913321850556e-04 8.333749995833375501e-02 1.250365622257832918e-02 1.334306647200389495e-02 8.400000000000000799e-01 9.994007191370355425e-01 2.498313525945877362e-07 4.435864890297955348e-06
3.125140614453916221e-01 2.385620915032679590e-01 5.268703898840884636e-02 4.107142857142856984e-01 6.587615283267457544e-02 2.717391304347825942e-01 2.717391304347825942e-01 5.055611729019211797e-02 4.349565913321850556e-04 4.349565913321850556e-04 1.207729468599033906e-01 8.946144211844695923e-03 2.717381114168647981e-06 4.349565913321850556e-04 4.349565913321850556e-04 5.833774995583378142e-02 1.250365622257832918e-02 1.000979980400392051e-02 1.199999999999999956e-01 5.992808629644426300e-04 4.166354190102408901e-04 7.397544015386891235e-03
2.125215608829337521e-01 7.941176470588234837e-01 1.582779360557138443e-02 2.321428571428571785e-01 1.165501165501165448e-01 4.807692307692307265e-01 4.807692307692307265e-01 8.944543828264757412e-02 7.695385846646350149e-04 7.695385846646350149e-04 2.136752136752136377e-01 1.582779360557138096e-02 4.807674278913761161e-06 7.695385846646350149e-04 7.695385846646350149e-04 5.000449995500045458e-02 3.749971875210935589e-06 9.999800003999920349e-06 8.400000000000000799e-01 9.994007191370355425e-01 2.498313525945877362e-07 4.435864890297955348e-06
2.500187485938554222e-01 9.901960784313724728e-01 1.269357705001269120e-02 2.321428571428571785e-01 1.165501165501165448e-01 4.807692307692307265e-01 4.807692307692307265e-01 8.944543828264757412e-02 7.695385846646350149e-04 7.695385846646350149e-04 2.136752136752136377e-01 1.582779360557138096e-02 4.807674278913761161e-06 7.695385846646350149e-04 7.695385846646350149e-04 6.667099995666710133e-02 3.749971875210935589e-06 9.999800003999920349e-06 8.400000000000000799e-01 9.994007191370355425e-01 2.498313525945877362e-07 4.435864890297955348e-06
1.000299977501687282e-01 5.000000000000000000e-01 2.513826043237808033e-02 4.107142857142856984e-01 6.587615283267457544e-02 2.717391304347825942e-01 2.717391304347825942e-01 5.055611729019211797e-02 4.349565913321850556e-04 4.349565913321850556e-04 1.207729468599033906e-01 8.946144211844695923e-03 2.717381114168647981e-06 4.349565913321850556e-04 4.349565913321850556e-04 4.167124995416712774e-02 5.000337497468768794e-02 5.000899982000359817e-02 8.799999999999998934e-01 9.994007191370355425e-01 2.498313525945877362e-07 4.435864890297955348e-06
4.375046871484638555e-01 9.901960784313724728e-01 1.269357705001269120e-02 4.107142857142856984e-01 6.587615283267457544e-02 2.717391304347825942e-01 2.717391304347825942e-01 5.055611729019211797e-02 4.349565913321850556e-04 4.349565913321850556e-04 1.207729468599033906e-01 8.946144211844695923e-03 2.717381114168647981e-06 4.349565913321850556e-04 4.349565913321850556e-04 8.333749995833375501e-02 2.500018749859375666e-01 1.666733332000026879e-01 8.400000000000000799e-01 9.994007191370355425e-01 2.498313525945877362e-07 4.435864890297955348e-06
1.250281228907831887e-01 9.901960784313724728e-01 1.269357705001269120e-02 4.107142857142856984e-01 6.587615283267457544e-02 2.717391304347825942e-01 2.717391304347825942e-01 5.055611729019211797e-02 4.349565913321850556e-04 4.349565913321850556e-04 1.207729468599033906e-01 8.946144211844695923e-03 2.717381114168647981e-06 4.349565913321850556e-04 4.349565913321850556e-04 1.666699999666669818e-01 2.500356247328144876e-02 1.667633314000386766e-02 8.799999999999998934e-01 9.994007191370355425e-01 2.498313525945877362e-07 4.435864890297955348e-06
5.000000000000000000e-01 9.901960784313724728e-01 1.269357705001269120e-02 4.107142857142856984e-01 6.587615283267457544e-02 2.717391304347825942e-01 2.717391304347825942e-01 5.055611729019211797e-02 4.349565913321850556e-04 4.349565913321850556e-04 1.207729468599033906e-01 8.946144211844695923e-03 2.717381114168647981e-06 4.349565913321850556e-04 4.349565913321850556e-04 4.166674999916667455e-01 2.500018749859375666e-01 2.000059998800024219e-01 8.400000000000000799e-01 9.994007191370355425e-01 2.498313525945877362e-07 4.435864890297955348e-06
3.750093742969277111e-01 1.078431372549019523e-01 1.165501165501165448e-01 2.321428571428571785e-01 1.165501165501165448e-01 4.807692307692307265e-01 4.807692307692307265e-01 8.944543828264757412e-02 7.695385846646350149e-04 7.695385846646350149e-04 2.136752136752136377e-01 1.582779360557138096e-02 4.807674278913761161e-06 7.695385846646350149e-04 7.695385846646350149e-04 5.000449995500045458e-02 3.749971875210935589e-06 9.999800003999920349e-06 8.400000000000000799e-01 9.994007191370355425e-01 2.498313525945877362e-07 4.435864890297955348e-06
5.000000000000000000e-01 9.901960784313724728e-01 1.269357705001269120e-02 4.107142857142856984e-01 6.587615283267457544e-02 2.717391304347825942e-01 2.717391304347825942e-01 5.055611729019211797e-02 4.349565913321850556e-04 4.349565913321850556e-04 1.207729468599033906e-01 8.946144211844695923e-03 2.717381114168647981e-06 4.349565913321850556e-04 4.349565913321850556e-04 1.083372499608337286e-01 3.749971875210935589e-06 1.666733332000026879e-01 8.799999999999998934e-01 9.994007191370355425e-01 2.498313525945877362e-07 4.435864890297955348e-06
2.250206234532410032e-01 5.000000000000000000e-01 2.513826043237808033e-02 2.321428571428571785e-01 1.165501165501165448e-01 4.807692307692307265e-01 4.807692307692307265e-01 8.944543828264757412e-02 7.695385846646350149e-04 7.695385846646350149e-04 2.136752136752136377e-01 1.582779360557138096e-02 4.807674278913761161e-06 7.695385846646350149e-04 7.695385846646350149e-04 8.333749995833375501e-02 3.749971875210935589e-06 9.999800003999920349e-06 8.400000000000000799e-01 9.994007191370355425e-01 2.498313525945877362e-07 4.435864890297955348e-06
5.000000000000000000e-01 5.000000000000000000e-01 2.513826043237808033e-02 4.107142857142856984e-01 6.587615283267457544e-02 2.717391304347825942e-01 2.717391304347825942e-01 5.055611729019211797e-02 4.349565913321850556e-04 4.349565913321850556e-04 1.207729468599033906e-01 8.946144211844695923e-03 2.717381114168647981e-06 4.349565913321850556e-04 4.349565913321850556e-04 1.666699999666669818e-01 6.250328122539081099e-02 1.667633314000386766e-02 8.799999999999998934e-01 9.994007191370355425e-01 2.498313525945877362e-07 4.435864890297955348e-06
1.250281228907831887e-01 3.366013071895425091e-01 3.734129947722180515e-02 2.321428571428571785e-01 1.165501165501165448e-01 4.807692307692307265e-01 4.807692307692307265e-01 8.944543828264757412e-02 7.695385846646350149e-04 7.695385846646350149e-04 2.136752136752136377e-01 1.582779360557138096e-02 4.807674278913761161e-06 7.695385846646350149e-04 7.695385846646350149e-04 1.166704999616670624e-01 5.625332810003924600e-02 5.000899982000359817e-02 8.799999999999998934e-01 9.994007191370355425e-01 2.498313525945877362e-07 4.435864890297955348e-06
3.125140614453916221e-01 9.901960784313724728e-01 1.269357705001269120e-02 2.321428571428571785e-01 1.165501165501165448e-01 4.807692307692307265e-01 4.807692307692307265e-01 8.944543828264757412e-02 7.695385846646350149e-04 7.695385846646350149e-04 2.136752136752136377e-01 1.582779360557138096e-02 4.807674278913761161e-06 7.695385846646350149e-04 7.695385846646350149e-04 8.333749995833375501e-02 3.750009374929687556e-01 1.000079998400032061e-01 8.400000000000000799e-01 9.994007191370355425e-01 2.498313525945877362e-07 4.435864890297955348e-06
5.000000000000000000e-01 4.673202614379085018e-01 2.689618074233458486e-02 4.107142857142856984e-01 6.587615283267457544e-02 2.717391304347825942e-01 2.717391304347825942e-01 5.055611729019211797e-02 4.349565913321850556e-04 4.349565913321850556e-04 1.207729468599033906e-01 8.946144211844695923e-03 2.717381114168647981e-06 4.349565913321850556e-04 4.349565913321850556e-04 2.166694999716669567e-01 3.749971875210935589e-06 2.000959980800384036e-02 8.400000000000000799e-01 9.994007191370355425e-01 2.498313525945877362e-07 4.435864890297955348e-06
3.750093742969277111e-01 9.901960784313724728e-01 1.269357705001269120e-02 2.321428571428571785e-01 1.165501165501165448e-01 4.807692307692307265e-01 4.807692307692307265e-01 8.944543828264757412e-02 7.695385846646350149e-04 7.695385846646350149e-04 2.136752136752136377e-01 1.582779360557138096e-02 4.807674278913761161e-06 7.695385846646350149e-04 7.695385846646350149e-04 3.333799995333380090e-02 3.749971875210935589e-06 9.999800003999920349e-06 8.400000000000000799e-01 9.994007191370355425e-01 2.498313525945877362e-07 4.435864890297955348e-06
1.250281228907831887e-01 4.673202614379085018e-01 2.689618074233458486e-02 2.321428571428571785e-01 1.165501165501165448e-01 4.807692307692307265e-01 4.807692307692307265e-01 8.944543828264757412e-02 7.695385846646350149e-04 7.695385846646350149e-04 2.136752136752136377e-01 1.582779360557138096e-02 4.807674278913761161e-06 7.695385846646350149e-04 7.695385846646350149e-04 6.667099995666710133e-02 3.749971875210935589e-06 9.999800003999920349e-06 8.400000000000000799e-01 9.994007191370355425e-01 2.498313525945877362e-07 4.435864890297955348e-06
1.750243731720120821e-01 4.019607843137255054e-01 3.126954346466541412e-02 5.892857142857143016e-01 4.591368227731864454e-02 1.893939393939393923e-01 1.893939393939393923e-01 3.523608174770966051e-02 3.031515636557653303e-04 3.031515636557653303e-04 8.417508417508418050e-02 6.235191420376605224e-03 1.893932291693299980e-06 3.031515636557653303e-04 3.031515636557653303e-04 7.500424995750043511e-02 9.375304685214860823e-02 3.334266648000373118e-02 1.199999999999999956e-01 5.992808629644426300e-04 4.166354190102408901e-04 7.397544015386891235e-03
1.250281228907831887e-01 5.000000000000000000e-01 2.513826043237808033e-02 4.107142857142856984e-01 6.587615283267457544e-02 2.717391304347825942e-01 2.717391304347825942e-01 5.055611729019211797e-02 4.349565913321850556e-04 4.349565913321850556e-04 1.207729468599033906e-01 8.946144211844695923e-03 2.717381114168647981e-06 4.349565913321850556e-04 4.349565913321850556e-04 6.667099995666710133e-02 1.875360934792988724e-02 1.000979980400392051e-02 8.400000000000000799e-01 9.994007191370355425e-01 2.498313525945877362e-07 4.435864890297955348e-06
3.000149988750843710e-01 3.366013071895425091e-01 3.734129947722180515e-02 4.107142857142856984e-01 6.587615283267457544e-02 2.717391304347825942e-01 2.717391304347825942e-01 5.055611729019211797e-02 4.349565913321850556e-04 4.349565913321850556e-04 1.207729468599033906e-01 8.946144211844695923e-03 2.717381114168647981e-06 4.349565913321850556e-04 4.349565913321850556e-04 2.166694999716669567e-01 1.875023437324219722e-01 5.000899982000359817e-02 8.400000000000000799e-01 9.994007191370355425e-01 2.498313525945877362e-07 4.435864890297955348e-06
1.250281228907831887e-01 7.287581699346404873e-01 1.724732666436702005e-02 2.321428571428571785e-01 1.165501165501165448e-01 4.807692307692307265e-01 4.807692307692307265e-01 8.944543828264757412e-02 7.695385846646350149e-04 7.695385846646350149e-04 2.136752136752136377e-01 1.582779360557138096e-02 4.807674278913761161e-06 7.695385846646350149e-04 7.695385846646350149e-04 6.667099995666710133e-02 7.500318747609392711e-02 4.667573315200362893e-02 6.919999999999999485e-01 9.994007191370355425e-01 2.498313525945877362e-07 4.435864890297955348e-06
2.500187485938554222e-01 9.901960784313724728e-01 1.269357705001269120e-02 4.107142857142856984e-01 6.587615283267457544e-02 2.717391304347825942e-01 2.717391304347825942e-01 5.055611729019211797e-02 4.349565913321850556e-04 4.349565913321850556e-04 1.207729468599033906e-01 8.946144211844695923e-03 2.717381114168647981e-06 4.349565913321850556e-04 4.349565913321850556e-04 5.000449995500045458e-02 2.500018749859375666e-01 1.333406665200029539e-01 8.400000000000000799e-01 9.994007191370355425e-01 2.498313525945877362e-07 4.435864890297955348e-06
4.375046871484638555e-01 9.901960784313724728e-01 1.269357705001269120e-02 2.321428571428571785e-01 1.165501165501165448e-01 4.807692307692307265e-01 4.807692307692307265e-01 8.944543828264757412e-02 7.695385846646350149e-04 7.695385846646350149e-04 2.136752136752136377e-01 1.582779360557138096e-02 4.807674278913761161e-06 7.695385846646350149e-04 7.695385846646350149e-04 5.833774995583378142e-02 3.749971875210935589e-06 9.999800003999920349e-06 8.799999999999998934e-01 9.994007191370355425e-01 2.498313525945877362e-07 4.435864890297955348e-06
1.875234357423193055e-01 5.980392156862744946e-01 2.101723413198822860e-02 4.107142857142856984e-01 6.587615283267457544e-02 2.717391304347825942e-01 2.717391304347825942e-01 5.055611729019211797e-02 4.349565913321850556e-04 4.349565913321850556e-04 1.207729468599033906e-01 8.946144211844695923e-03 2.717381114168647981e-06 4.349565913321850556e-04 4.349565913321850556e-04 1.000039999600004087e-01 3.749971875210935589e-06 9.999800003999920349e-06 8.400000000000000799e-01 9.994007191370355425e-01 2.498313525945877362e-07 4.435864890297955348e-06
3.750093742969277111e-01 4.019607843137255054e-01 3.126954346466541412e-02 2.321428571428571785e-01 1.165501165501165448e-01 4.807692307692307265e-01 4.807692307692307265e-01 8.944543828264757412e-02 7.695385846646350149e-04 7.695385846646350149e-04 2.136752136752136377e-01 1.582779360557138096e-02 4.807674278913761161e-06 7.695385846646350149e-04 7.695385846646350149e-04 8.333749995833375501e-02 3.750346872398457182e-02 1.667633314000386766e-02 8.400000000000000799e-01 9.994007191370355425e-01 2.498313525945877362e-07 4.435864890297955348e-06
4.375046871484638555e-01 9.901960784313724728e-01 1.269357705001269120e-02 2.321428571428571785e-01 1.165501165501165448e-01 4.807692307692307265e-01 4.807692307692307265e-01 8.944543828264757412e-02 7.695385846646350149e-04 7.695385846646350149e-04 2.136752136752136377e-01 1.582779360557138096e-02 4.807674278913761161e-06 7.695385846646350149e-04 7.695385846646350149e-04 1.666699999666669818e-01 1.875023437324219722e-01 1.666733332000026879e-01 8.400000000000000799e-01 9.994007191370355425e-01 2.498313525945877362e-07 4.435864890297955348e-06
2.500187485938554222e-01 5.000000000000000000e-01 2.513826043237808033e-02 2.321428571428571785e-01 1.165501165501165448e-01 4.807692307692307265e-01 4.807692307692307265e-01 8.944543828264757412e-02 7.695385846646350149e-04 7.695385846646350149e-04 2.136752136752136377e-01 1.582779360557138096e-02 4.807674278913761161e-06 7.695385846646350149e-04 7.695385846646350149e-04 1.000039999600004087e-01 1.837861216040879639e-02 3.343266468003973368e-03 8.799999999999998934e-01 9.994007191370355425e-01 2.498313525945877362e-07 4.435864890297955348e-06
5.000000000000000000e-01 5.326797385620914982e-01 2.359603586597451563e-02 2.321428571428571785e-01 1.165501165501165448e-01 4.807692307692307265e-01 4.807692307692307265e-01 8.944543828264757412e-02 7.695385846646350149e-04 7.695385846646350149e-04 2.136752136752136377e-01 1.582779360557138096e-02 4.807674278913761161e-06 7.695385846646350149e-04 7.695385846646350149e-04 6.667099995666710133e-02 6.875323435074236211e-02 1.000079998400032061e-01 8.400000000000000799e-01 9.994007191370355425e-01 2.498313525945877362e-07 4.435864890297955348e-06
1.875234357423193055e-01 9.901960784313724728e-01 1.269357705001269120e-02 2.321428571428571785e-01 1.165501165501165448e-01 4.807692307692307265e-01 4.807692307692307265e-01 8.944543828264757412e-02 7.695385846646350149e-04 7.695385846646350149e-04 2.136752136752136377e-01 1.582779360557138096e-02 4.807674278913761161e-06 7.695385846646350149e-04 7.695385846646350149e-04 5.833774995583378142e-02 5.000337497468768794e-02 1.667633314000386766e-02 8.799999999999998934e-01 9.994007191370355425e-01 2.498313525945877362e-07 4.435864890297955348e-06
1.375271854610904121e-01 6.633986928104574909e-01 1.894657067070859915e-02 2.321428571428571785e-01 1.165501165501165448e-01 4.807692307692307265e-01 4.807692307692307265e-01 8.944543828264757412e-02 7.695385846646350149e-04 7.695385846646350149e-04 2.136752136752136377e-01 1.582779360557138096e-02 4.807674278913761161e-06 7.695385846646350149e-04 7.695385846646350149e-04 8.333749995833375501e-02 3.749971875210935589e-06 9.999800003999920349e-06 8.400000000000000799e-01 9.994007191370355425e-01 2.498313525945877362e-07 4.435864890297955348e-06
4.687523435742319555e-01 9.901960784313724728e-01 1.269357705001269120e-02 2.321428571428571785e-01 1.165501165501165448e-01 4.807692307692307265e-01 4.807692307692307265e-01 8.944543828264757412e-02 7.695385846646350149e-04 7.695385846646350149e-04 2.136752136752136377e-01 1.582779360557138096e-02 4.807674278913761161e-06 7.695385846646350149e-04 7.695385846646350149e-04 8.333749995833375501e-02 2.500356247328144876e-02 6.667533316000347210e-02 8.400000000000000799e-01 9.994007191370355425e-01 2.498313525945877362e-07 4.435864890297955348e-06
6.253281003924705816e-02 2.058823529411764608e-01 6.105006105006104133e-02 2.321428571428571785e-01 1.165501165501165448e-01 4.807692307692307265e-01 4.807692307692307265e-01 8.944543828264757412e-02 7.695385846646350149e-04 7.695385846646350149e-04 2.136752136752136377e-01 1.582779360557138096e-02 4.807674278913761161e-06 7.695385846646350149e-04 7.695385846646350149e-04 4.167124995416712774e-02 3.749971875210935589e-06 9.999800003999920349e-06 8.400000000000000799e-01 9.994007191370355425e-01 2.498313525945877362e-07 4.435864890297955348e-06
2.125215608829337521e-01 1.405228758169934644e-01 8.944543828264757412e-02 2.321428571428571785e-01 1.165501165501165448e-01 4.807692307692307265e-01 4.807692307692307265e-01 8.944543828264757412e-02 7.695385846646350149e-04 7.695385846646350149e-04 2.136752136752136377e-01 1.582779360557138096e-02 4.807674278913761161e-06 7.695385846646350149e-04 7.695385846646350149e-04 1.083372499608337286e-01 2.500356247328144876e-02 1.667633314000386766e-02 8.400000000000000799e-01 9.994007191370355425e-01 2.498313525945877362e-07 4.435864890297955348e-06
4.375046871484638555e-01 9.901960784313724728e-01 1.269357705001269120e-02 4.107142857142856984e-01 6.587615283267457544e-02 2.717391304347825942e-01 2.717391304347825942e-01 5.055611729019211797e-02 4.349565913321850556e-04 4.349565913321850556e-04 1.207729468599033906e-01 8.946144211844695923e-03 2.717381114168647981e-06 4.349565913321850556e-04 4.349565913321850556e-04 1.166704999616670624e-01 3.749971875210935589e-06 9.999800003999920349e-06 8.400000000000000799e-01 9.994007191370355425e-01 2.498313525945877362e-07 4.435864890297955348e-06
1.250281228907831887e-01 9.901960784313724728e-01 1.269357705001269120e-02 2.321428571428571785e-01 1.165501165501165448e-01 4.807692307692307265e-01 4.807692307692307265e-01 8.944543828264757412e-02 7.695385846646350149e-04 7.695385846646350149e-04 2.136752136752136377e-01 1.582779360557138096e-02 4.807674278913761161e-06 7.695385846646350149e-04 7.695385846646350149e-04 4.167124995416712774e-02 3.749971875210935589e-06 9.999800003999920349e-06 8.400000000000000799e-01 9.994007191370355425e-01 2.498313525945877362e-07 4.435864890297955348e-06
1.250281228907831887e-01 6.307189542483659928e-01 1.992825827022718169e-02 4.107142857142856984e-01 6.587615283267457544e-02 2.717391304347825942e-01 2.717391304347825942e-01 5.055611729019211797e-02 4.349565913321850556e-04 4.349565913321850556e-04 1.207729468599033906e-01 8.946144211844695923e-03 2.717381114168647981e-06 4.349565913321850556e-04 4.349565913321850556e-04 2.000029999700002892e-01 3.750346872398457182e-02 1.500969980600388130e-02 6.919999999999999485e-01 9.994007191370355425e-01 2.498313525945877362e-07 4.435864890297955348e-06
1.875234357423193055e-01 6.633986928104574909e-01 1.894657067070859915e-02 2.321428571428571785e-01 1.165501165501165448e-01 4.807692307692307265e-01 4.807692307692307265e-01 8.944543828264757412e-02 7.695385846646350149e-04 7.695385846646350149e-04 2.136752136752136377e-01 1.582779360557138096e-02 4.807674278913761161e-06 7.695385846646350149e-04 7.695385846646350149e-04 5.000449995500045458e-02 3.749971875210935589e-06 9.999800003999920349e-06 8.799999999999998934e-01 9.994007191370355425e-01 2.498313525945877362e-07 4.435864890297955348e-06
5.000000000000000000e-01 9.901960784313724728e-01 1.269357705001269120e-02 2.321428571428571785e-01 1.165501165501165448e-01 4.807692307692307265e-01 4.807692307692307265e-01 8.944543828264757412e-02 7.695385846646350149e-04 7.695385846646350149e-04 2.136752136752136377e-01 1.582779360557138096e-02 4.807674278913761161e-06 7.695385846646350149e-04 7.695385846646350149e-04 4.167124995416712774e-02 3.749971875210935589e-06 9.999800003999920349e-06 8.799999999999998934e-01 9.994007191370355425e-01 2.498313525945877362e-07 4.435864890297955348e-06
3.125140614453916221e-01 9.901960784313724728e-01 1.269357705001269120e-02 2.321428571428571785e-01 1.165501165501165448e-01 4.807692307692307265e-01 4.807692307692307265e-01 8.944543828264757412e-02 7.695385846646350149e-04 7.695385846646350149e-04 2.136752136752136377e-01 1.582779360557138096e-02 4.807674278913761161e-06 7.695385846646350149e-04 7.695385846646350149e-04 8.333749995833375501e-02 8.750309372679704323e-02 2.167623314200382498e-02 8.799999999999998934e-01 9.994007191370355425e-01 2.498313525945877362e-07 4.435864890297955348e-06
3.125140614453916221e-01 9.901960784313724728e-01 1.269357705001269120e-02 5.892857142857143016e-01 4.591368227731864454e-02 1.893939393939393923e-01 1.893939393939393923e-01 3.523608174770966051e-02 3.031515636557653303e-04 3.031515636557653303e-04 8.417508417508418050e-02 6.235191420376605224e-03 1.893932291693299980e-06 3.031515636557653303e-04 3.031515636557653303e-04 8.333749995833375501e-02 3.749971875210935589e-06 9.999800003999920349e-06 8.400000000000000799e-01 9.994007191370355425e-01 2.498313525945877362e-07 4.435864890297955348e-06
1.750243731720120821e-01 4.019607843137255054e-01 3.126954346466541412e-02 2.321428571428571785e-01 1.165501165501165448e-01 4.807692307692307265e-01 4.807692307692307265e-01 8.944543828264757412e-02 7.695385846646350149e-04 7.695385846646350149e-04 2.136752136752136377e-01 1.582779360557138096e-02 4.807674278913761161e-06 7.695385846646350149e-04 7.695385846646350149e-04 1.083372499608337286e-01 7.500318747609392711e-02 2.667613314400378577e-02 1.199999999999999956e-01 5.992808629644426300e-04 4.166354190102408901e-04 7.397544015386891235e-03
1.250281228907831887e-01 5.000000000000000000e-01 2.513826043237808033e-02 2.321428571428571785e-01 1.165501165501165448e-01 4.807692307692307265e-01 4.807692307692307265e-01 8.944543828264757412e-02 7.695385846646350149e-04 7.695385846646350149e-04 2.136752136752136377e-01 1.582779360557138096e-02 4.807674278913761161e-06 7.695385846646350149e-04 7.695385846646350149e-04 6.667099995666710133e-02 2.500356247328144876e-02 1.666733332000026879e-01 8.400000000000000799e-01 9.994007191370355425e-01 2.498313525945877362e-07 4.435864890297955348e-06
6.253281003924705816e-02 1.732026143790849626e-01 7.256894049346879205e-02 2.321428571428571785e-01 1.165501165501165448e-01 4.807692307692307265e-01 4.807692307692307265e-01 8.944543828264757412e-02 7.695385846646350149e-04 7.695385846646350149e-04 2.136752136752136377e-01 1.582779360557138096e-02 4.807674278913761161e-06 7.695385846646350149e-04 7.695385846646350149e-04 4.167124995416712774e-02 3.749971875210935589e-06 9.999800003999920349e-06 8.400000000000000799e-01 9.994007191370355425e-01 2.498313525945877362e-07 4.435864890297955348e-06
5.000000000000000000e-01 4.673202614379085018e-01 2.689618074233458486e-02 4.107142857142856984e-01 6.587615283267457544e-02 2.717391304347825942e-01 2.717391304347825942e-01 5.055611729019211797e-02 4.349565913321850556e-04 4.349565913321850556e-04 1.207729468599033906e-01 8.946144211844695923e-03 2.717381114168647981e-06 4.349565913321850556e-04 4.349565913321850556e-04 1.666699999666669818e-01 6.249990625070311889e-01 1.666733332000026879e-01 6.919999999999999485e-01 9.994007191370355425e-01 2.498313525945877362e-07 4.435864890297955348e-06
1.875234357423193055e-01 9.901960784313724728e-01 1.269357705001269120e-02 2.321428571428571785e-01 1.165501165501165448e-01 4.807692307692307265e-01 4.807692307692307265e-01 8.944543828264757412e-02 7.695385846646350149e-04 7.695385846646350149e-04 2.136752136752136377e-01 1.582779360557138096e-02 4.807674278913761161e-06 7.695385846646350149e-04 7.695385846646350149e-04 2.000029999700002892e-01 6.250328122539081099e-02 1.666733332000026879e-01 6.919999999999999485e-01 9.994007191370355425e-01 2.498313525945877362e-07 4.435864890297955348e-06
1.875234357423193055e-01 3.366013071895425091e-01 3.734129947722180515e-02 4.107142857142856984e-01 6.587615283267457544e-02 2.717391304347825942e-01 2.717391304347825942e-01 5.055611729019211797e-02 4.349565913321850556e-04 4.349565913321850556e-04 1.207729468599033906e-01 8.946144211844695923e-03 2.717381114168647981e-06 4.349565913321850556e-04 4.349565913321850556e-04 1.000039999600004087e-01 3.749971875210935589e-06 3.334266648000373118e-02 1.199999999999999956e-01 5.992808629644426300e-04 4.166354190102408901e-04 7.397544015386891235e-03
3.125140614453916221e-01 9.901960784313724728e-01 1.269357705001269120e-02 5.892857142857143016e-01 4.591368227731864454e-02 1.893939393939393923e-01 1.893939393939393923e-01 3.523608174770966051e-02 3.031515636557653303e-04 3.031515636557653303e-04 8.417508417508418050e-02 6.235191420376605224e-03 1.893932291693299980e-06 3.031515636557653303e-04 3.031515636557653303e-04 5.000449995500045458e-02 3.750009374929687556e-01 1.333406665200029539e-01 8.400000000000000799e-01 9.994007191370355425e-01 2.498313525945877362e-07 4.435864890297955348e-06
1.250281228907831887e-01 9.901960784313724728e-01 1.269357705001269120e-02 2.321428571428571785e-01 1.165501165501165448e-01 4.807692307692307265e-01 4.807692307692307265e-01 8.944543828264757412e-02 7.695385846646350149e-04 7.695385846646350149e-04 2.136752136752136377e-01 1.582779360557138096e-02 4.807674278913761161e-06 7.695385846646350149e-04 7.695385846646350149e-04 5.333779995533378254e-02 1.562863278525410821e-02 1.267641313840390041e-02 8.400000000000000799e-01 9.994007191370355425e-01 2.498313525945877362e-07 4.435864890297955348e-06
2.875159363047771754e-01 5.980392156862744946e-01 2.101723413198822860e-02 2.321428571428571785e-01 1.165501165501165448e-01 4.807692307692307265e-01 4.807692307692307265e-01 8.944543828264757412e-02 7.695385846646350149e-04 7.695385846646350149e-04 2.136752136752136377e-01 1.582779360557138096e-02 4.807674278913761161e-06 7.695385846646350149e-04 7.695385846646350149e-04 6.667099995666710133e-02 3.749971875210935589e-06 9.999800003999920349e-06 8.400000000000000799e-01 9.994007191370355425e-01 2.498313525945877362e-07 4.435864890297955348e-06
4.375046871484638555e-01 9.901960784313724728e-01 1.269357705001269120e-02 2.321428571428571785e-01 1.165501165501165448e-01 4.807692307692307265e-01 4.807692307692307265e-01 8.944543828264757412e-02 7.695385846646350149e-04 7.695385846646350149e-04 2.136752136752136377e-01 1.582779360557138096e-02 4.807674278913761161e-06 7.695385846646350149e-04 7.695385846646350149e-04 6.667099995666710133e-02 5.000337497468768794e-02 5.000899982000359817e-02 8.400000000000000799e-01 9.994007191370355425e-01 2.498313525945877362e-07 4.435864890297955348e-06
1.875234357423193055e-01 2.058823529411764608e-01 6.105006105006104133e-02 4.107142857142856984e-01 6.587615283267457544e-02 2.717391304347825942e-01 2.717391304347825942e-01 5.055611729019211797e-02 4.349565913321850556e-04 4.349565913321850556e-04 1.207729468599033906e-01 8.946144211844695923e-03 2.717381114168647981e-06 4.349565913321850556e-04 4.349565913321850556e-04 2.500474995250047405e-02 3.749971875210935589e-06 9.999800003999920349e-06 6.520000000000000240e-01 9.994007191370355425e-01 2.498313525945877362e-07 4.435864890297955348e-06
4.375046871484638555e-01 9.901960784313724728e-01 1.269357705001269120e-02 5.892857142857143016e-01 4.591368227731864454e-02 1.893939393939393923e-01 1.893939393939393923e-01 3.523608174770966051e-02 3.031515636557653303e-04 3.031515636557653303e-04 8.417508417508418050e-02 6.235191420376605224e-03 1.893932291693299980e-06 3.031515636557653303e-04 3.031515636557653303e-04 8.333749995833375501e-02 1.000029999775001593e-01 6.667533316000347210e-02 7.319999999999999840e-01 9.994007191370355425e-01 2.498313525945877362e-07 4.435864890297955348e-06
6.249906257030722889e-01 9.901960784313724728e-01 1.269357705001269120e-02 4.107142857142856984e-01 6.587615283267457544e-02 2.717391304347825942e-01 2.717391304347825942e-01 5.055611729019211797e-02 4.349565913321850556e-04 4.349565913321850556e-04 1.207729468599033906e-01 8.946144211844695923e-03 2.717381114168647981e-06 4.349565913321850556e-04 4.349565913321850556e-04 3.333349999833334909e-01 3.125014062394531611e-01 1.666733332000026879e-01 8.400000000000000799e-01 9.994007191370355425e-01 2.498313525945877362e-07 4.435864890297955348e-06
2.500187485938554222e-01 6.960784313725489891e-01 1.805706031058143535e-02 7.678571428571429047e-01 3.523608174770965357e-02 1.453488372093023062e-01 1.453488372093023062e-01 2.704164413196322517e-02 2.326512000148896664e-04 2.326512000148896664e-04 6.459948320413436140e-02 4.785146904009952504e-03 1.453482921532067475e-06 2.326512000148896664e-04 2.326512000148896664e-04 6.667099995666710133e-02 1.250365622257832918e-02 1.667633314000386766e-02 8.400000000000000799e-01 9.994007191370355425e-01 2.498313525945877362e-07 4.435864890297955348e-06
6.249906257030722889e-01 1.732026143790849626e-01 7.256894049346879205e-02 2.321428571428571785e-01 1.165501165501165448e-01 4.807692307692307265e-01 4.807692307692307265e-01 8.944543828264757412e-02 7.695385846646350149e-04 7.695385846646350149e-04 2.136752136752136377e-01 1.582779360557138096e-02 4.807674278913761161e-06 7.695385846646350149e-04 7.695385846646350149e-04 3.333349999833334909e-01 3.749971875210935589e-06 9.999800003999920349e-06 8.400000000000000799e-01 9.994007191370355425e-01 2.498313525945877362e-07 4.435864890297955348e-06
3.750093742969277111e-01 5.653594771241829964e-01 2.223210315695864706e-02 5.892857142857143016e-01 4.591368227731864454e-02 1.893939393939393923e-01 1.893939393939393923e-01 3.523608174770966051e-02 3.031515636557653303e-04 3.031515636557653303e-04 8.417508417508418050e-02 6.235191420376605224e-03 1.893932291693299980e-06 3.031515636557653303e-04 3.031515636557653303e-04 3.333799995333380090e-02 3.749971875210935589e-06 9.999800003999920349e-06 8.400000000000000799e-01 9.994007191370355425e-01 2.498313525945877362e-07 4.435864890297955348e-06
4.375046871484638555e-01 9.901960784313724728e-01 1.269357705001269120e-02 4.107142857142856984e-01 6.587615283267457544e-02 2.717391304347825942e-01 2.717391304347825942e-01 5.055611729019211797e-02 4.349565913321850556e-04 4.349565913321850556e-04 1.207729468599033906e-01 8.946144211844695923e-03 2.717381114168647981e-06 4.349565913321850556e-04 4.349565913321850556e-04 8.333749995833375501e-02 1.250028124789063777e-01 1.000079998400032061e-01 8.400000000000000799e-01 9.994007191370355425e-01 2.498313525945877362e-07 4.435864890297955348e-06
2.500187485938554222e-01 4.673202614379085018e-01 2.689618074233458486e-02 5.892857142857143016e-01 4.591368227731864454e-02 1.893939393939393923e-01 1.893939393939393923e-01 3.523608174770966051e-02 3.031515636557653303e-04 3.031515636557653303e-04 8.417508417508418050e-02 6.235191420376605224e-03 1.893932291693299980e-06 3.031515636557653303e-04 3.031515636557653303e-04 9.333739995933373890e-02 3.750346872398457182e-02 9.999800003999920349e-06 1.199999999999999956e-01 5.992808629644426300e-04 4.166354190102408901e-04 7.397544015386891235e-03
1.250281228907831887e-01 4.673202614379085018e-01 2.689618074233458486e-02 5.892857142857143016e-01 4.591368227731864454e-02 1.893939393939393923e-01 1.893939393939393923e-01 3.523608174770966051e-02 3.031515636557653303e-04 3.031515636557653303e-04 8.417508417508418050e-02 6.235191420376605224e-03 1.893932291693299980e-06 3.031515636557653303e-04 3.031515636557653303e-04 6.667099995666710133e-02 6.250328122539081099e-02 6.667533316000347210e-02 8.799999999999998934e-01 9.994007191370355425e-01 2.498313525945877362e-07 4.435864890297955348e-06
4.375046871484638555e-01 5.000000000000000000e-01 2.513826043237808033e-02 2.321428571428571785e-01 1.165501165501165448e-01 4.807692307692307265e-01 4.807692307692307265e-01 8.944543828264757412e-02 7.695385846646350149e-04 7.695385846646350149e-04 2.136752136752136377e-01 1.582779360557138096e-02 4.807674278913761161e-06 7.695385846646350149e-04 7.695385846646350149e-04 6.667099995666710133e-02 3.750346872398457182e-02 1.667633314000386766e-02 8.799999999999998934e-01 9.994007191370355425e-01 2.498313525945877362e-07 4.435864890297955348e-06
5.624953128515360889e-01 5.653594771241829964e-01 2.223210315695864706e-02 5.892857142857143016e-01 4.591368227731864454e-02 1.893939393939393923e-01 1.893939393939393923e-01 3.523608174770966051e-02 3.031515636557653303e-04 3.031515636557653303e-04 8.417508417508418050e-02 6.235191420376605224e-03 1.893932291693299980e-06 3.031515636557653303e-04 3.031515636557653303e-04 1.000039999600004087e-01 1.500363747271895275e-02 4.000919981600368353e-02 8.400000000000000799e-01 9.994007191370355425e-01 2.498313525945877362e-07 4.435864890297955348e-06
4.375046871484638555e-01 7.941176470588234837e-01 1.582779360557138443e-02 2.321428571428571785e-01 1.165501165501165448e-01 4.807692307692307265e-01 4.807692307692307265e-01 8.944543828264757412e-02 7.695385846646350149e-04 7.695385846646350149e-04 2.136752136752136377e-01 1.582779360557138096e-02 4.807674278913761161e-06 7.695385846646350149e-04 7.695385846646350149e-04 6.667099995666710133e-02 1.000029999775001593e-01 3.334266648000373118e-02 8.400000000000000799e-01 9.994007191370355425e-01 2.498313525945877362e-07 4.435864890297955348e-06
1.250281228907831887e-01 9.901960784313724728e-01 1.269357705001269120e-02 2.321428571428571785e-01 1.165501165501165448e-01 4.807692307692307265e-01 4.807692307692307265e-01 8.944543828264757412e-02 7.695385846646350149e-04 7.695385846646350149e-04 2.136752136752136377e-01 1.582779360557138096e-02 4.807674278913761161e-06 7.695385846646350149e-04 7.695385846646350149e-04 1.333369999633337022e-01 1.250028124789063777e-01 3.334266648000373118e-02 8.400000000000000799e-01 9.994007191370355425e-01 2.498313525945877362e-07 4.435864890297955348e-06
4.375046871484638555e-01 9.901960784313724728e-01 1.269357705001269120e-02 7.678571428571429047e-01 3.523608174770965357e-02 1.453488372093023062e-01 1.453488372093023062e-01 2.704164413196322517e-02 2.326512000148896664e-04 2.326512000148896664e-04 6.459948320413436140e-02 4.785146904009952504e-03 1.453482921532067475e-06 2.326512000148896664e-04 2.326512000148896664e-04 1.166704999616670624e-01 3.749971875210935589e-06 9.999800003999920349e-06 8.400000000000000799e-01 9.994007191370355425e-01 2.498313525945877362e-07 4.435864890297955348e-06
7.503187260955426763e-02 9.248366013071894765e-01 1.359064963305245920e-02 2.321428571428571785e-01 1.165501165501165448e-01 4.807692307692307265e-01 4.807692307692307265e-01 8.944543828264757412e-02 7.695385846646350149e-04 7.695385846646350149e-04 2.136752136752136377e-01 1.582779360557138096e-02 4.807674278913761161e-06 7.695385846646350149e-04 7.695385846646350149e-04 5.833774995583378142e-02 1.875360934792988724e-02 5.000899982000359817e-02 7.319999999999999840e-01 9.994007191370355425e-01 2.498313525945877362e-07 4.435864890297955348e-06
5.003374746893982788e-02 9.901960784313724728e-01 1.269357705001269120e-02 4.107142857142856984e-01 6.587615283267457544e-02 2.717391304347825942e-01 2.717391304347825942e-01 5.055611729019211797e-02 4.349565913321850556e-04 4.349565913321850556e-04 1.207729468599033906e-01 8.946144211844695923e-03 2.717381114168647981e-06 4.349565913321850556e-04 4.349565913321850556e-04 1.667149995166715068e-02 1.250365622257832918e-02 1.667633314000386766e-02 8.400000000000000799e-01 9.994007191370355425e-01 2.498313525945877362e-07 4.435864890297955348e-06
6.249906257030722889e-01 9.901960784313724728e-01 1.269357705001269120e-02 2.321428571428571785e-01 1.165501165501165448e-01 4.807692307692307265e-01 4.807692307692307265e-01 8.944543828264757412e-02 7.695385846646350149e-04 7.695385846646350149e-04 2.136752136752136377e-01 1.582779360557138096e-02 4.807674278913761161e-06 7.695385846646350149e-04 7.695385846646350149e-04 1.416702499641670221e-01 3.749971875210935589e-06 9.999800003999920349e-06 8.400000000000000799e-01 9.994007191370355425e-01 2.498313525945877362e-07 4.435864890297955348e-06
5.312476564257681000e-01 7.941176470588234837e-01 1.582779360557138443e-02 5.892857142857143016e-01 4.591368227731864454e-02 1.893939393939393923e-01 1.893939393939393923e-01 3.523608174770966051e-02 3.031515636557653303e-04 3.031515636557653303e-04 8.417508417508418050e-02 6.235191420376605224e-03 1.893932291693299980e-06 3.031515636557653303e-04 3.031515636557653303e-04 3.333799995333380090e-02 3.749971875210935589e-06 9.999800003999920349e-06 8.400000000000000799e-01 9.994007191370355425e-01 2.498313525945877362e-07 4.435864890297955348e-06
1.250281228907831887e-01 9.901960784313724728e-01 1.269357705001269120e-02 4.107142857142856984e-01 6.587615283267457544e-02 2.717391304347825942e-01 2.717391304347825942e-01 5.055611729019211797e-02 4.349565913321850556e-04 4.349565913321850556e-04 1.207729468599033906e-01 8.946144211844695923e-03 2.717381114168647981e-06 4.349565913321850556e-04 4.349565913321850556e-04 5.000449995500045458e-02 3.749971875210935589e-06 9.999800003999920349e-06 8.400000000000000799e-01 9.994007191370355425e-01 2.498313525945877362e-07 4.435864890297955348e-06
1.125290603204759515e-01 2.712418300653595127e-01 4.633920296570898101e-02 4.107142857142856984e-01 6.587615283267457544e-02 2.717391304347825942e-01 2.717391304347825942e-01 5.055611729019211797e-02 4.349565913321850556e-04 4.349565913321850556e-04 1.207729468599033906e-01 8.946144211844695923e-03 2.717381114168647981e-06 4.349565913321850556e-04 4.349565913321850556e-04 1.667149995166715068e-02 1.250365622257832918e-02 3.334266648000373118e-02 1.199999999999999956e-01 5.992808629644426300e-04 4.166354190102408901e-04 7.397544015386891235e-03
3.750093742969277111e-01 7.941176470588234837e-01 1.582779360557138443e-02 4.107142857142856984e-01 6.587615283267457544e-02 2.717391304347825942e-01 2.717391304347825942e-01 5.055611729019211797e-02 4.349565913321850556e-04 4.349565913321850556e-04 1.207729468599033906e-01 8.946144211844695923e-03 2.717381114168647981e-06 4.349565913321850556e-04 4.349565913321850556e-04 7.500424995750043511e-02 3.749971875210935589e-06 1.666733332000026879e-01 8.799999999999998934e-01 9.994007191370355425e-01 2.498313525945877362e-07 4.435864890297955348e-06
1.875234357423193055e-01 9.901960784313724728e-01 1.269357705001269120e-02 2.321428571428571785e-01 1.165501165501165448e-01 4.807692307692307265e-01 4.807692307692307265e-01 8.944543828264757412e-02 7.695385846646350149e-04 7.695385846646350149e-04 2.136752136752136377e-01 1.582779360557138096e-02 4.807674278913761161e-06 7.695385846646350149e-04 7.695385846646350149e-04 1.166704999616670624e-01 3.749971875210935589e-06 9.999800003999920349e-06 8.400000000000000799e-01 9.994007191370355425e-01 2.498313525945877362e-07 4.435864890297955348e-06
2.500187485938554222e-01 4.673202614379085018e-01 2.689618074233458486e-02 2.321428571428571785e-01 1.165501165501165448e-01 4.807692307692307265e-01 4.807692307692307265e-01 8.944543828264757412e-02 7.695385846646350149e-04 7.695385846646350149e-04 2.136752136752136377e-01 1.582779360557138096e-02 4.807674278913761161e-06 7.695385846646350149e-04 7.695385846646350149e-04 1.333369999633337022e-01 8.750309372679704323e-02 4.000919981600368353e-02 8.400000000000000799e-01 9.994007191370355425e-01 2.498313525945877362e-07 4.435864890297955348e-06
1.250281228907831887e-01 9.901960784313724728e-01 1.269357705001269120e-02 2.321428571428571785e-01 1.165501165501165448e-01 4.807692307692307265e-01 4.807692307692307265e-01 8.944543828264757412e-02 7.695385846646350149e-04 7.695385846646350149e-04 2.136752136752136377e-01 1.582779360557138096e-02 4.807674278913761161e-06 7.695385846646350149e-04 7.695385846646350149e-04 8.333749995833375501e-02 3.749971875210935589e-06 9.999800003999920349e-06 8.799999999999998934e-01 9.994007191370355425e-01 2.498313525945877362e-07 4.435864890297955348e-06
1.625253106017048588e-01 9.901960784313724728e-01 1.269357705001269120e-02 2.321428571428571785e-01 1.165501165501165448e-01 4.807692307692307265e-01 4.807692307692307265e-01 8.944543828264757412e-02 7.695385846646350149e-04 7.695385846646350149e-04 2.136752136752136377e-01 1.582779360557138096e-02 4.807674278913761161e-06 7.695385846646350149e-04 7.695385846646350149e-04 1.667149995166715068e-02 3.749971875210935589e-06 9.999800003999920349e-06 8.400000000000000799e-01 9.994007191370355425e-01 2.498313525945877362e-07 4.435864890297955348e-06
5.000000000000000000e-01 9.901960784313724728e-01 1.269357705001269120e-02 2.321428571428571785e-01 1.165501165501165448e-01 4.807692307692307265e-01 4.807692307692307265e-01 8.944543828264757412e-02 7.695385846646350149e-04 7.695385846646350149e-04 2.136752136752136377e-01 1.582779360557138096e-02 4.807674278913761161e-06 7.695385846646350149e-04 7.695385846646350149e-04 3.333799995333380090e-02 1.250028124789063777e-01 6.667533316000347210e-02 8.400000000000000799e-01 9.994007191370355425e-01 2.498313525945877362e-07 4.435864890297955348e-06
6.253281003924705816e-02 9.901960784313724728e-01 1.269357705001269120e-02 2.321428571428571785e-01 1.165501165501165448e-01 4.807692307692307265e-01 4.807692307692307265e-01 8.944543828264757412e-02 7.695385846646350149e-04 7.695385846646350149e-04 2.136752136752136377e-01 1.582779360557138096e-02 4.807674278913761161e-06 7.695385846646350149e-04 7.695385846646350149e-04 1.667149995166715068e-02 2.500356247328144876e-02 1.667633314000386766e-02 8.400000000000000799e-01 9.994007191370355425e-01 2.498313525945877362e-07 4.435864890297955348e-06
3.125140614453916221e-01 9.901960784313724728e-01 1.269357705001269120e-02 2.321428571428571785e-01 1.165501165501165448e-01 4.807692307692307265e-01 4.807692307692307265e-01 8.944543828264757412e-02 7.695385846646350149e-04 7.695385846646350149e-04 2.136752136752136377e-01 1.582779360557138096e-02 4.807674278913761161e-06 7.695385846646350149e-04 7.695385846646350149e-04 5.000449995500045458e-02 2.500018749859375666e-01 8.334166650000333909e-02 6.520000000000000240e-01 9.994007191370355425e-01 2.498313525945877362e-07 4.435864890297955348e-06
1.250281228907831887e-01 9.575163398692809746e-01 1.312680493567865668e-02 5.892857142857143016e-01 4.591368227731864454e-02 1.893939393939393923e-01 1.893939393939393923e-01 3.523608174770966051e-02 3.031515636557653303e-04 3.031515636557653303e-04 8.417508417508418050e-02 6.235191420376605224e-03 1.893932291693299980e-06 3.031515636557653303e-04 3.031515636557653303e-04 8.333749995833375501e-02 3.749971875210935589e-06 9.999800003999920349e-06 8.400000000000000799e-01 9.994007191370355425e-01 2.498313525945877362e-07 4.435864890297955348e-06
3.750093742969277111e-01 9.901960784313724728e-01 1.269357705001269120e-02 5.892857142857143016e-01 4.591368227731864454e-02 1.893939393939393923e-01 1.893939393939393923e-01 3.523608174770966051e-02 3.031515636557653303e-04 3.031515636557653303e-04 8.417508417508418050e-02 6.235191420376605224e-03 1.893932291693299980e-06 3.031515636557653303e-04 3.031515636557653303e-04 1.666699999666669818e-01 6.062829528778534288e-02 1.616734331980027306e-01 8.799999999999998934e-01 9.994007191370355425e-01 2.498313525945877362e-07 4.435864890297955348e-06
1.250281228907831887e-01 9.901960784313724728e-01 1.269357705001269120e-02 2.321428571428571785e-01 1.165501165501165448e-01 4.807692307692307265e-01 4.807692307692307265e-01 8.944543828264757412e-02 7.695385846646350149e-04 7.695385846646350149e-04 2.136752136752136377e-01 1.582779360557138096e-02 4.807674278913761161e-06 7.695385846646350149e-04 7.695385846646350149e-04 1.667149995166715068e-02 3.749971875210935589e-06 9.999800003999920349e-06 8.400000000000000799e-01 9.994007191370355425e-01 2.498313525945877362e-07 4.435864890297955348e-06
5.000000000000000000e-01 9.901960784313724728e-01 1.269357705001269120e-02 4.107142857142856984e-01 6.587615283267457544e-02 2.717391304347825942e-01 2.717391304347825942e-01 5.055611729019211797e-02 4.349565913321850556e-04 4.349565913321850556e-04 1.207729468599033906e-01 8.946144211844695923e-03 2.717381114168647981e-06 4.349565913321850556e-04 4.349565913321850556e-04 1.666699999666669818e-01 3.749971875210935589e-06 9.999800003999920349e-06 8.400000000000000799e-01 9.994007191370355425e-01 2.498313525945877362e-07 4.435864890297955348e-06
1.875234357423193055e-01 8.594771241830064801e-01 1.462415911085112458e-02 2.321428571428571785e-01 1.165501165501165448e-01 4.807692307692307265e-01 4.807692307692307265e-01 8.944543828264757412e-02 7.695385846646350149e-04 7.695385846646350149e-04 2.136752136752136377e-01 1.582779360557138096e-02 4.807674278913761161e-06 7.695385846646350149e-04 7.695385846646350149e-04 1.250037499625003823e-01 6.250328122539081099e-02 6.000879982400351975e-02 8.799999999999998934e-01 9.994007191370355425e-01 2.498313525945877362e-07 4.435864890297955348e-06
6.249906257030722889e-01 4.673202614379085018e-01 2.689618074233458486e-02 5.892857142857143016e-01 4.591368227731864454e-02 1.893939393939393923e-01 1.893939393939393923e-01 3.523608174770966051e-02 3.031515636557653303e-04 3.031515636557653303e-04 8.417508417508418050e-02 6.235191420376605224e-03 1.893932291693299980e-06 3.031515636557653303e-04 3.031515636557653303e-04 4.167124995416712774e-02 6.250328122539081099e-02 2.334286647600381306e-02 7.319999999999999840e-01 9.994007191370355425e-01 2.498313525945877362e-07 4.435864890297955348e-06
4.375046871484638555e-01 9.901960784313724728e-01 1.269357705001269120e-02 2.321428571428571785e-01 1.165501165501165448e-01 4.807692307692307265e-01 4.807692307692307265e-01 8.944543828264757412e-02 7.695385846646350149e-04 7.695385846646350149e-04 2.136752136752136377e-01 1.582779360557138096e-02 4.807674278913761161e-06 7.695385846646350149e-04 7.695385846646350149e-04 8.333749995833375501e-02 3.749971875210935589e-06 9.999800003999920349e-06 8.400000000000000799e-01 9.994007191370355425e-01 2.498313525945877362e-07 4.435864890297955348e-06
6.249906257030722889e-01 3.366013071895425091e-01 3.734129947722180515e-02 2.321428571428571785e-01 1.165501165501165448e-01 4.807692307692307265e-01 4.807692307692307265e-01 8.944543828264757412e-02 7.695385846646350149e-04 7.695385846646350149e-04 2.136752136752136377e-01 1.582779360557138096e-02 4.807674278913761161e-06 7.695385846646350149e-04 7.695385846646350149e-04 8.333749995833375501e-02 3.749971875210935589e-06 1.667633314000386766e-02 8.400000000000000799e-01 9.994007191370355425e-01 2.498313525945877362e-07 4.435864890297955348e-06
1.875234357423193055e-01 9.901960784313724728e-01 1.269357705001269120e-02 4.107142857142856984e-01 6.587615283267457544e-02 2.717391304347825942e-01 2.717391304347825942e-01 5.055611729019211797e-02 4.349565913321850556e-04 4.349565913321850556e-04 1.207729468599033906e-01 8.946144211844695923e-03 2.717381114168647981e-06 4.349565913321850556e-04 4.349565913321850556e-04 8.333749995833375501e-02 1.875023437324219722e-01 1.000079998400032061e-01 6.919999999999999485e-01 9.994007191370355425e-01 2.498313525945877362e-07 4.435864890297955348e-06
1.250281228907831887e-01 9.901960784313724728e-01 1.269357705001269120e-02 5.892857142857143016e-01 4.591368227731864454e-02 1.893939393939393923e-01 1.893939393939393923e-01 3.523608174770966051e-02 3.031515636557653303e-04 3.031515636557653303e-04 8.417508417508418050e-02 6.235191420376605224e-03 1.893932291693299980e-06 3.031515636557653303e-04 3.031515636557653303e-04 1.166704999616670624e-01 3.749971875210935589e-06 9.999800003999920349e-06 6.520000000000000240e-01 9.994007191370355425e-01 2.498313525945877362e-07 4.435864890297955348e-06
1.250281228907831887e-01 9.901960784313724728e-01 1.269357705001269120e-02 2.321428571428571785e-01 1.165501165501165448e-01 4.807692307692307265e-01 4.807692307692307265e-01 8.944543828264757412e-02 7.695385846646350149e-04 7.695385846646350149e-04 2.136752136752136377e-01 1.582779360557138096e-02 4.807674278913761161e-06 7.695385846646350149e-04 7.695385846646350149e-04 5.000449995500045458e-02 6.250328122539081099e-02 3.334266648000373118e-02 8.799999999999998934e-01 9.994007191370355425e-01 2.498313525945877362e-07 4.435864890297955348e-06
2.500187485938554222e-01 5.980392156862744946e-01 2.101723413198822860e-02 2.321428571428571785e-01 1.165501165501165448e-01 4.807692307692307265e-01 4.807692307692307265e-01 8.944543828264757412e-02 7.695385846646350149e-04 7.695385846646350149e-04 2.136752136752136377e-01 1.582779360557138096e-02 4.807674278913761161e-06 7.695385846646350149e-04 7.695385846646350149e-04 5.833774995583378142e-02 3.749971875210935589e-06 9.999800003999920349e-06 8.799999999999998934e-01 9.994007191370355425e-01 2.498313525945877362e-07 4.435864890297955348e-06
3.125140614453916221e-01 3.366013071895425091e-01 3.734129947722180515e-02 4.107142857142856984e-01 6.587615283267457544e-02 2.717391304347825942e-01 2.717391304347825942e-01 5.055611729019211797e-02 4.349565913321850556e-04 4.349565913321850556e-04 1.207729468599033906e-01 8.946144211844695923e-03 2.717381114168647981e-06 4.349565913321850556e-04 4.349565913321850556e-04 1.833364999683336494e-01 3.749971875210935589e-06 9.999800003999920349e-06 7.319999999999999840e-01 9.994007191370355425e-01 2.498313525945877362e-07 4.435864890297955348e-06
3.250131240156988177e-01 9.901960784313724728e-01 1.269357705001269120e-02 2.321428571428571785e-01 1.165501165501165448e-01 4.807692307692307265e-01 4.807692307692307265e-01 8.944543828264757412e-02 7.695385846646350149e-04 7.695385846646350149e-04 2.136752136752136377e-01 1.582779360557138096e-02 4.807674278913761161e-06 7.695385846646350149e-04 7.695385846646350149e-04 5.833774995583378142e-02 3.749971875210935589e-06 9.999800003999920349e-06 8.400000000000000799e-01 9.994007191370355425e-01 2.498313525945877362e-07 4.435864890297955348e-06
1.875234357423193055e-01 9.901960784313724728e-01 1.269357705001269120e-02 4.107142857142856984e-01 6.587615283267457544e-02 2.717391304347825942e-01 2.717391304347825942e-01 5.055611729019211797e-02 4.349565913321850556e-04 4.349565913321850556e-04 1.207729468599033906e-01 8.946144211844695923e-03 2.717381114168647981e-06 4.349565913321850556e-04 4.349565913321850556e-04 1.166704999616670624e-01 6.249990625070311889e-01 1.666733332000026879e-01 7.319999999999999840e-01 9.994007191370355425e-01 2.498313525945877362e-07 4.435864890297955348e-06
1.000299977501687282e-01 5.326797385620914982e-01 2.359603586597451563e-02 4.107142857142856984e-01 6.587615283267457544e-02 2.717391304347825942e-01 2.717391304347825942e-01 5.055611729019211797e-02 4.349565913321850556e-04 4.349565913321850556e-04 1.207729468599033906e-01 8.946144211844695923e-03 2.717381114168647981e-06 4.349565913321850556e-04 4.349565913321850556e-04 5.833774995583378142e-02 3.749971875210935589e-06 9.999800003999920349e-06 8.400000000000000799e-01 9.994007191370355425e-01 2.498313525945877362e-07 4.435864890297955348e-06
8.753093517986150485e-02 9.575163398692809746e-01 1.312680493567865668e-02 2.321428571428571785e-01 1.165501165501165448e-01 4.807692307692307265e-01 4.807692307692307265e-01 8.944543828264757412e-02 7.695385846646350149e-04 7.695385846646350149e-04 2.136752136752136377e-01 1.582779360557138096e-02 4.807674278913761161e-06 7.695385846646350149e-04 7.695385846646350149e-04 1.333369999633337022e-01 3.749971875210935589e-06 9.999800003999920349e-06 8.799999999999998934e-01 9.994007191370355425e-01 2.498313525945877362e-07 4.435864890297955348e-06
3.125140614453916221e-01 9.901960784313724728e-01 1.269357705001269120e-02 2.321428571428571785e-01 1.165501165501165448e-01 4.807692307692307265e-01 4.807692307692307265e-01 8.944543828264757412e-02 7.695385846646350149e-04 7.695385846646350149e-04 2.136752136752136377e-01 1.582779360557138096e-02 4.807674278913761161e-06 7.695385846646350149e-04 7.695385846646350149e-04 1.000039999600004087e-01 3.749971875210935589e-06 9.999800003999920349e-06 8.400000000000000799e-01 9.994007191370355425e-01 2.498313525945877362e-07 4.435864890297955348e-06
1.250281228907831887e-01 9.901960784313724728e-01 1.269357705001269120e-02 2.321428571428571785e-01 1.165501165501165448e-01 4.807692307692307265e-01 4.807692307692307265e-01 8.944543828264757412e-02 7.695385846646350149e-04 7.695385846646350149e-04 2.136752136752136377e-01 1.582779360557138096e-02 4.807674278913761161e-06 7.695385846646350149e-04 7.695385846646350149e-04 8.333749995833375501e-02 3.749971875210935589e-06 9.999800003999920349e-06 8.799999999999998934e-01 9.994007191370355425e-01 2.498313525945877362e-07 4.435864890297955348e-06
1.000299977501687282e-01 8.267973856209149819e-01 1.520218911523259393e-02 2.321428571428571785e-01 1.165501165501165448e-01 4.807692307692307265e-01 4.807692307692307265e-01 8.944543828264757412e-02 7.695385846646350149e-04 7.695385846646350149e-04 2.136752136752136377e-01 1.582779360557138096e-02 4.807674278913761161e-06 7.695385846646350149e-04 7.695385846646350149e-04 5.000449995500045458e-02 3.749971875210935589e-06 9.999800003999920349e-06 8.400000000000000799e-01 9.994007191370355425e-01 2.498313525945877362e-07 4.435864890297955348e-06
4.375046871484638555e-01 9.901960784313724728e-01 1.269357705001269120e-02 2.321428571428571785e-01 1.165501165501165448e-01 4.807692307692307265e-01 4.807692307692307265e-01 8.944543828264757412e-02 7.695385846646350149e-04 7.695385846646350149e-04 2.136752136752136377e-01 1.582779360557138096e-02 4.807674278913761161e-06 7.695385846646350149e-04 7.695385846646350149e-04 2.500024999750002364e-01 3.749971875210935589e-06 6.666633333999987254e-01 7.319999999999999840e-01 9.994007191370355425e-01 2.498313525945877362e-07 4.435864890297955348e-06
1.250281228907831887e-01 5.000000000000000000e-01 2.513826043237808033e-02 2.321428571428571785e-01 1.165501165501165448e-01 4.807692307692307265e-01 4.807692307692307265e-01 8.944543828264757412e-02 7.695385846646350149e-04 7.695385846646350149e-04 2.136752136752136377e-01 1.582779360557138096e-02 4.807674278913761161e-06 7.695385846646350149e-04 7.695385846646350149e-04 3.333799995333380090e-02 1.500363747271895275e-02 4.000919981600368353e-02 6.919999999999999485e-01 9.994007191370355425e-01 2.498313525945877362e-07 4.435864890297955348e-06
6.253281003924705816e-02 9.901960784313724728e-01 1.269357705001269120e-02 2.321428571428571785e-01 1.165501165501165448e-01 4.807692307692307265e-01 4.807692307692307265e-01 8.944543828264757412e-02 7.695385846646350149e-04 7.695385846646350149e-04 2.136752136752136377e-01 1.582779360557138096e-02 4.807674278913761161e-06 7.695385846646350149e-04 7.695385846646350149e-04 6.667099995666710133e-02 3.749971875210935589e-06 9.999800003999920349e-06 8.400000000000000799e-01 9.994007191370355425e-01 2.498313525945877362e-07 4.435864890297955348e-06
2.562682798790090755e-01 5.653594771241829964e-01 2.223210315695864706e-02 2.321428571428571785e-01 1.165501165501165448e-01 4.807692307692307265e-01 4.807692307692307265e-01 8.944543828264757412e-02 7.695385846646350149e-04 7.695385846646350149e-04 2.136752136752136377e-01 1.582779360557138096e-02 4.807674278913761161e-06 7.695385846646350149e-04 7.695385846646350149e-04 1.666699999666669818e-01 8.750309372679704323e-02 2.667613314400378577e-02 7.319999999999999840e-01 9.994007191370355425e-01 2.498313525945877362e-07 4.435864890297955348e-06
3.750093742969277111e-01 5.000000000000000000e-01 2.513826043237808033e-02 2.321428571428571785e-01 1.165501165501165448e-01 4.807692307692307265e-01 4.807692307692307265e-01 8.944543828264757412e-02 7.695385846646350149e-04 7.695385846646350149e-04 2.136752136752136377e-01 1.582779360557138096e-02 4.807674278913761161e-06 7.695385846646350149e-04 7.695385846646350149e-04 5.833774995583378142e-02 3.749971875210935589e-06 9.999800003999920349e-06 8.799999999999998934e-01 9.994007191370355425e-01 2.498313525945877362e-07 4.435864890297955348e-06
4.375046871484638555e-01 4.673202614379085018e-01 2.689618074233458486e-02 2.321428571428571785e-01 1.165501165501165448e-01 4.807692307692307265e-01 4.807692307692307265e-01 8.944543828264757412e-02 7.695385846646350149e-04 7.695385846646350149e-04 2.136752136752136377e-01 1.582779360557138096e-02 4.807674278913761161e-06 7.695385846646350149e-04 7.695385846646350149e-04 1.333369999633337022e-01 2.500018749859375666e-01 2.000059998800024219e-01 8.400000000000000799e-01 9.994007191370355425e-01 2.498313525945877362e-07 4.435864890297955348e-06
2.500187485938554222e-01 6.960784313725489891e-01 1.805706031058143535e-02 2.321428571428571785e-01 1.165501165501165448e-01 4.807692307692307265e-01 4.807692307692307265e-01 8.944543828264757412e-02 7.695385846646350149e-04 7.695385846646350149e-04 2.136752136752136377e-01 1.582779360557138096e-02 4.807674278913761161e-06 7.695385846646350149e-04 7.695385846646350149e-04 5.000449995500045458e-02 3.749971875210935589e-06 1.667633314000386766e-02 7.319999999999999840e-01 9.994007191370355425e-01 2.498313525945877362e-07 4.435864890297955348e-06
1.250281228907831887e-01 9.901960784313724728e-01 1.269357705001269120e-02 2.321428571428571785e-01 1.165501165501165448e-01 4.807692307692307265e-01 4.807692307692307265e-01 8.944543828264757412e-02 7.695385846646350149e-04 7.695385846646350149e-04 2.136752136752136377e-01 1.582779360557138096e-02 4.807674278913761161e-06 7.695385846646350149e-04 7.695385846646350149e-04 2.467141995246714334e-02 2.375357184821113785e-02 1.000979980400392051e-02 8.400000000000000799e-01 9.994007191370355425e-01 2.498313525945877362e-07 4.435864890297955348e-06
6.253281003924705816e-02 1.078431372549019523e-01 1.165501165501165448e-01 2.321428571428571785e-01 1.165501165501165448e-01 4.807692307692307265e-01 4.807692307692307265e-01 8.944543828264757412e-02 7.695385846646350149e-04 7.695385846646350149e-04 2.136752136752136377e-01 1.582779360557138096e-02 4.807674278913761161e-06 7.695385846646350149e-04 7.695385846646350149e-04 5.000449995500045458e-02 4.500341247440644427e-02 1.000979980400392051e-02 7.319999999999999840e-01 9.994007191370355425e-01 2.498313525945877362e-07 4.435864890297955348e-06
5.000000000000000000e-01 3.366013071895425091e-01 3.734129947722180515e-02 4.107142857142856984e-01 6.587615283267457544e-02 2.717391304347825942e-01 2.717391304347825942e-01 5.055611729019211797e-02 4.349565913321850556e-04 4.349565913321850556e-04 1.207729468599033906e-01 8.946144211844695923e-03 2.717381114168647981e-06 4.349565913321850556e-04 4.349565913321850556e-04 2.500024999750002364e-01 3.749971875210935589e-06 9.999800003999920349e-06 8.400000000000000799e-01 9.994007191370355425e-01 2.498313525945877362e-07 4.435864890297955348e-06
1.250281228907831887e-01 9.901960784313724728e-01 1.269357705001269120e-02 2.321428571428571785e-01 1.165501165501165448e-01 4.807692307692307265e-01 4.807692307692307265e-01 8.944543828264757412e-02 7.695385846646350149e-04 7.695385846646350149e-04 2.136752136752136377e-01 1.582779360557138096e-02 4.807674278913761161e-06 7.695385846646350149e-04 7.695385846646350149e-04 1.000039999600004087e-01 3.749971875210935589e-06 9.999800003999920349e-06 8.400000000000000799e-01 9.994007191370355425e-01 2.498313525945877362e-07 4.435864890297955348e-06
1.250281228907831887e-01 9.901960784313724728e-01 1.269357705001269120e-02 2.321428571428571785e-01 1.165501165501165448e-01 4.807692307692307265e-01 4.807692307692307265e-01 8.944543828264757412e-02 7.695385846646350149e-04 7.695385846646350149e-04 2.136752136752136377e-01 1.582779360557138096e-02 4.807674278913761161e-06 7.695385846646350149e-04 7.695385846646350149e-04 3.333799995333380090e-02 3.749971875210935589e-06 9.999800003999920349e-06 8.400000000000000799e-01 9.994007191370355425e-01 2.498313525945877362e-07 4.435864890297955348e-06
4.500037497187711066e-01 1.405228758169934644e-01 8.944543828264757412e-02 4.107142857142856984e-01 6.587615283267457544e-02 2.717391304347825942e-01 2.717391304347825942e-01 5.055611729019211797e-02 4.349565913321850556e-04 4.349565913321850556e-04 1.207729468599033906e-01 8.946144211844695923e-03 2.717381114168647981e-06 4.349565913321850556e-04 4.349565913321850556e-04 3.333799995333380090e-02 3.749971875210935589e-06 9.999800003999920349e-06 7.319999999999999840e-01 9.994007191370355425e-01 2.498313525945877362e-07 4.435864890297955348e-06
3.125140614453916221e-01 9.901960784313724728e-01 1.269357705001269120e-02 2.321428571428571785e-01 1.165501165501165448e-01 4.807692307692307265e-01 4.807692307692307265e-01 8.944543828264757412e-02 7.695385846646350149e-04 7.695385846646350149e-04 2.136752136752136377e-01 1.582779360557138096e-02 4.807674278913761161e-06 7.695385846646350149e-04 7.695385846646350149e-04 3.333799995333380090e-02 3.749971875210935589e-06 9.999800003999920349e-06 8.400000000000000799e-01 9.994007191370355425e-01 2.498313525945877362e-07 4.435864890297955348e-06
1.250281228907831887e-01 2.385620915032679590e-01 5.268703898840884636e-02 4.107142857142856984e-01 6.587615283267457544e-02 2.717391304347825942e-01 2.717391304347825942e-01 5.055611729019211797e-02 4.349565913321850556e-04 4.349565913321850556e-04 1.207729468599033906e-01 8.946144211844695923e-03 2.717381114168647981e-06 4.349565913321850556e-04 4.349565913321850556e-04 8.333749995833375501e-02 1.500026249803126377e-01 1.666733332000026879e-01 6.520000000000000240e-01 9.994007191370355425e-01 2.498313525945877362e-07 4.435864890297955348e-06
1.250281228907831887e-01 9.901960784313724728e-01 1.269357705001269120e-02 2.321428571428571785e-01 1.165501165501165448e-01 4.807692307692307265e-01 4.807692307692307265e-01 8.944543828264757412e-02 7.695385846646350149e-04 7.695385846646350149e-04 2.136752136752136377e-01 1.582779360557138096e-02 4.807674278913761161e-06 7.695385846646350149e-04 7.695385846646350149e-04 1.667149995166715068e-02 3.749971875210935589e-06 9.999800003999920349e-06 8.799999999999998934e-01 9.994007191370355425e-01 2.498313525945877362e-07 4.435864890297955348e-06
6.249906257030722889e-01 9.901960784313724728e-01 1.269357705001269120e-02 2.321428571428571785e-01 1.165501165501165448e-01 4.807692307692307265e-01 4.807692307692307265e-01 8.944543828264757412e-02 7.695385846646350149e-04 7.695385846646350149e-04 2.136752136752136377e-01 1.582779360557138096e-02 4.807674278913761161e-06 7.695385846646350149e-04 7.695385846646350149e-04 3.333799995333380090e-02 3.749971875210935589e-06 9.999800003999920349e-06 8.400000000000000799e-01 9.994007191370355425e-01 2.498313525945877362e-07 4.435864890297955348e-06
2.500187485938554222e-01 4.673202614379085018e-01 2.689618074233458486e-02 2.321428571428571785e-01 1.165501165501165448e-01 4.807692307692307265e-01 4.807692307692307265e-01 8.944543828264757412e-02 7.695385846646350149e-04 7.695385846646350149e-04 2.136752136752136377e-01 1.582779360557138096e-02 4.807674278913761161e-06 7.695385846646350149e-04 7.695385846646350149e-04 8.333749995833375501e-02 3.749971875210935589e-06 9.999800003999920349e-06 8.400000000000000799e-01 9.994007191370355425e-01 2.498313525945877362e-07 4.435864890297955348e-06
1.125290603204759515e-01 1.732026143790849626e-01 7.256894049346879205e-02 2.321428571428571785e-01 1.165501165501165448e-01 4.807692307692307265e-01 4.807692307692307265e-01 8.944543828264757412e-02 7.695385846646350149e-04 7.695385846646350149e-04 2.136752136752136377e-01 1.582779360557138096e-02 4.807674278913761161e-06 7.695385846646350149e-04 7.695385846646350149e-04 7.500424995750043511e-02 3.749971875210935589e-06 9.999800003999920349e-06 8.400000000000000799e-01 9.994007191370355425e-01 2.498313525945877362e-07 4.435864890297955348e-06
4.375046871484638555e-01 8.267973856209149819e-01 1.520218911523259393e-02 2.321428571428571785e-01 1.165501165501165448e-01 4.807692307692307265e-01 4.807692307692307265e-01 8.944543828264757412e-02 7.695385846646350149e-04 7.695385846646350149e-04 2.136752136752136377e-01 1.582779360557138096e-02 4.807674278913761161e-06 7.695385846646350149e-04 7.695385846646350149e-04 5.000449995500045458e-02 3.750346872398457182e-02 1.000079998400032061e-01 6.919999999999999485e-01 9.994007191370355425e-01 2.498313525945877362e-07 4.435864890297955348e-06
6.249906257030722889e-01 9.901960784313724728e-01 1.269357705001269120e-02 2.321428571428571785e-01 1.165501165501165448e-01 4.807692307692307265e-01 4.807692307692307265e-01 8.944543828264757412e-02 7.695385846646350149e-04 7.695385846646350149e-04 2.136752136752136377e-01 1.582779360557138096e-02 4.807674278913761161e-06 7.695385846646350149e-04 7.695385846646350149e-04 6.333769995633377337e-02 3.749971875210935589e-06 9.999800003999920349e-06 8.400000000000000799e-01 9.994007191370355425e-01 2.498313525945877362e-07 4.435864890297955348e-06
1.875234357423193055e-01 6.633986928104574909e-01 1.894657067070859915e-02 2.321428571428571785e-01 1.165501165501165448e-01 4.807692307692307265e-01 4.807692307692307265e-01 8.944543828264757412e-02 7.695385846646350149e-04 7.695385846646350149e-04 2.136752136752136377e-01 1.582779360557138096e-02 4.807674278913761161e-06 7.695385846646350149e-04 7.695385846646350149e-04 8.333749995833375501e-02 3.749971875210935589e-06 9.999800003999920349e-06 8.400000000000000799e-01 9.994007191370355425e-01 2.498313525945877362e-07 4.435864890297955348e-06
1.000299977501687282e-01 6.633986928104574909e-01 1.894657067070859915e-02 2.321428571428571785e-01 1.165501165501165448e-01 4.807692307692307265e-01 4.807692307692307265e-01 8.944543828264757412e-02 7.695385846646350149e-04 7.695385846646350149e-04 2.136752136752136377e-01 1.582779360557138096e-02 4.807674278913761161e-06 7.695385846646350149e-04 7.695385846646350149e-04 2.000029999700002892e-01 3.749971875210935589e-06 9.999800003999920349e-06 8.400000000000000799e-01 9.994007191370355425e-01 2.498313525945877362e-07 4.435864890297955348e-06
1.875234357423193055e-01 6.960784313725489891e-01 1.805706031058143535e-02 2.321428571428571785e-01 1.165501165501165448e-01 4.807692307692307265e-01 4.807692307692307265e-01 8.944543828264757412e-02 7.695385846646350149e-04 7.695385846646350149e-04 2.136752136752136377e-01 1.582779360557138096e-02 4.807674278913761161e-06 7.695385846646350149e-04 7.695385846646350149e-04 5.000449995500045458e-02 3.749971875210935589e-06 3.334266648000373118e-02 8.799999999999998934e-01 9.994007191370355425e-01 2.498313525945877362e-07 4.435864890297955348e-06
1.250281228907831887e-01 1.732026143790849626e-01 7.256894049346879205e-02 4.107142857142856984e-01 6.587615283267457544e-02 2.717391304347825942e-01 2.717391304347825942e-01 5.055611729019211797e-02 4.349565913321850556e-04 4.349565913321850556e-04 1.207729468599033906e-01 8.946144211844695923e-03 2.717381114168647981e-06 4.349565913321850556e-04 4.349565913321850556e-04 8.333749995833375501e-02 3.750346872398457182e-02 1.000079998400032061e-01 6.919999999999999485e-01 9.994007191370355425e-01 2.498313525945877362e-07 4.435864890297955348e-06
1.750243731720120821e-01 9.901960784313724728e-01 1.269357705001269120e-02 2.321428571428571785e-01 1.165501165501165448e-01 4.807692307692307265e-01 4.807692307692307265e-01 8.944543828264757412e-02 7.695385846646350149e-04 7.695385846646350149e-04 2.136752136752136377e-01 1.582779360557138096e-02 4.807674278913761161e-06 7.695385846646350149e-04 7.695385846646350149e-04 4.167124995416712774e-02 3.749971875210935589e-06 9.999800003999920349e-06 8.400000000000000799e-01 9.994007191370355425e-01 2.498313525945877362e-07 4.435864890297955348e-06
3.625103117266205155e-01 3.366013071895425091e-01 3.734129947722180515e-02 2.321428571428571785e-01 1.165501165501165448e-01 4.807692307692307265e-01 4.807692307692307265e-01 8.944543828264757412e-02 7.695385846646350149e-04 7.695385846646350149e-04 2.136752136752136377e-01 1.582779360557138096e-02 4.807674278913761161e-06 7.695385846646350149e-04 7.695385846646350149e-04 1.166704999616670624e-01 1.875360934792988724e-02 8.343166470003934160e-03 7.319999999999999840e-01 9.994007191370355425e-01 2.498313525945877362e-07 4.435864890297955348e-06
1.250281228907831887e-01 9.901960784313724728e-01 1.269357705001269120e-02 2.321428571428571785e-01 1.165501165501165448e-01 4.807692307692307265e-01 4.807692307692307265e-01 8.944543828264757412e-02 7.695385846646350149e-04 7.695385846646350149e-04 2.136752136752136377e-01 1.582779360557138096e-02 4.807674278913761161e-06 7.695385846646350149e-04 7.695385846646350149e-04 6.667099995666710133e-02 3.749971875210935589e-06 9.999800003999920349e-06 6.919999999999999485e-01 9.994007191370355425e-01 2.498313525945877362e-07 4.435864890297955348e-06
1.875234357423193055e-01 6.633986928104574909e-01 1.894657067070859915e-02 2.321428571428571785e-01 1.165501165501165448e-01 4.807692307692307265e-01 4.807692307692307265e-01 8.944543828264757412e-02 7.695385846646350149e-04 7.695385846646350149e-04 2.136752136752136377e-01 1.582779360557138096e-02 4.807674278913761161e-06 7.695385846646350149e-04 7.695385846646350149e-04 8.333749995833375501e-02 6.250328122539081099e-02 1.334306647200389495e-02 8.799999999999998934e-01 9.994007191370355425e-01 2.498313525945877362e-07 4.435864890297955348e-06
1.875234357423193055e-01 2.058823529411764608e-01 6.105006105006104133e-02 2.321428571428571785e-01 1.165501165501165448e-01 4.807692307692307265e-01 4.807692307692307265e-01 8.944543828264757412e-02 7.695385846646350149e-04 7.695385846646350149e-04 2.136752136752136377e-01 1.582779360557138096e-02 4.807674278913761161e-06 7.695385846646350149e-04 7.695385846646350149e-04 1.666699999666669818e-01 3.749971875210935589e-06 9.999800003999920349e-06 7.319999999999999840e-01 9.994007191370355425e-01 2.498313525945877362e-07 4.435864890297955348e-06
8.753093517986150485e-02 1.732026143790849626e-01 7.256894049346879205e-02 2.321428571428571785e-01 1.165501165501165448e-01 4.807692307692307265e-01 4.807692307692307265e-01 8.944543828264757412e-02 7.695385846646350149e-04 7.695385846646350149e-04 2.136752136752136377e-01 1.582779360557138096e-02 4.807674278913761161e-06 7.695385846646350149e-04 7.695385846646350149e-04 1.500034999650003420e-01 3.749971875210935589e-06 9.999800003999920349e-06 8.400000000000000799e-01 9.994007191370355425e-01 2.498313525945877362e-07 4.435864890297955348e-06
1.250281228907831887e-01 9.901960784313724728e-01 1.269357705001269120e-02 2.321428571428571785e-01 1.165501165501165448e-01 4.807692307692307265e-01 4.807692307692307265e-01 8.944543828264757412e-02 7.695385846646350149e-04 7.695385846646350149e-04 2.136752136752136377e-01 1.582779360557138096e-02 4.807674278913761161e-06 7.695385846646350149e-04 7.695385846646350149e-04 3.333799995333380090e-02 3.749971875210935589e-06 9.999800003999920349e-06 8.799999999999998934e-01 9.994007191370355425e-01 2.498313525945877362e-07 4.435864890297955348e-06
4.875009374296927489e-01 9.901960784313724728e-01 1.269357705001269120e-02 2.321428571428571785e-01 1.165501165501165448e-01 4.807692307692307265e-01 4.807692307692307265e-01 8.944543828264757412e-02 7.695385846646350149e-04 7.695385846646350149e-04 2.136752136752136377e-01 1.582779360557138096e-02 4.807674278913761161e-06 7.695385846646350149e-04 7.695385846646350149e-04 8.333749995833375501e-02 3.749971875210935589e-06 9.999800003999920349e-06 8.400000000000000799e-01 9.994007191370355425e-01 2.498313525945877362e-07 4.435864890297955348e-06
3.000149988750843710e-01 3.366013071895425091e-01 3.734129947722180515e-02 4.107142857142856984e-01 6.587615283267457544e-02 2.717391304347825942e-01 2.717391304347825942e-01 5.055611729019211797e-02 4.349565913321850556e-04 4.349565913321850556e-04 1.207729468599033906e-01 8.946144211844695923e-03 2.717381114168647981e-06 4.349565913321850556e-04 4.349565913321850556e-04 5.000449995500045458e-02 3.749971875210935589e-06 9.999800003999920349e-06 8.400000000000000799e-01 9.994007191370355425e-01 2.498313525945877362e-07 4.435864890297955348e-06
3.125140614453916221e-01 9.901960784313724728e-01 1.269357705001269120e-02 2.321428571428571785e-01 1.165501165501165448e-01 4.807692307692307265e-01 4.807692307692307265e-01 8.944543828264757412e-02 7.695385846646350149e-04 7.695385846646350149e-04 2.136752136752136377e-01 1.582779360557138096e-02 4.807674278913761161e-06 7.695385846646350149e-04 7.695385846646350149e-04 8.333749995833375501e-02 3.749971875210935589e-06 9.999800003999920349e-06 8.799999999999998934e-01 9.994007191370355425e-01 2.498313525945877362e-07 4.435864890297955348e-06
2.500187485938554222e-01 6.960784313725489891e-01 1.805706031058143535e-02 2.321428571428571785e-01 1.165501165501165448e-01 4.807692307692307265e-01 4.807692307692307265e-01 8.944543828264757412e-02 7.695385846646350149e-04 7.695385846646350149e-04 2.136752136752136377e-01 1.582779360557138096e-02 4.807674278913761161e-06 7.695385846646350149e-04 7.695385846646350149e-04 3.333799995333380090e-02 3.749971875210935589e-06 9.999800003999920349e-06 8.400000000000000799e-01 9.994007191370355425e-01 2.498313525945877362e-07 4.435864890297955348e-06
3.750093742969277111e-01 4.673202614379085018e-01 2.689618074233458486e-02 2.321428571428571785e-01 1.165501165501165448e-01 4.807692307692307265e-01 4.807692307692307265e-01 8.944543828264757412e-02 7.695385846646350149e-04 7.695385846646350149e-04 2.136752136752136377e-01 1.582779360557138096e-02 4.807674278913761161e-06 7.695385846646350149e-04 7.695385846646350149e-04 3.333799995333380090e-02 3.749971875210935589e-06 9.999800003999920349e-06 8.400000000000000799e-01 9.994007191370355425e-01 2.498313525945877362e-07 4.435864890297955348e-06
2.125215608829337521e-01 3.692810457516340072e-01 3.403675970047650989e-02 2.321428571428571785e-01 1.165501165501165448e-01 4.807692307692307265e-01 4.807692307692307265e-01 8.944543828264757412e-02 7.695385846646350149e-04 7.695385846646350149e-04 2.136752136752136377e-01 1.582779360557138096e-02 4.807674278913761161e-06 7.695385846646350149e-04 7.695385846646350149e-04 2.000029999700002892e-01 1.125029062282032755e-01 1.000079998400032061e-01 1.199999999999999956e-01 5.992808629644426300e-04 4.166354190102408901e-04 7.397544015386891235e-03
7.503187260955426763e-02 9.901960784313724728e-01 1.269357705001269120e-02 4.107142857142856984e-01 6.587615283267457544e-02 2.717391304347825942e-01 2.717391304347825942e-01 5.055611729019211797e-02 4.349565913321850556e-04 4.349565913321850556e-04 1.207729468599033906e-01 8.946144211844695923e-03 2.717381114168647981e-06 4.349565913321850556e-04 4.349565913321850556e-04 6.667099995666710133e-02 3.749971875210935589e-06 9.999800003999920349e-06 8.400000000000000799e-01 9.994007191370355425e-01 2.498313525945877362e-07 4.435864890297955348e-06
3.750093742969277111e-01 1.078431372549019523e-01 1.165501165501165448e-01 2.321428571428571785e-01 1.165501165501165448e-01 4.807692307692307265e-01 4.807692307692307265e-01 8.944543828264757412e-02 7.695385846646350149e-04 7.695385846646350149e-04 2.136752136752136377e-01 1.582779360557138096e-02 4.807674278913761161e-06 7.695385846646350149e-04 7.695385846646350149e-04 3.333799995333380090e-02 1.250365622257832918e-02 8.343166470003934160e-03 7.319999999999999840e-01 9.994007191370355425e-01 2.498313525945877362e-07 4.435864890297955348e-06
3.437617178711596666e-01 9.901960784313724728e-01 1.269357705001269120e-02 2.321428571428571785e-01 1.165501165501165448e-01 4.807692307692307265e-01 4.807692307692307265e-01 8.944543828264757412e-02 7.695385846646350149e-04 7.695385846646350149e-04 2.136752136752136377e-01 1.582779360557138096e-02 4.807674278913761161e-06 7.695385846646350149e-04 7.695385846646350149e-04 5.000449995500045458e-02 3.749971875210935589e-06 9.999800003999920349e-06 6.520000000000000240e-01 9.994007191370355425e-01 2.498313525945877362e-07 4.435864890297955348e-06
1.250281228907831887e-01 6.960784313725489891e-01 1.805706031058143535e-02 2.321428571428571785e-01 1.165501165501165448e-01 4.807692307692307265e-01 4.807692307692307265e-01 8.944543828264757412e-02 7.695385846646350149e-04 7.695385846646350149e-04 2.136752136752136377e-01 1.582779360557138096e-02 4.807674278913761161e-06 7.695385846646350149e-04 7.695385846646350149e-04 1.166704999616670624e-01 1.250365622257832918e-02 2.000959980800384036e-02 8.400000000000000799e-01 9.994007191370355425e-01 2.498313525945877362e-07 4.435864890297955348e-06
1.875234357423193055e-01 9.901960784313724728e-01 1.269357705001269120e-02 2.321428571428571785e-01 1.165501165501165448e-01 4.807692307692307265e-01 4.807692307692307265e-01 8.944543828264757412e-02 7.695385846646350149e-04 7.695385846646350149e-04 2.136752136752136377e-01 1.582779360557138096e-02 4.807674278913761161e-06 7.695385846646350149e-04 7.695385846646350149e-04 1.084872484608487286e-01 3.749971875210935589e-06 9.999800003999920349e-06 8.400000000000000799e-01 9.994007191370355425e-01 2.498313525945877362e-07 4.435864890297955348e-06
4.437542184336175088e-01 9.901960784313724728e-01 1.269357705001269120e-02 2.321428571428571785e-01 1.165501165501165448e-01 4.807692307692307265e-01 4.807692307692307265e-01 8.944543828264757412e-02 7.695385846646350149e-04 7.695385846646350149e-04 2.136752136752136377e-01 1.582779360557138096e-02 4.807674278913761161e-06 7.695385846646350149e-04 7.695385846646350149e-04 4.167124995416712774e-02 3.749971875210935589e-06 9.999800003999920349e-06 7.319999999999999840e-01 9.994007191370355425e-01 2.498313525945877362e-07 4.435864890297955348e-06
1.875234357423193055e-01 9.901960784313724728e-01 1.269357705001269120e-02 5.892857142857143016e-01 4.591368227731864454e-02 1.893939393939393923e-01 1.893939393939393923e-01 3.523608174770966051e-02 3.031515636557653303e-04 3.031515636557653303e-04 8.417508417508418050e-02 6.235191420376605224e-03 1.893932291693299980e-06 3.031515636557653303e-04 3.031515636557653303e-04 3.333799995333380090e-02 3.749971875210935589e-06 9.999800003999920349e-06 8.799999999999998934e-01 9.994007191370355425e-01 2.498313525945877362e-07 4.435864890297955348e-06
4.375046871484638555e-01 9.901960784313724728e-01 1.269357705001269120e-02 4.107142857142856984e-01 6.587615283267457544e-02 2.717391304347825942e-01 2.717391304347825942e-01 5.055611729019211797e-02 4.349565913321850556e-04 4.349565913321850556e-04 1.207729468599033906e-01 8.946144211844695923e-03 2.717381114168647981e-06 4.349565913321850556e-04 4.349565913321850556e-04 5.833774995583378142e-02 3.749971875210935589e-06 9.999800003999920349e-06 8.400000000000000799e-01 9.994007191370355425e-01 2.498313525945877362e-07 4.435864890297955348e-06
2.812664050196235221e-01 2.385620915032679590e-01 5.268703898840884636e-02 2.321428571428571785e-01 1.165501165501165448e-01 4.807692307692307265e-01 4.807692307692307265e-01 8.944543828264757412e-02 7.695385846646350149e-04 7.695385846646350149e-04 2.136752136752136377e-01 1.582779360557138096e-02 4.807674278913761161e-06 7.695385846646350149e-04 7.695385846646350149e-04 2.133361999713336010e-01 2.500356247328144876e-02 3.334266648000373118e-02 8.400000000000000799e-01 9.994007191370355425e-01 2.498313525945877362e-07 4.435864890297955348e-06
5.000000000000000000e-01 5.653594771241829964e-01 2.223210315695864706e-02 2.321428571428571785e-01 1.165501165501165448e-01 4.807692307692307265e-01 4.807692307692307265e-01 8.944543828264757412e-02 7.695385846646350149e-04 7.695385846646350149e-04 2.136752136752136377e-01 1.582779360557138096e-02 4.807674278913761161e-06 7.695385846646350149e-04 7.695385846646350149e-04 1.166704999616670624e-01 2.500018749859375666e-01 6.666633333999987254e-01 8.400000000000000799e-01 9.994007191370355425e-01 2.498313525945877362e-07 4.435864890297955348e-06
3.750093742969277111e-01 9.901960784313724728e-01 1.269357705001269120e-02 4.107142857142856984e-01 6.587615283267457544e-02 2.717391304347825942e-01 2.717391304347825942e-01 5.055611729019211797e-02 4.349565913321850556e-04 4.349565913321850556e-04 1.207729468599033906e-01 8.946144211844695923e-03 2.717381114168647981e-06 4.349565913321850556e-04 4.349565913321850556e-04 8.333749995833375501e-02 3.753721847086146680e-03 1.667633314000386766e-02 8.400000000000000799e-01 9.994007191370355425e-01 2.498313525945877362e-07 4.435864890297955348e-06
7.503187260955426763e-02 5.326797385620914982e-01 2.359603586597451563e-02 2.321428571428571785e-01 1.165501165501165448e-01 4.807692307692307265e-01 4.807692307692307265e-01 8.944543828264757412e-02 7.695385846646350149e-04 7.695385846646350149e-04 2.136752136752136377e-01 1.582779360557138096e-02 4.807674278913761161e-06 7.695385846646350149e-04 7.695385846646350149e-04 3.333799995333380090e-02 3.749971875210935589e-06 9.999800003999920349e-06 6.919999999999999485e-01 9.994007191370355425e-01 2.498313525945877362e-07 4.435864890297955348e-06
2.250206234532410032e-01 9.901960784313724728e-01 1.269357705001269120e-02 5.892857142857143016e-01 4.591368227731864454e-02 1.893939393939393923e-01 1.893939393939393923e-01 3.523608174770966051e-02 3.031515636557653303e-04 3.031515636557653303e-04 8.417508417508418050e-02 6.235191420376605224e-03 1.893932291693299980e-06 3.031515636557653303e-04 3.031515636557653303e-04 3.333799995333380090e-02 3.749971875210935589e-06 9.999800003999920349e-06 7.319999999999999840e-01 9.994007191370355425e-01 2.498313525945877362e-07 4.435864890297955348e-06
1.250281228907831887e-01 9.901960784313724728e-01 1.269357705001269120e-02 2.321428571428571785e-01 1.165501165501165448e-01 4.807692307692307265e-01 4.807692307692307265e-01 8.944543828264757412e-02 7.695385846646350149e-04 7.695385846646350149e-04 2.136752136752136377e-01 1.582779360557138096e-02 4.807674278913761161e-06 7.695385846646350149e-04 7.695385846646350149e-04 5.000449995500045458e-02 1.875360934792988724e-02 3.334266648000373118e-02 8.400000000000000799e-01 9.994007191370355425e-01 2.498313525945877362e-07 4.435864890297955348e-06
3.750093742969277111e-01 8.267973856209149819e-01 1.520218911523259393e-02 2.321428571428571785e-01 1.165501165501165448e-01 4.807692307692307265e-01 4.807692307692307265e-01 8.944543828264757412e-02 7.695385846646350149e-04 7.695385846646350149e-04 2.136752136752136377e-01 1.582779360557138096e-02 4.807674278913761161e-06 7.695385846646350149e-04 7.695385846646350149e-04 6.333769995633377337e-02 3.749971875210935589e-06 9.999800003999920349e-06 8.400000000000000799e-01 9.994007191370355425e-01 2.498313525945877362e-07 4.435864890297955348e-06
4.375046871484638555e-01 9.901960784313724728e-01 1.269357705001269120e-02 2.321428571428571785e-01 1.165501165501165448e-01 4.807692307692307265e-01 4.807692307692307265e-01 8.944543828264757412e-02 7.695385846646350149e-04 7.695385846646350149e-04 2.136752136752136377e-01 1.582779360557138096e-02 4.807674278913761161e-06 7.695385846646350149e-04 7.695385846646350149e-04 1.083372499608337286e-01 1.000029999775001593e-01 6.667533316000347210e-02 8.799999999999998934e-01 9.994007191370355425e-01 2.498313525945877362e-07 4.435864890297955348e-06
1.250281228907831887e-01 5.326797385620914982e-01 2.359603586597451563e-02 2.321428571428571785e-01 1.165501165501165448e-01 4.807692307692307265e-01 4.807692307692307265e-01 8.944543828264757412e-02 7.695385846646350149e-04 7.695385846646350149e-04 2.136752136752136377e-01 1.582779360557138096e-02 4.807674278913761161e-06 7.695385846646350149e-04 7.695385846646350149e-04 6.167104995616710938e-02 3.749971875210935589e-06 9.999800003999920349e-06 7.319999999999999840e-01 9.994007191370355425e-01 2.498313525945877362e-07 4.435864890297955348e-06
7.124840636952228801e-01 9.901960784313724728e-01 1.269357705001269120e-02 2.321428571428571785e-01 1.165501165501165448e-01 4.807692307692307265e-01 4.807692307692307265e-01 8.944543828264757412e-02 7.695385846646350149e-04 7.695385846646350149e-04 2.136752136752136377e-01 1.582779360557138096e-02 4.807674278913761161e-06 7.695385846646350149e-04 7.695385846646350149e-04 4.167124995416712774e-02 2.500356247328144876e-02 2.400951980960380761e-02 8.400000000000000799e-01 9.994007191370355425e-01 2.498313525945877362e-07 4.435864890297955348e-06
4.000074994375422133e-01 6.633986928104574909e-01 1.894657067070859915e-02 4.107142857142856984e-01 6.587615283267457544e-02 2.717391304347825942e-01 2.717391304347825942e-01 5.055611729019211797e-02 4.349565913321850556e-04 4.349565913321850556e-04 1.207729468599033906e-01 8.946144211844695923e-03 2.717381114168647981e-06 4.349565913321850556e-04 4.349565913321850556e-04 3.000469995300046946e-02 3.749971875210935589e-06 9.999800003999920349e-06 7.319999999999999840e-01 9.994007191370355425e-01 2.498313525945877362e-07 4.435864890297955348e-06
3.812589055820813644e-01 9.901960784313724728e-01 1.269357705001269120e-02 2.321428571428571785e-01 1.165501165501165448e-01 4.807692307692307265e-01 4.807692307692307265e-01 8.944543828264757412e-02 7.695385846646350149e-04 7.695385846646350149e-04 2.136752136752136377e-01 1.582779360557138096e-02 4.807674278913761161e-06 7.695385846646350149e-04 7.695385846646350149e-04 2.000479995200047864e-02 3.749971875210935589e-06 9.999800003999920349e-06 8.400000000000000799e-01 9.994007191370355425e-01 2.498313525945877362e-07 4.435864890297955348e-06
9.999625028122890447e-01 9.248366013071894765e-01 1.359064963305245920e-02 2.321428571428571785e-01 1.165501165501165448e-01 4.807692307692307265e-01 4.807692307692307265e-01 8.944543828264757412e-02 7.695385846646350149e-04 7.695385846646350149e-04 2.136752136752136377e-01 1.582779360557138096e-02 4.807674278913761161e-06 7.695385846646350149e-04 7.695385846646350149e-04 1.000039999600004087e-01 3.749971875210935589e-06 9.999800003999920349e-06 8.400000000000000799e-01 9.994007191370355425e-01 2.498313525945877362e-07 4.435864890297955348e-06
3.000149988750843710e-01 9.901960784313724728e-01 1.269357705001269120e-02 2.321428571428571785e-01 1.165501165501165448e-01 4.807692307692307265e-01 4.807692307692307265e-01 8.944543828264757412e-02 7.695385846646350149e-04 7.695385846646350149e-04 2.136752136752136377e-01 1.582779360557138096e-02 4.807674278913761161e-06 7.695385846646350149e-04 7.695385846646350149e-04 6.667099995666710133e-02 3.749971875210935589e-06 6.667533316000347210e-02 8.400000000000000799e-01 9.994007191370355425e-01 2.498313525945877362e-07 4.435864890297955348e-06
1.875234357423193055e-01 3.692810457516340072e-01 3.403675970047650989e-02 2.321428571428571785e-01 1.165501165501165448e-01 4.807692307692307265e-01 4.807692307692307265e-01 8.944543828264757412e-02 7.695385846646350149e-04 7.695385846646350149e-04 2.136752136752136377e-01 1.582779360557138096e-02 4.807674278913761161e-06 7.695385846646350149e-04 7.695385846646350149e-04 5.000449995500045458e-02 3.749971875210935589e-06 9.999800003999920349e-06 8.400000000000000799e-01 9.994007191370355425e-01 2.498313525945877362e-07 4.435864890297955348e-06
6.253281003924705816e-02 1.078431372549019523e-01 1.165501165501165448e-01 4.107142857142856984e-01 6.587615283267457544e-02 2.717391304347825942e-01 2.717391304347825942e-01 5.055611729019211797e-02 4.349565913321850556e-04 4.349565913321850556e-04 1.207729468599033906e-01 8.946144211844695923e-03 2.717381114168647981e-06 4.349565913321850556e-04 4.349565913321850556e-04 2.500474995250047405e-02 3.749971875210935589e-06 6.676533136003946940e-03 8.400000000000000799e-01 9.994007191370355425e-01 2.498313525945877362e-07 4.435864890297955348e-06
1.000299977501687282e-01 9.901960784313724728e-01 1.269357705001269120e-02 2.321428571428571785e-01 1.165501165501165448e-01 4.807692307692307265e-01 4.807692307692307265e-01 8.944543828264757412e-02 7.695385846646350149e-04 7.695385846646350149e-04 2.136752136752136377e-01 1.582779360557138096e-02 4.807674278913761161e-06 7.695385846646350149e-04 7.695385846646350149e-04 2.500474995250047405e-02 3.749971875210935589e-06 9.999800003999920349e-06 8.400000000000000799e-01 9.994007191370355425e-01 2.498313525945877362e-07 4.435864890297955348e-06
7.503187260955426763e-02 9.901960784313724728e-01 1.269357705001269120e-02 2.321428571428571785e-01 1.165501165501165448e-01 4.807692307692307265e-01 4.807692307692307265e-01 8.944543828264757412e-02 7.695385846646350149e-04 7.695385846646350149e-04 2.136752136752136377e-01 1.582779360557138096e-02 4.807674278913761161e-06 7.695385846646350149e-04 7.695385846646350149e-04 4.167124995416712774e-02 3.749971875210935589e-06 9.999800003999920349e-06 8.799999999999998934e-01 9.994007191370355425e-01 2.498313525945877362e-07 4.435864890297955348e-06
1.750243731720120821e-01 4.019607843137255054e-01 3.126954346466541412e-02 2.321428571428571785e-01 1.165501165501165448e-01 4.807692307692307265e-01 4.807692307692307265e-01 8.944543828264757412e-02 7.695385846646350149e-04 7.695385846646350149e-04 2.136752136752136377e-01 1.582779360557138096e-02 4.807674278913761161e-06 7.695385846646350149e-04 7.695385846646350149e-04 1.671649950167165095e-03 3.749971875210935589e-06 9.999800003999920349e-06 1.199999999999999956e-01 5.992808629644426300e-04 4.166354190102408901e-04 7.397544015386891235e-03
3.750093742969277111e-01 6.633986928104574909e-01 1.894657067070859915e-02 5.892857142857143016e-01 4.591368227731864454e-02 1.893939393939393923e-01 1.893939393939393923e-01 3.523608174770966051e-02 3.031515636557653303e-04 3.031515636557653303e-04 8.417508417508418050e-02 6.235191420376605224e-03 1.893932291693299980e-06 3.031515636557653303e-04 3.031515636557653303e-04 3.333799995333380090e-02 6.250328122539081099e-02 6.000879982400351975e-02 6.919999999999999485e-01 9.994007191370355425e-01 2.498313525945877362e-07 4.435864890297955348e-06
9.999625028122890447e-01 9.901960784313724728e-01 1.269357705001269120e-02 5.892857142857143016e-01 4.591368227731864454e-02 1.893939393939393923e-01 1.893939393939393923e-01 3.523608174770966051e-02 3.031515636557653303e-04 3.031515636557653303e-04 8.417508417508418050e-02 6.235191420376605224e-03 1.893932291693299980e-06 3.031515636557653303e-04 3.031515636557653303e-04 1.166704999616670624e-01 3.749971875210935589e-06 9.999800003999920349e-06 8.400000000000000799e-01 9.994007191370355425e-01 2.498313525945877362e-07 4.435864890297955348e-06
1.875234357423193055e-01 2.385620915032679590e-01 5.268703898840884636e-02 7.678571428571429047e-01 3.523608174770965357e-02 1.453488372093023062e-01 1.453488372093023062e-01 2.704164413196322517e-02 2.326512000148896664e-04 2.326512000148896664e-04 6.459948320413436140e-02 4.785146904009952504e-03 1.453482921532067475e-06 2.326512000148896664e-04 2.326512000148896664e-04 1.000039999600004087e-01 1.625025312310157399e-01 1.000079998400032061e-01 8.400000000000000799e-01 9.994007191370355425e-01 2.498313525945877362e-07 4.435864890297955348e-06
6.253281003924705816e-02 5.653594771241829964e-01 2.223210315695864706e-02 2.321428571428571785e-01 1.165501165501165448e-01 4.807692307692307265e-01 4.807692307692307265e-01 8.944543828264757412e-02 7.695385846646350149e-04 7.695385846646350149e-04 2.136752136752136377e-01 1.582779360557138096e-02 4.807674278913761161e-06 7.695385846646350149e-04 7.695385846646350149e-04 1.333369999633337022e-01 1.125029062282032755e-01 6.667533316000347210e-02 8.799999999999998934e-01 9.994007191370355425e-01 2.498313525945877362e-07 4.435864890297955348e-06
6.253281003924705816e-02 9.901960784313724728e-01 1.269357705001269120e-02 2.321428571428571785e-01 1.165501165501165448e-01 4.807692307692307265e-01 4.807692307692307265e-01 8.944543828264757412e-02 7.695385846646350149e-04 7.695385846646350149e-04 2.136752136752136377e-01 1.582779360557138096e-02 4.807674278913761161e-06 7.695385846646350149e-04 7.695385846646350149e-04 3.333799995333380090e-02 3.749971875210935589e-06 9.999800003999920349e-06 6.520000000000000240e-01 9.994007191370355425e-01 2.498313525945877362e-07 4.435864890297955348e-06
2.437692173087018244e-01 9.901960784313724728e-01 1.269357705001269120e-02 2.321428571428571785e-01 1.165501165501165448e-01 4.807692307692307265e-01 4.807692307692307265e-01 8.944543828264757412e-02 7.695385846646350149e-04 7.695385846646350149e-04 2.136752136752136377e-01 1.582779360557138096e-02 4.807674278913761161e-06 7.695385846646350149e-04 7.695385846646350149e-04 1.166704999616670624e-01 6.250328122539081099e-02 3.334266648000373118e-02 7.319999999999999840e-01 9.994007191370355425e-01 2.498313525945877362e-07 4.435864890297955348e-06
3.125140614453916221e-01 9.901960784313724728e-01 1.269357705001269120e-02 2.321428571428571785e-01 1.165501165501165448e-01 4.807692307692307265e-01 4.807692307692307265e-01 8.944543828264757412e-02 7.695385846646350149e-04 7.695385846646350149e-04 2.136752136752136377e-01 1.582779360557138096e-02 4.807674278913761161e-06 7.695385846646350149e-04 7.695385846646350149e-04 1.333369999633337022e-01 1.250028124789063777e-01 1.000079998400032061e-01 8.400000000000000799e-01 9.994007191370355425e-01 2.498313525945877362e-07 4.435864890297955348e-06
9.374671899607529557e-01 8.267973856209149819e-01 1.520218911523259393e-02 4.107142857142856984e-01 6.587615283267457544e-02 2.717391304347825942e-01 2.717391304347825942e-01 5.055611729019211797e-02 4.349565913321850556e-04 4.349565913321850556e-04 1.207729468599033906e-01 8.946144211844695923e-03 2.717381114168647981e-06 4.349565913321850556e-04 4.349565913321850556e-04 5.833774995583378142e-02 3.749971875210935589e-06 9.999800003999920349e-06 8.400000000000000799e-01 9.994007191370355425e-01 2.498313525945877362e-07 4.435864890297955348e-06
1.000299977501687282e-01 9.901960784313724728e-01 1.269357705001269120e-02 2.321428571428571785e-01 1.165501165501165448e-01 4.807692307692307265e-01 4.807692307692307265e-01 8.944543828264757412e-02 7.695385846646350149e-04 7.695385846646350149e-04 2.136752136752136377e-01 1.582779360557138096e-02 4.807674278913761161e-06 7.695385846646350149e-04 7.695385846646350149e-04 4.167124995416712774e-02 3.749971875210935589e-06 9.999800003999920349e-06 8.400000000000000799e-01 9.994007191370355425e-01 2.498313525945877362e-07 4.435864890297955348e-06
1.250281228907831887e-01 9.901960784313724728e-01 1.269357705001269120e-02 2.321428571428571785e-01 1.165501165501165448e-01 4.807692307692307265e-01 4.807692307692307265e-01 8.944543828264757412e-02 7.695385846646350149e-04 7.695385846646350149e-04 2.136752136752136377e-01 1.582779360557138096e-02 4.807674278913761161e-06 7.695385846646350149e-04 7.695385846646350149e-04 6.667099995666710133e-02 3.749971875210935589e-06 9.999800003999920349e-06 8.799999999999998934e-01 9.994007191370355425e-01 2.498313525945877362e-07 4.435864890297955348e-06
3.750093742969277111e-01 6.960784313725489891e-01 1.805706031058143535e-02 2.321428571428571785e-01 1.165501165501165448e-01 4.807692307692307265e-01 4.807692307692307265e-01 8.944543828264757412e-02 7.695385846646350149e-04 7.695385846646350149e-04 2.136752136752136377e-01 1.582779360557138096e-02 4.807674278913761161e-06 7.695385846646350149e-04 7.695385846646350149e-04 8.333749995833375501e-02 3.750346872398457182e-02 1.667633314000386766e-02 8.400000000000000799e-01 9.994007191370355425e-01 2.498313525945877362e-07 4.435864890297955348e-06
3.125140614453916221e-01 9.901960784313724728e-01 1.269357705001269120e-02 2.321428571428571785e-01 1.165501165501165448e-01 4.807692307692307265e-01 4.807692307692307265e-01 8.944543828264757412e-02 7.695385846646350149e-04 7.695385846646350149e-04 2.136752136752136377e-01 1.582779360557138096e-02 4.807674278913761161e-06 7.695385846646350149e-04 7.695385846646350149e-04 1.166704999616670624e-01 5.000337497468768794e-02 2.334286647600381306e-02 8.400000000000000799e-01 9.994007191370355425e-01 2.498313525945877362e-07 4.435864890297955348e-06
4.375046871484638555e-01 9.901960784313724728e-01 1.269357705001269120e-02 2.321428571428571785e-01 1.165501165501165448e-01 4.807692307692307265e-01 4.807692307692307265e-01 8.944543828264757412e-02 7.695385846646350149e-04 7.695385846646350149e-04 2.136752136752136377e-01 1.582779360557138096e-02 4.807674278913761161e-06 7.695385846646350149e-04 7.695385846646350149e-04 8.338249950833825572e-03 3.749971875210935589e-06 9.999800003999920349e-06 8.799999999999998934e-01 9.994007191370355425e-01 2.498313525945877362e-07 4.435864890297955348e-06
1.125290603204759515e-01 2.712418300653595127e-01 4.633920296570898101e-02 2.321428571428571785e-01 1.165501165501165448e-01 4.807692307692307265e-01 4.807692307692307265e-01 8.944543828264757412e-02 7.695385846646350149e-04 7.695385846646350149e-04 2.136752136752136377e-01 1.582779360557138096e-02 4.807674278913761161e-06 7.695385846646350149e-04 7.695385846646350149e-04 6.667099995666710133e-02 3.749971875210935589e-06 9.999800003999920349e-06 1.199999999999999956e-01 5.992808629644426300e-04 4.166354190102408901e-04 7.397544015386891235e-03
6.253281003924705816e-02 5.000000000000000000e-01 2.513826043237808033e-02 4.107142857142856984e-01 6.587615283267457544e-02 2.717391304347825942e-01 2.717391304347825942e-01 5.055611729019211797e-02 4.349565913321850556e-04 4.349565913321850556e-04 1.207729468599033906e-01 8.946144211844695923e-03 2.717381114168647981e-06 4.349565913321850556e-04 4.349565913321850556e-04 9.167074995916707492e-02 3.749971875210935589e-06 9.999800003999920349e-06 8.799999999999998934e-01 9.994007191370355425e-01 2.498313525945877362e-07 4.435864890297955348e-06
1.250281228907831887e-01 8.594771241830064801e-01 1.462415911085112458e-02 2.321428571428571785e-01 1.165501165501165448e-01 4.807692307692307265e-01 4.807692307692307265e-01 8.944543828264757412e-02 7.695385846646350149e-04 7.695385846646350149e-04 2.136752136752136377e-01 1.582779360557138096e-02 4.807674278913761161e-06 7.695385846646350149e-04 7.695385846646350149e-04 3.333799995333380090e-02 3.749971875210935589e-06 9.999800003999920349e-06 8.799999999999998934e-01 9.994007191370355425e-01 2.498313525945877362e-07 4.435864890297955348e-06
5.000000000000000000e-01 9.901960784313724728e-01 1.269357705001269120e-02 4.107142857142856984e-01 6.587615283267457544e-02 2.717391304347825942e-01 2.717391304347825942e-01 5.055611729019211797e-02 4.349565913321850556e-04 4.349565913321850556e-04 1.207729468599033906e-01 8.946144211844695923e-03 2.717381114168647981e-06 4.349565913321850556e-04 4.349565913321850556e-04 2.500024999750002364e-01 3.750009374929687556e-01 1.000079998400032061e-01 8.400000000000000799e-01 9.994007191370355425e-01 2.498313525945877362e-07 4.435864890297955348e-06
1.250281228907831887e-01 4.019607843137255054e-01 3.126954346466541412e-02 2.321428571428571785e-01 1.165501165501165448e-01 4.807692307692307265e-01 4.807692307692307265e-01 8.944543828264757412e-02 7.695385846646350149e-04 7.695385846646350149e-04 2.136752136752136377e-01 1.582779360557138096e-02 4.807674278913761161e-06 7.695385846646350149e-04 7.695385846646350149e-04 9.333739995933373890e-02 1.500363747271895275e-02 9.999800003999920349e-06 8.799999999999998934e-01 9.994007191370355425e-01 2.498313525945877362e-07 4.435864890297955348e-06
1.250281228907831887e-01 9.901960784313724728e-01 1.269357705001269120e-02 4.107142857142856984e-01 6.587615283267457544e-02 2.717391304347825942e-01 2.717391304347825942e-01 5.055611729019211797e-02 4.349565913321850556e-04 4.349565913321850556e-04 1.207729468599033906e-01 8.946144211844695923e-03 2.717381114168647981e-06 4.349565913321850556e-04 4.349565913321850556e-04 8.333749995833375501e-02 3.749971875210935589e-06 9.999800003999920349e-06 6.919999999999999485e-01 9.994007191370355425e-01 2.498313525945877362e-07 4.435864890297955348e-06
1.250281228907831887e-01 2.385620915032679590e-01 5.268703898840884636e-02 2.321428571428571785e-01 1.165501165501165448e-01 4.807692307692307265e-01 4.807692307692307265e-01 8.944543828264757412e-02 7.695385846646350149e-04 7.695385846646350149e-04 2.136752136752136377e-01 1.582779360557138096e-02 4.807674278913761161e-06 7.695385846646350149e-04 7.695385846646350149e-04 1.316703499631670382e-01 3.749971875210935589e-06 9.999800003999920349e-06 1.199999999999999956e-01 5.992808629644426300e-04 4.166354190102408901e-04 7.397544015386891235e-03
1.250281228907831887e-01 9.901960784313724728e-01 1.269357705001269120e-02 9.464285714285715079e-01 2.858776443682104276e-02 1.179245283018867940e-01 1.179245283018867940e-01 2.193944712593242849e-02 1.887547471818916238e-04 1.887547471818916238e-04 5.241090146750524564e-02 3.882288997592981111e-03 1.179240860865639786e-06 1.887547471818916238e-04 1.887547471818916238e-04 1.000039999600004087e-01 3.749971875210935589e-06 9.999800003999920349e-06 8.400000000000000799e-01 9.994007191370355425e-01 2.498313525945877362e-07 4.435864890297955348e-06
1.250281228907831887e-01 2.385620915032679590e-01 5.268703898840884636e-02 2.321428571428571785e-01 1.165501165501165448e-01 4.807692307692307265e-01 4.807692307692307265e-01 8.944543828264757412e-02 7.695385846646350149e-04 7.695385846646350149e-04 2.136752136752136377e-01 1.582779360557138096e-02 4.807674278913761161e-06 7.695385846646350149e-04 7.695385846646350149e-04 5.000449995500045458e-02 3.749971875210935589e-06 9.999800003999920349e-06 8.799999999999998934e-01 9.994007191370355425e-01 2.498313525945877362e-07 4.435864890297955348e-06
1.250281228907831887e-01 1.732026143790849626e-01 7.256894049346879205e-02 4.107142857142856984e-01 6.587615283267457544e-02 2.717391304347825942e-01 2.717391304347825942e-01 5.055611729019211797e-02 4.349565913321850556e-04 4.349565913321850556e-04 1.207729468599033906e-01 8.946144211844695923e-03 2.717381114168647981e-06 4.349565913321850556e-04 4.349565913321850556e-04 1.416702499641670221e-01 1.125029062282032755e-01 5.000899982000359817e-02 8.799999999999998934e-01 9.994007191370355425e-01 2.498313525945877362e-07 4.435864890297955348e-06
1.250281228907831887e-01 9.901960784313724728e-01 1.269357705001269120e-02 4.107142857142856984e-01 6.587615283267457544e-02 2.717391304347825942e-01 2.717391304347825942e-01 5.055611729019211797e-02 4.349565913321850556e-04 4.349565913321850556e-04 1.207729468599033906e-01 8.946144211844695923e-03 2.717381114168647981e-06 4.349565913321850556e-04 4.349565913321850556e-04 1.166704999616670624e-01 3.749971875210935589e-06 9.999800003999920349e-06 8.400000000000000799e-01 9.994007191370355425e-01 2.498313525945877362e-07 4.435864890297955348e-06
1.000299977501687282e-01 9.901960784313724728e-01 1.269357705001269120e-02 2.321428571428571785e-01 1.165501165501165448e-01 4.807692307692307265e-01 4.807692307692307265e-01 8.944543828264757412e-02 7.695385846646350149e-04 7.695385846646350149e-04 2.136752136752136377e-01 1.582779360557138096e-02 4.807674278913761161e-06 7.695385846646350149e-04 7.695385846646350149e-04 2.500474995250047405e-02 3.749971875210935589e-06 9.999800003999920349e-06 8.400000000000000799e-01 9.994007191370355425e-01 2.498313525945877362e-07 4.435864890297955348e-06
6.878234132440065596e-02 9.901960784313724728e-01 1.269357705001269120e-02 4.107142857142856984e-01 6.587615283267457544e-02 2.717391304347825942e-01 2.717391304347825942e-01 5.055611729019211797e-02 4.349565913321850556e-04 4.349565913321850556e-04 1.207729468599033906e-01 8.946144211844695923e-03 2.717381114168647981e-06 4.349565913321850556e-04 4.349565913321850556e-04 6.667099995666710133e-02 5.000000000000000000e-01 1.333406665200029539e-01 8.400000000000000799e-01 9.994007191370355425e-01 2.498313525945877362e-07 4.435864890297955348e-06
1.250281228907831887e-01 5.326797385620914982e-01 2.359603586597451563e-02 2.321428571428571785e-01 1.165501165501165448e-01 4.807692307692307265e-01 4.807692307692307265e-01 8.944543828264757412e-02 7.695385846646350149e-04 7.695385846646350149e-04 2.136752136752136377e-01 1.582779360557138096e-02 4.807674278913761161e-06 7.695385846646350149e-04 7.695385846646350149e-04 1.316703499631670382e-01 3.749971875210935589e-06 9.999800003999920349e-06 8.400000000000000799e-01 9.994007191370355425e-01 2.498313525945877362e-07 4.435864890297955348e-06
1.250281228907831887e-01 2.385620915032679590e-01 5.268703898840884636e-02 2.321428571428571785e-01 1.165501165501165448e-01 4.807692307692307265e-01 4.807692307692307265e-01 8.944543828264757412e-02 7.695385846646350149e-04 7.695385846646350149e-04 2.136752136752136377e-01 1.582779360557138096e-02 4.807674278913761161e-06 7.695385846646350149e-04 7.695385846646350149e-04 8.333749995833375501e-02 1.500363747271895275e-02 3.343266468003973368e-03 1.199999999999999956e-01 5.992808629644426300e-04 4.166354190102408901e-04 7.397544015386891235e-03
1.875234357423193055e-01 9.901960784313724728e-01 1.269357705001269120e-02 2.321428571428571785e-01 1.165501165501165448e-01 4.807692307692307265e-01 4.807692307692307265e-01 8.944543828264757412e-02 7.695385846646350149e-04 7.695385846646350149e-04 2.136752136752136377e-01 1.582779360557138096e-02 4.807674278913761161e-06 7.695385846646350149e-04 7.695385846646350149e-04 3.333799995333380090e-02 3.749971875210935589e-06 9.999800003999920349e-06 8.799999999999998934e-01 9.994007191370355425e-01 2.498313525945877362e-07 4.435864890297955348e-06
1.875234357423193055e-01 5.000000000000000000e-01 2.513826043237808033e-02 2.321428571428571785e-01 1.165501165501165448e-01 4.807692307692307265e-01 4.807692307692307265e-01 8.944543828264757412e-02 7.695385846646350149e-04 7.695385846646350149e-04 2.136752136752136377e-01 1.582779360557138096e-02 4.807674278913761161e-06 7.695385846646350149e-04 7.695385846646350149e-04 6.667099995666710133e-02 3.749971875210935589e-06 9.999800003999920349e-06 8.799999999999998934e-01 9.994007191370355425e-01 2.498313525945877362e-07 4.435864890297955348e-06
1.250281228907831887e-01 5.326797385620914982e-01 2.359603586597451563e-02 2.321428571428571785e-01 1.165501165501165448e-01 4.807692307692307265e-01 4.807692307692307265e-01 8.944543828264757412e-02 7.695385846646350149e-04 7.695385846646350149e-04 2.136752136752136377e-01 1.582779360557138096e-02 4.807674278913761161e-06 7.695385846646350149e-04 7.695385846646350149e-04 5.000449995500045458e-02 3.749971875210935589e-06 9.999800003999920349e-06 8.799999999999998934e-01 9.994007191370355425e-01 2.498313525945877362e-07 4.435864890297955348e-06
3.125140614453916221e-01 5.653594771241829964e-01 2.223210315695864706e-02 2.321428571428571785e-01 1.165501165501165448e-01 4.807692307692307265e-01 4.807692307692307265e-01 8.944543828264757412e-02 7.695385846646350149e-04 7.695385846646350149e-04 2.136752136752136377e-01 1.582779360557138096e-02 4.807674278913761161e-06 7.695385846646350149e-04 7.695385846646350149e-04 1.166704999616670624e-01 1.750024374817188699e-01 5.000899982000359817e-02 8.400000000000000799e-01 9.994007191370355425e-01 2.498313525945877362e-07 4.435864890297955348e-06
6.249906257030722889e-01 9.901960784313724728e-01 1.269357705001269120e-02 4.107142857142856984e-01 6.587615283267457544e-02 2.717391304347825942e-01 2.717391304347825942e-01 5.055611729019211797e-02 4.349565913321850556e-04 4.349565913321850556e-04 1.207729468599033906e-01 8.946144211844695923e-03 2.717381114168647981e-06 4.349565913321850556e-04 4.349565913321850556e-04 1.333369999633337022e-01 3.749971875210935589e-06 6.667533316000347210e-02 8.400000000000000799e-01 9.994007191370355425e-01 2.498313525945877362e-07 4.435864890297955348e-06
1.875234357423193055e-01 9.901960784313724728e-01 1.269357705001269120e-02 4.107142857142856984e-01 6.587615283267457544e-02 2.717391304347825942e-01 2.717391304347825942e-01 5.055611729019211797e-02 4.349565913321850556e-04 4.349565913321850556e-04 1.207729468599033906e-01 8.946144211844695923e-03 2.717381114168647981e-06 4.349565913321850556e-04 4.349565913321850556e-04 6.667099995666710133e-02 6.250328122539081099e-02 5.000899982000359817e-02 8.400000000000000799e-01 9.994007191370355425e-01 2.498313525945877362e-07 4.435864890297955348e-06
1.250281228907831887e-01 9.901960784313724728e-01 1.269357705001269120e-02 2.321428571428571785e-01 1.165501165501165448e-01 4.807692307692307265e-01 4.807692307692307265e-01 8.944543828264757412e-02 7.695385846646350149e-04 7.695385846646350149e-04 2.136752136752136377e-01 1.582779360557138096e-02 4.807674278913761161e-06 7.695385846646350149e-04 7.695385846646350149e-04 8.333749995833375501e-02 3.749971875210935589e-06 9.999800003999920349e-06 8.799999999999998934e-01 9.994007191370355425e-01 2.498313525945877362e-07 4.435864890297955348e-06
6.253281003924705816e-02 9.901960784313724728e-01 1.269357705001269120e-02 2.321428571428571785e-01 1.165501165501165448e-01 4.807692307692307265e-01 4.807692307692307265e-01 8.944543828264757412e-02 7.695385846646350149e-04 7.695385846646350149e-04 2.136752136752136377e-01 1.582779360557138096e-02 4.807674278913761161e-06 7.695385846646350149e-04 7.695385846646350149e-04 6.667099995666710133e-02 3.749971875210935589e-06 9.999800003999920349e-06 8.799999999999998934e-01 9.994007191370355425e-01 2.498313525945877362e-07 4.435864890297955348e-06
1.000299977501687282e-01 3.366013071895425091e-01 3.734129947722180515e-02 4.107142857142856984e-01 6.587615283267457544e-02 2.717391304347825942e-01 2.717391304347825942e-01 5.055611729019211797e-02 4.349565913321850556e-04 4.349565913321850556e-04 1.207729468599033906e-01 8.946144211844695923e-03 2.717381114168647981e-06 4.349565913321850556e-04 4.349565913321850556e-04 8.333749995833375501e-02 3.749971875210935589e-06 9.999800003999920349e-06 8.799999999999998934e-01 9.994007191370355425e-01 2.498313525945877362e-07 4.435864890297955348e-06
4.375046871484638555e-01 8.594771241830064801e-01 1.462415911085112458e-02 2.321428571428571785e-01 1.165501165501165448e-01 4.807692307692307265e-01 4.807692307692307265e-01 8.944543828264757412e-02 7.695385846646350149e-04 7.695385846646350149e-04 2.136752136752136377e-01 1.582779360557138096e-02 4.807674278913761161e-06 7.695385846646350149e-04 7.695385846646350149e-04 5.833774995583378142e-02 3.749971875210935589e-06 9.999800003999920349e-06 8.400000000000000799e-01 9.994007191370355425e-01 2.498313525945877362e-07 4.435864890297955348e-06
1.250281228907831887e-01 5.000000000000000000e-01 2.513826043237808033e-02 2.321428571428571785e-01 1.165501165501165448e-01 4.807692307692307265e-01 4.807692307692307265e-01 8.944543828264757412e-02 7.695385846646350149e-04 7.695385846646350149e-04 2.136752136752136377e-01 1.582779360557138096e-02 4.807674278913761161e-06 7.695385846646350149e-04 7.695385846646350149e-04 8.333749995833375501e-02 3.749971875210935589e-06 9.999800003999920349e-06 8.799999999999998934e-01 9.994007191370355425e-01 2.498313525945877362e-07 4.435864890297955348e-06
1.250281228907831887e-01 9.901960784313724728e-01 1.269357705001269120e-02 2.321428571428571785e-01 1.165501165501165448e-01 4.807692307692307265e-01 4.807692307692307265e-01 8.944543828264757412e-02 7.695385846646350149e-04 7.695385846646350149e-04 2.136752136752136377e-01 1.582779360557138096e-02 4.807674278913761161e-06 7.695385846646350149e-04 7.695385846646350149e-04 6.667099995666710133e-02 3.749971875210935589e-06 9.999800003999920349e-06 8.400000000000000799e-01 9.994007191370355425e-01 2.498313525945877362e-07 4.435864890297955348e-06
1.875234357423193055e-01 9.901960784313724728e-01 1.269357705001269120e-02 2.321428571428571785e-01 1.165501165501165448e-01 4.807692307692307265e-01 4.807692307692307265e-01 8.944543828264757412e-02 7.695385846646350149e-04 7.695385846646350149e-04 2.136752136752136377e-01 1.582779360557138096e-02 4.807674278913761161e-06 7.695385846646350149e-04 7.695385846646350149e-04 8.333749995833375501e-02 1.250365622257832918e-02 2.334286647600381306e-02 8.400000000000000799e-01 9.994007191370355425e-01 2.498313525945877362e-07 4.435864890297955348e-06
1.250281228907831887e-01 8.921568627450979783e-01 1.408847562693716499e-02 4.107142857142856984e-01 6.587615283267457544e-02 2.717391304347825942e-01 2.717391304347825942e-01 5.055611729019211797e-02 4.349565913321850556e-04 4.349565913321850556e-04 1.207729468599033906e-01 8.946144211844695923e-03 2.717381114168647981e-06 4.349565913321850556e-04 4.349565913321850556e-04 6.667099995666710133e-02 1.250365622257832918e-02 1.667633314000386766e-02 8.400000000000000799e-01 9.994007191370355425e-01 2.498313525945877362e-07 4.435864890297955348e-06
6.249906257030722889e-01 5.980392156862744946e-01 2.101723413198822860e-02 5.892857142857143016e-01 4.591368227731864454e-02 1.893939393939393923e-01 1.893939393939393923e-01 3.523608174770966051e-02 3.031515636557653303e-04 3.031515636557653303e-04 8.417508417508418050e-02 6.235191420376605224e-03 1.893932291693299980e-06 3.031515636557653303e-04 3.031515636557653303e-04 1.266703999626670463e-01 3.749971875210935589e-06 9.999800003999920349e-06 8.400000000000000799e-01 9.994007191370355425e-01 2.498313525945877362e-07 4.435864890297955348e-06
8.128140389470789318e-02 8.594771241830064801e-01 1.462415911085112458e-02 2.321428571428571785e-01 1.165501165501165448e-01 4.807692307692307265e-01 4.807692307692307265e-01 8.944543828264757412e-02 7.695385846646350149e-04 7.695385846646350149e-04 2.136752136752136377e-01 1.582779360557138096e-02 4.807674278913761161e-06 7.695385846646350149e-04 7.695385846646350149e-04 5.833774995583378142e-02 1.500363747271895275e-02 6.676533136003946940e-03 8.799999999999998934e-01 9.994007191370355425e-01 2.498313525945877362e-07 4.435864890297955348e-06
4.375046871484638555e-01 9.901960784313724728e-01 1.269357705001269120e-02 2.321428571428571785e-01 1.165501165501165448e-01 4.807692307692307265e-01 4.807692307692307265e-01 8.944543828264757412e-02 7.695385846646350149e-04 7.695385846646350149e-04 2.136752136752136377e-01 1.582779360557138096e-02 4.807674278913761161e-06 7.695385846646350149e-04 7.695385846646350149e-04 1.666699999666669818e-01 1.250028124789063777e-01 1.666733332000026879e-01 8.400000000000000799e-01 9.994007191370355425e-01 2.498313525945877362e-07 4.435864890297955348e-06
1.000299977501687282e-01 1.078431372549019523e-01 1.165501165501165448e-01 2.321428571428571785e-01 1.165501165501165448e-01 4.807692307692307265e-01 4.807692307692307265e-01 8.944543828264757412e-02 7.695385846646350149e-04 7.695385846646350149e-04 2.136752136752136377e-01 1.582779360557138096e-02 4.807674278913761161e-06 7.695385846646350149e-04 7.695385846646350149e-04 2.000029999700002892e-01 3.749971875210935589e-06 9.999800003999920349e-06 8.799999999999998934e-01 9.994007191370355425e-01 2.498313525945877362e-07 4.435864890297955348e-06
1.250281228907831887e-01 9.901960784313724728e-01 1.269357705001269120e-02 2.321428571428571785e-01 1.165501165501165448e-01 4.807692307692307265e-01 4.807692307692307265e-01 8.944543828264757412e-02 7.695385846646350149e-04 7.695385846646350149e-04 2.136752136752136377e-01 1.582779360557138096e-02 4.807674278913761161e-06 7.695385846646350149e-04 7.695385846646350149e-04 7.500424995750043511e-02 1.875360934792988724e-02 8.343166470003934160e-03 8.400000000000000799e-01 9.994007191370355425e-01 2.498313525945877362e-07 4.435864890297955348e-06
3.125140614453916221e-01 6.960784313725489891e-01 1.805706031058143535e-02 2.321428571428571785e-01 1.165501165501165448e-01 4.807692307692307265e-01 4.807692307692307265e-01 8.944543828264757412e-02 7.695385846646350149e-04 7.695385846646350149e-04 2.136752136752136377e-01 1.582779360557138096e-02 4.807674278913761161e-06 7.695385846646350149e-04 7.695385846646350149e-04 5.000449995500045458e-02 5.000337497468768794e-02 5.000899982000359817e-02 8.799999999999998934e-01 9.994007191370355425e-01 2.498313525945877362e-07 4.435864890297955348e-06
8.753093517986150485e-02 1.405228758169934644e-01 8.944543828264757412e-02 2.321428571428571785e-01 1.165501165501165448e-01 4.807692307692307265e-01 4.807692307692307265e-01 8.944543828264757412e-02 7.695385846646350149e-04 7.695385846646350149e-04 2.136752136752136377e-01 1.582779360557138096e-02 4.807674278913761161e-06 7.695385846646350149e-04 7.695385846646350149e-04 6.667099995666710133e-02 3.749971875210935589e-06 9.999800003999920349e-06 1.199999999999999956e-01 5.992808629644426300e-04 4.166354190102408901e-04 7.397544015386891235e-03
3.125140614453916221e-01 8.267973856209149819e-01 1.520218911523259393e-02 2.321428571428571785e-01 1.165501165501165448e-01 4.807692307692307265e-01 4.807692307692307265e-01 8.944543828264757412e-02 7.695385846646350149e-04 7.695385846646350149e-04 2.136752136752136377e-01 1.582779360557138096e-02 4.807674278913761161e-06 7.695385846646350149e-04 7.695385846646350149e-04 5.833774995583378142e-02 2.500356247328144876e-02 3.334266648000373118e-02 8.400000000000000799e-01 9.994007191370355425e-01 2.498313525945877362e-07 4.435864890297955348e-06
6.253281003924705816e-02 2.385620915032679590e-01 5.268703898840884636e-02 2.321428571428571785e-01 1.165501165501165448e-01 4.807692307692307265e-01 4.807692307692307265e-01 8.944543828264757412e-02 7.695385846646350149e-04 7.695385846646350149e-04 2.136752136752136377e-01 1.582779360557138096e-02 4.807674278913761161e-06 7.695385846646350149e-04 7.695385846646350149e-04 3.333799995333380090e-02 1.875360934792988724e-02 6.667533316000347210e-02 8.400000000000000799e-01 9.994007191370355425e-01 2.498313525945877362e-07 4.435864890297955348e-06
8.753093517986150485e-02 8.267973856209149819e-01 1.520218911523259393e-02 2.321428571428571785e-01 1.165501165501165448e-01 4.807692307692307265e-01 4.807692307692307265e-01 8.944543828264757412e-02 7.695385846646350149e-04 7.695385846646350149e-04 2.136752136752136377e-01 1.582779360557138096e-02 4.807674278913761161e-06 7.695385846646350149e-04 7.695385846646350149e-04 6.667099995666710133e-02 2.500356247328144876e-02 1.667633314000386766e-02 8.400000000000000799e-01 9.994007191370355425e-01 2.498313525945877362e-07 4.435864890297955348e-06
4.375046871484638555e-01 9.901960784313724728e-01 1.269357705001269120e-02 5.892857142857143016e-01 4.591368227731864454e-02 1.893939393939393923e-01 1.893939393939393923e-01 3.523608174770966051e-02 3.031515636557653303e-04 3.031515636557653303e-04 8.417508417508418050e-02 6.235191420376605224e-03 1.893932291693299980e-06 3.031515636557653303e-04 3.031515636557653303e-04 6.667099995666710133e-02 3.749971875210935589e-06 9.999800003999920349e-06 8.400000000000000799e-01 9.994007191370355425e-01 2.498313525945877362e-07 4.435864890297955348e-06
4.375046871484638555e-01 9.901960784313724728e-01 1.269357705001269120e-02 2.321428571428571785e-01 1.165501165501165448e-01 4.807692307692307265e-01 4.807692307692307265e-01 8.944543828264757412e-02 7.695385846646350149e-04 7.695385846646350149e-04 2.136752136752136377e-01 1.582779360557138096e-02 4.807674278913761161e-06 7.695385846646350149e-04 7.695385846646350149e-04 3.333799995333380090e-02 3.749971875210935589e-06 9.999800003999920349e-06 8.799999999999998934e-01 9.994007191370355425e-01 2.498313525945877362e-07 4.435864890297955348e-06
1.875234357423193055e-01 9.901960784313724728e-01 1.269357705001269120e-02 2.321428571428571785e-01 1.165501165501165448e-01 4.807692307692307265e-01 4.807692307692307265e-01 8.944543828264757412e-02 7.695385846646350149e-04 7.695385846646350149e-04 2.136752136752136377e-01 1.582779360557138096e-02 4.807674278913761161e-06 7.695385846646350149e-04 7.695385846646350149e-04 5.000449995500045458e-02 6.250328122539081099e-02 6.667533316000347210e-02 8.799999999999998934e-01 9.994007191370355425e-01 2.498313525945877362e-07 4.435864890297955348e-06
1.875234357423193055e-01 3.692810457516340072e-01 3.403675970047650989e-02 5.892857142857143016e-01 4.591368227731864454e-02 1.893939393939393923e-01 1.893939393939393923e-01 3.523608174770966051e-02 3.031515636557653303e-04 3.031515636557653303e-04 8.417508417508418050e-02 6.235191420376605224e-03 1.893932291693299980e-06 3.031515636557653303e-04 3.031515636557653303e-04 3.833794995383379978e-02 3.749971875210935589e-06 8.433164670039932980e-04 8.400000000000000799e-01 9.994007191370355425e-01 2.498313525945877362e-07 4.435864890297955348e-06
1.937729670274729310e-01 2.712418300653595127e-01 4.633920296570898101e-02 4.107142857142856984e-01 6.587615283267457544e-02 2.717391304347825942e-01 2.717391304347825942e-01 5.055611729019211797e-02 4.349565913321850556e-04 4.349565913321850556e-04 1.207729468599033906e-01 8.946144211844695923e-03 2.717381114168647981e-06 4.349565913321850556e-04 4.349565913321850556e-04 3.333799995333380090e-02 3.749971875210935589e-06 6.676533136003946940e-03 8.400000000000000799e-01 9.994007191370355425e-01 2.498313525945877362e-07 4.435864890297955348e-06
2.500187485938554222e-01 3.366013071895425091e-01 3.734129947722180515e-02 2.321428571428571785e-01 1.165501165501165448e-01 4.807692307692307265e-01 4.807692307692307265e-01 8.944543828264757412e-02 7.695385846646350149e-04 7.695385846646350149e-04 2.136752136752136377e-01 1.582779360557138096e-02 4.807674278913761161e-06 7.695385846646350149e-04 7.695385846646350149e-04 4.167124995416712774e-02 1.000029999775001593e-01 3.334266648000373118e-02 8.400000000000000799e-01 9.994007191370355425e-01 2.498313525945877362e-07 4.435864890297955348e-06
1.687748418868584843e-01 4.673202614379085018e-01 2.689618074233458486e-02 5.892857142857143016e-01 4.591368227731864454e-02 1.893939393939393923e-01 1.893939393939393923e-01 3.523608174770966051e-02 3.031515636557653303e-04 3.031515636557653303e-04 8.417508417508418050e-02 6.235191420376605224e-03 1.893932291693299980e-06 3.031515636557653303e-04 3.031515636557653303e-04 1.133371999613337205e-01 8.750309372679704323e-02 4.000919981600368353e-02 8.400000000000000799e-01 9.994007191370355425e-01 2.498313525945877362e-07 4.435864890297955348e-06
1.250281228907831887e-01 1.732026143790849626e-01 7.256894049346879205e-02 4.107142857142856984e-01 6.587615283267457544e-02 2.717391304347825942e-01 2.717391304347825942e-01 5.055611729019211797e-02 4.349565913321850556e-04 4.349565913321850556e-04 1.207729468599033906e-01 8.946144211844695923e-03 2.717381114168647981e-06 4.349565913321850556e-04 4.349565913321850556e-04 5.833774995583378142e-02 1.250028124789063777e-01 6.667533316000347210e-02 1.199999999999999956e-01 5.992808629644426300e-04 4.166354190102408901e-04 7.397544015386891235e-03
1.250281228907831887e-01 6.960784313725489891e-01 1.805706031058143535e-02 4.107142857142856984e-01 6.587615283267457544e-02 2.717391304347825942e-01 2.717391304347825942e-01 5.055611729019211797e-02 4.349565913321850556e-04 4.349565913321850556e-04 1.207729468599033906e-01 8.946144211844695923e-03 2.717381114168647981e-06 4.349565913321850556e-04 4.349565913321850556e-04 1.166704999616670624e-01 3.749971875210935589e-06 9.999800003999920349e-06 6.919999999999999485e-01 9.994007191370355425e-01 2.498313525945877362e-07 4.435864890297955348e-06
2.250206234532410032e-01 9.575163398692809746e-01 1.312680493567865668e-02 5.892857142857143016e-01 4.591368227731864454e-02 1.893939393939393923e-01 1.893939393939393923e-01 3.523608174770966051e-02 3.031515636557653303e-04 3.031515636557653303e-04 8.417508417508418050e-02 6.235191420376605224e-03 1.893932291693299980e-06 3.031515636557653303e-04 3.031515636557653303e-04 8.333749995833375501e-02 3.750346872398457182e-02 1.333406665200029539e-01 8.400000000000000799e-01 9.994007191370355425e-01 2.498313525945877362e-07 4.435864890297955348e-06
4.625028122890783022e-01 9.901960784313724728e-01 1.269357705001269120e-02 2.321428571428571785e-01 1.165501165501165448e-01 4.807692307692307265e-01 4.807692307692307265e-01 8.944543828264757412e-02 7.695385846646350149e-04 7.695385846646350149e-04 2.136752136752136377e-01 1.582779360557138096e-02 4.807674278913761161e-06 7.695385846646350149e-04 7.695385846646350149e-04 2.500024999750002364e-01 3.749971875210935589e-06 4.333346666400005320e-01 7.319999999999999840e-01 9.994007191370355425e-01 2.498313525945877362e-07 4.435864890297955348e-06
6.253281003924705816e-02 9.901960784313724728e-01 1.269357705001269120e-02 2.321428571428571785e-01 1.165501165501165448e-01 4.807692307692307265e-01 4.807692307692307265e-01 8.944543828264757412e-02 7.695385846646350149e-04 7.695385846646350149e-04 2.136752136752136377e-01 1.582779360557138096e-02 4.807674278913761161e-06 7.695385846646350149e-04 7.695385846646350149e-04 3.333799995333380090e-02 2.500356247328144876e-02 2.000959980800384036e-02 6.919999999999999485e-01 9.994007191370355425e-01 2.498313525945877362e-07 4.435864890297955348e-06
1.125290603204759515e-01 2.712418300653595127e-01 4.633920296570898101e-02 2.321428571428571785e-01 1.165501165501165448e-01 4.807692307692307265e-01 4.807692307692307265e-01 8.944543828264757412e-02 7.695385846646350149e-04 7.695385846646350149e-04 2.136752136752136377e-01 1.582779360557138096e-02 4.807674278913761161e-06 7.695385846646350149e-04 7.695385846646350149e-04 1.667149995166715068e-02 3.749971875210935589e-06 9.999800003999920349e-06 1.199999999999999956e-01 5.992808629644426300e-04 4.166354190102408901e-04 7.397544015386891235e-03
6.249906257030722889e-01 7.287581699346404873e-01 1.724732666436702005e-02 2.321428571428571785e-01 1.165501165501165448e-01 4.807692307692307265e-01 4.807692307692307265e-01 8.944543828264757412e-02 7.695385846646350149e-04 7.695385846646350149e-04 2.136752136752136377e-01 1.582779360557138096e-02 4.807674278913761161e-06 7.695385846646350149e-04 7.695385846646350149e-04 2.000029999700002892e-01 3.749971875210935589e-06 9.999800003999920349e-06 8.400000000000000799e-01 9.994007191370355425e-01 2.498313525945877362e-07 4.435864890297955348e-06
1.250281228907831887e-01 5.000000000000000000e-01 2.513826043237808033e-02 4.107142857142856984e-01 6.587615283267457544e-02 2.717391304347825942e-01 2.717391304347825942e-01 5.055611729019211797e-02 4.349565913321850556e-04 4.349565913321850556e-04 1.207729468599033906e-01 8.946144211844695923e-03 2.717381114168647981e-06 4.349565913321850556e-04 4.349565913321850556e-04 9.167074995916707492e-02 3.749971875210935589e-06 9.999800003999920349e-06 8.400000000000000799e-01 9.994007191370355425e-01 2.498313525945877362e-07 4.435864890297955348e-06
3.125140614453916221e-01 9.248366013071894765e-01 1.359064963305245920e-02 2.321428571428571785e-01 1.165501165501165448e-01 4.807692307692307265e-01 4.807692307692307265e-01 8.944543828264757412e-02 7.695385846646350149e-04 7.695385846646350149e-04 2.136752136752136377e-01 1.582779360557138096e-02 4.807674278913761161e-06 7.695385846646350149e-04 7.695385846646350149e-04 6.667099995666710133e-02 3.749971875210935589e-06 9.999800003999920349e-06 8.400000000000000799e-01 9.994007191370355425e-01 2.498313525945877362e-07 4.435864890297955348e-06
1.250281228907831887e-01 9.901960784313724728e-01 1.269357705001269120e-02 2.321428571428571785e-01 1.165501165501165448e-01 4.807692307692307265e-01 4.807692307692307265e-01 8.944543828264757412e-02 7.695385846646350149e-04 7.695385846646350149e-04 2.136752136752136377e-01 1.582779360557138096e-02 4.807674278913761161e-06 7.695385846646350149e-04 7.695385846646350149e-04 1.166704999616670624e-01 3.750346872398457182e-02 5.000899982000359817e-02 8.799999999999998934e-01 9.994007191370355425e-01 2.498313525945877362e-07 4.435864890297955348e-06
1.250281228907831887e-01 9.248366013071894765e-01 1.359064963305245920e-02 4.107142857142856984e-01 6.587615283267457544e-02 2.717391304347825942e-01 2.717391304347825942e-01 5.055611729019211797e-02 4.349565913321850556e-04 4.349565913321850556e-04 1.207729468599033906e-01 8.946144211844695923e-03 2.717381114168647981e-06 4.349565913321850556e-04 4.349565913321850556e-04 6.667099995666710133e-02 3.749971875210935589e-06 3.334266648000373118e-02 8.400000000000000799e-01 9.994007191370355425e-01 2.498313525945877362e-07 4.435864890297955348e-06
6.253281003924705816e-02 9.901960784313724728e-01 1.269357705001269120e-02 4.107142857142856984e-01 6.587615283267457544e-02 2.717391304347825942e-01 2.717391304347825942e-01 5.055611729019211797e-02 4.349565913321850556e-04 4.349565913321850556e-04 1.207729468599033906e-01 8.946144211844695923e-03 2.717381114168647981e-06 4.349565913321850556e-04 4.349565913321850556e-04 5.000449995500045458e-02 5.250335622482830977e-02 5.000899982000359817e-02 8.400000000000000799e-01 9.994007191370355425e-01 2.498313525945877362e-07 4.435864890297955348e-06
3.000149988750843710e-01 1.732026143790849626e-01 7.256894049346879205e-02 4.107142857142856984e-01 6.587615283267457544e-02 2.717391304347825942e-01 2.717391304347825942e-01 5.055611729019211797e-02 4.349565913321850556e-04 4.349565913321850556e-04 1.207729468599033906e-01 8.946144211844695923e-03 2.717381114168647981e-06 4.349565913321850556e-04 4.349565913321850556e-04 1.667149995166715068e-02 3.749971875210935589e-06 9.999800003999920349e-06 8.400000000000000799e-01 9.994007191370355425e-01 2.498313525945877362e-07 4.435864890297955348e-06
1.125290603204759515e-01 6.633986928104574909e-01 1.894657067070859915e-02 2.321428571428571785e-01 1.165501165501165448e-01 4.807692307692307265e-01 4.807692307692307265e-01 8.944543828264757412e-02 7.695385846646350149e-04 7.695385846646350149e-04 2.136752136752136377e-01 1.582779360557138096e-02 4.807674278913761161e-06 7.695385846646350149e-04 7.695385846646350149e-04 6.667099995666710133e-02 3.749971875210935589e-06 9.999800003999920349e-06 8.400000000000000799e-01 9.994007191370355425e-01 2.498313525945877362e-07 4.435864890297955348e-06
1.937729670274729310e-01 9.901960784313724728e-01 1.269357705001269120e-02 7.678571428571429047e-01 3.523608174770965357e-02 1.453488372093023062e-01 1.453488372093023062e-01 2.704164413196322517e-02 2.326512000148896664e-04 2.326512000148896664e-04 6.459948320413436140e-02 4.785146904009952504e-03 1.453482921532067475e-06 2.326512000148896664e-04 2.326512000148896664e-04 6.667099995666710133e-02 3.749971875210935589e-06 9.999800003999920349e-06 7.319999999999999840e-01 9.994007191370355425e-01 2.498313525945877362e-07 4.435864890297955348e-06
1.250281228907831887e-01 1.732026143790849626e-01 7.256894049346879205e-02 4.107142857142856984e-01 6.587615283267457544e-02 2.717391304347825942e-01 2.717391304347825942e-01 5.055611729019211797e-02 4.349565913321850556e-04 4.349565913321850556e-04 1.207729468599033906e-01 8.946144211844695923e-03 2.717381114168647981e-06 4.349565913321850556e-04 4.349565913321850556e-04 7.500424995750043511e-02 3.750346872398457182e-02 1.334306647200389495e-02 8.400000000000000799e-01 9.994007191370355425e-01 2.498313525945877362e-07 4.435864890297955348e-06
5.624953128515360889e-01 9.901960784313724728e-01 1.269357705001269120e-02 2.321428571428571785e-01 1.165501165501165448e-01 4.807692307692307265e-01 4.807692307692307265e-01 8.944543828264757412e-02 7.695385846646350149e-04 7.695385846646350149e-04 2.136752136752136377e-01 1.582779360557138096e-02 4.807674278913761161e-06 7.695385846646350149e-04 7.695385846646350149e-04 2.500474995250047405e-02 3.749971875210935589e-06 9.999800003999920349e-06 8.400000000000000799e-01 9.994007191370355425e-01 2.498313525945877362e-07 4.435864890297955348e-06
4.375046871484638555e-01 3.692810457516340072e-01 3.403675970047650989e-02 2.321428571428571785e-01 1.165501165501165448e-01 4.807692307692307265e-01 4.807692307692307265e-01 8.944543828264757412e-02 7.695385846646350149e-04 7.695385846646350149e-04 2.136752136752136377e-01 1.582779360557138096e-02 4.807674278913761161e-06 7.695385846646350149e-04 7.695385846646350149e-04 1.000039999600004087e-01 3.749971875210935589e-06 9.999800003999920349e-06 8.400000000000000799e-01 9.994007191370355425e-01 2.498313525945877362e-07 4.435864890297955348e-06
1.875234357423193055e-01 9.575163398692809746e-01 1.312680493567865668e-02 4.107142857142856984e-01 6.587615283267457544e-02 2.717391304347825942e-01 2.717391304347825942e-01 5.055611729019211797e-02 4.349565913321850556e-04 4.349565913321850556e-04 1.207729468599033906e-01 8.946144211844695923e-03 2.717381114168647981e-06 4.349565913321850556e-04 4.349565913321850556e-04 3.333799995333380090e-02 1.625025312310157399e-01 5.000899982000359817e-02 6.919999999999999485e-01 9.994007191370355425e-01 2.498313525945877362e-07 4.435864890297955348e-06
1.250281228907831887e-01 9.901960784313724728e-01 1.269357705001269120e-02 2.321428571428571785e-01 1.165501165501165448e-01 4.807692307692307265e-01 4.807692307692307265e-01 8.944543828264757412e-02 7.695385846646350149e-04 7.695385846646350149e-04 2.136752136752136377e-01 1.582779360557138096e-02 4.807674278913761161e-06 7.695385846646350149e-04 7.695385846646350149e-04 4.167124995416712774e-02 6.250328122539081099e-02 3.334266648000373118e-02 8.400000000000000799e-01 9.994007191370355425e-01 2.498313525945877362e-07 4.435864890297955348e-06
1.875234357423193055e-01 3.366013071895425091e-01 3.734129947722180515e-02 2.321428571428571785e-01 1.165501165501165448e-01 4.807692307692307265e-01 4.807692307692307265e-01 8.944543828264757412e-02 7.695385846646350149e-04 7.695385846646350149e-04 2.136752136752136377e-01 1.582779360557138096e-02 4.807674278913761161e-06 7.695385846646350149e-04 7.695385846646350149e-04 6.667099995666710133e-02 3.749971875210935589e-06 1.000979980400392051e-02 1.199999999999999956e-01 5.992808629644426300e-04 4.166354190102408901e-04 7.397544015386891235e-03
5.003374746893982788e-02 5.980392156862744946e-01 2.101723413198822860e-02 2.321428571428571785e-01 1.165501165501165448e-01 4.807692307692307265e-01 4.807692307692307265e-01 8.944543828264757412e-02 7.695385846646350149e-04 7.695385846646350149e-04 2.136752136752136377e-01 1.582779360557138096e-02 4.807674278913761161e-06 7.695385846646350149e-04 7.695385846646350149e-04 8.333749995833375501e-02 3.749971875210935589e-06 9.999800003999920349e-06 8.400000000000000799e-01 9.994007191370355425e-01 2.498313525945877362e-07 4.435864890297955348e-06
1.250281228907831887e-01 5.000000000000000000e-01 2.513826043237808033e-02 4.107142857142856984e-01 6.587615283267457544e-02 2.717391304347825942e-01 2.717391304347825942e-01 5.055611729019211797e-02 4.349565913321850556e-04 4.349565913321850556e-04 1.207729468599033906e-01 8.946144211844695923e-03 2.717381114168647981e-06 4.349565913321850556e-04 4.349565913321850556e-04 1.250037499625003823e-01 1.375027187296095077e-01 3.666693332800010641e-01 8.799999999999998934e-01 9.994007191370355425e-01 2.498313525945877362e-07 4.435864890297955348e-06
6.249906257030722889e-01 2.712418300653595127e-01 4.633920296570898101e-02 2.321428571428571785e-01 1.165501165501165448e-01 4.807692307692307265e-01 4.807692307692307265e-01 8.944543828264757412e-02 7.695385846646350149e-04 7.695385846646350149e-04 2.136752136752136377e-01 1.582779360557138096e-02 4.807674278913761161e-06 7.695385846646350149e-04 7.695385846646350149e-04 5.833774995583378142e-02 3.749971875210935589e-06 9.999800003999920349e-06 8.400000000000000799e-01 9.994007191370355425e-01 2.498313525945877362e-07 4.435864890297955348e-06
6.253281003924705816e-02 9.901960784313724728e-01 1.269357705001269120e-02 4.107142857142856984e-01 6.587615283267457544e-02 2.717391304347825942e-01 2.717391304347825942e-01 5.055611729019211797e-02 4.349565913321850556e-04 4.349565913321850556e-04 1.207729468599033906e-01 8.946144211844695923e-03 2.717381114168647981e-06 4.349565913321850556e-04 4.349565913321850556e-04 1.333369999633337022e-01 3.749971875210935589e-06 9.999800003999920349e-06 8.400000000000000799e-01 9.994007191370355425e-01 2.498313525945877362e-07 4.435864890297955348e-06
1.875234357423193055e-01 9.901960784313724728e-01 1.269357705001269120e-02 5.892857142857143016e-01 4.591368227731864454e-02 1.893939393939393923e-01 1.893939393939393923e-01 3.523608174770966051e-02 3.031515636557653303e-04 3.031515636557653303e-04 8.417508417508418050e-02 6.235191420376605224e-03 1.893932291693299980e-06 3.031515636557653303e-04 3.031515636557653303e-04 8.333749995833375501e-02 3.749971875210935589e-06 9.999800003999920349e-06 7.319999999999999840e-01 9.994007191370355425e-01 2.498313525945877362e-07 4.435864890297955348e-06
2.500187485938554222e-01 8.921568627450979783e-01 1.408847562693716499e-02 2.321428571428571785e-01 1.165501165501165448e-01 4.807692307692307265e-01 4.807692307692307265e-01 8.944543828264757412e-02 7.695385846646350149e-04 7.695385846646350149e-04 2.136752136752136377e-01 1.582779360557138096e-02 4.807674278913761161e-06 7.695385846646350149e-04 7.695385846646350149e-04 2.000029999700002892e-01 3.749971875210935589e-06 9.999800003999920349e-06 7.319999999999999840e-01 9.994007191370355425e-01 2.498313525945877362e-07 4.435864890297955348e-06
1.250281228907831887e-01 5.000000000000000000e-01 2.513826043237808033e-02 2.321428571428571785e-01 1.165501165501165448e-01 4.807692307692307265e-01 4.807692307692307265e-01 8.944543828264757412e-02 7.695385846646350149e-04 7.695385846646350149e-04 2.136752136752136377e-01 1.582779360557138096e-02 4.807674278913761161e-06 7.695385846646350149e-04 7.695385846646350149e-04 9.333739995933373890e-02 1.500363747271895275e-02 9.999800003999920349e-06 8.400000000000000799e-01 9.994007191370355425e-01 2.498313525945877362e-07 4.435864890297955348e-06
2.500187485938554222e-01 4.673202614379085018e-01 2.689618074233458486e-02 2.321428571428571785e-01 1.165501165501165448e-01 4.807692307692307265e-01 4.807692307692307265e-01 8.944543828264757412e-02 7.695385846646350149e-04 7.695385846646350149e-04 2.136752136752136377e-01 1.582779360557138096e-02 4.807674278913761161e-06 7.695385846646350149e-04 7.695385846646350149e-04 5.833774995583378142e-02 7.503693722297082036e-03 1.166743331800030731e-01 1.199999999999999956e-01 5.992808629644426300e-04 4.166354190102408901e-04 7.397544015386891235e-03
1.250281228907831887e-01 9.901960784313724728e-01 1.269357705001269120e-02 2.321428571428571785e-01 1.165501165501165448e-01 4.807692307692307265e-01 4.807692307692307265e-01 8.944543828264757412e-02 7.695385846646350149e-04 7.695385846646350149e-04 2.136752136752136377e-01 1.582779360557138096e-02 4.807674278913761161e-06 7.695385846646350149e-04 7.695385846646350149e-04 6.667099995666710133e-02 3.749971875210935589e-06 9.999800003999920349e-06 8.799999999999998934e-01 9.994007191370355425e-01 2.498313525945877362e-07 4.435864890297955348e-06
1.875234357423193055e-01 3.366013071895425091e-01 3.734129947722180515e-02 2.321428571428571785e-01 1.165501165501165448e-01 4.807692307692307265e-01 4.807692307692307265e-01 8.944543828264757412e-02 7.695385846646350149e-04 7.695385846646350149e-04 2.136752136752136377e-01 1.582779360557138096e-02 4.807674278913761161e-06 7.695385846646350149e-04 7.695385846646350149e-04 6.667099995666710133e-02 3.749971875210935589e-06 9.999800003999920349e-06 1.199999999999999956e-01 5.992808629644426300e-04 4.166354190102408901e-04 7.397544015386891235e-03
1.250281228907831887e-01 9.901960784313724728e-01 1.269357705001269120e-02 4.107142857142856984e-01 6.587615283267457544e-02 2.717391304347825942e-01 2.717391304347825942e-01 5.055611729019211797e-02 4.349565913321850556e-04 4.349565913321850556e-04 1.207729468599033906e-01 8.946144211844695923e-03 2.717381114168647981e-06 4.349565913321850556e-04 4.349565913321850556e-04 7.500424995750043511e-02 3.749971875210935589e-06 9.999800003999920349e-06 8.400000000000000799e-01 9.994007191370355425e-01 2.498313525945877362e-07 4.435864890297955348e-06
2.500187485938554222e-01 9.901960784313724728e-01 1.269357705001269120e-02 2.321428571428571785e-01 1.165501165501165448e-01 4.807692307692307265e-01 4.807692307692307265e-01 8.944543828264757412e-02 7.695385846646350149e-04 7.695385846646350149e-04 2.136752136752136377e-01 1.582779360557138096e-02 4.807674278913761161e-06 7.695385846646350149e-04 7.695385846646350149e-04 8.333749995833375501e-02 3.749971875210935589e-06 9.999800003999920349e-06 7.319999999999999840e-01 9.994007191370355425e-01 2.498313525945877362e-07 4.435864890297955348e-06
2.250206234532410032e-01 4.673202614379085018e-01 2.689618074233458486e-02 5.892857142857143016e-01 4.591368227731864454e-02 1.893939393939393923e-01 1.893939393939393923e-01 3.523608174770966051e-02 3.031515636557653303e-04 3.031515636557653303e-04 8.417508417508418050e-02 6.235191420376605224e-03 1.893932291693299980e-06 3.031515636557653303e-04 3.031515636557653303e-04 4.167124995416712774e-02 3.749971875210935589e-06 9.999800003999920349e-06 8.400000000000000799e-01 9.994007191370355425e-01 2.498313525945877362e-07 4.435864890297955348e-06
1.687748418868584843e-01 9.901960784313724728e-01 1.269357705001269120e-02 2.321428571428571785e-01 1.165501165501165448e-01 4.807692307692307265e-01 4.807692307692307265e-01 8.944543828264757412e-02 7.695385846646350149e-04 7.695385846646350149e-04 2.136752136752136377e-01 1.582779360557138096e-02 4.807674278913761161e-06 7.695385846646350149e-04 7.695385846646350149e-04 3.333799995333380090e-02 3.749971875210935589e-06 9.999800003999920349e-06 7.319999999999999840e-01 9.994007191370355425e-01 2.498313525945877362e-07 4.435864890297955348e-06
3.750093742969277111e-01 9.901960784313724728e-01 1.269357705001269120e-02 2.321428571428571785e-01 1.165501165501165448e-01 4.807692307692307265e-01 4.807692307692307265e-01 8.944543828264757412e-02 7.695385846646350149e-04 7.695385846646350149e-04 2.136752136752136377e-01 1.582779360557138096e-02 4.807674278913761161e-06 7.695385846646350149e-04 7.695385846646350149e-04 7.500424995750043511e-02 5.000337497468768794e-02 2.000959980800384036e-02 8.400000000000000799e-01 9.994007191370355425e-01 2.498313525945877362e-07 4.435864890297955348e-06
2.500187485938554222e-01 9.901960784313724728e-01 1.269357705001269120e-02 2.321428571428571785e-01 1.165501165501165448e-01 4.807692307692307265e-01 4.807692307692307265e-01 8.944543828264757412e-02 7.695385846646350149e-04 7.695385846646350149e-04 2.136752136752136377e-01 1.582779360557138096e-02 4.807674278913761161e-06 7.695385846646350149e-04 7.695385846646350149e-04 5.000449995500045458e-02 4.250343122426581549e-02 3.334266648000373118e-02 8.799999999999998934e-01 9.994007191370355425e-01 2.498313525945877362e-07 4.435864890297955348e-06
3.125140614453916221e-01 9.901960784313724728e-01 1.269357705001269120e-02 5.892857142857143016e-01 4.591368227731864454e-02 1.893939393939393923e-01 1.893939393939393923e-01 3.523608174770966051e-02 3.031515636557653303e-04 3.031515636557653303e-04 8.417508417508418050e-02 6.235191420376605224e-03 1.893932291693299980e-06 3.031515636557653303e-04 3.031515636557653303e-04 2.500474995250047405e-02 3.750346872398457182e-02 6.676533136003946940e-03 6.919999999999999485e-01 9.994007191370355425e-01 2.498313525945877362e-07 4.435864890297955348e-06
1.250281228907831887e-01 5.653594771241829964e-01 2.223210315695864706e-02 2.321428571428571785e-01 1.165501165501165448e-01 4.807692307692307265e-01 4.807692307692307265e-01 8.944543828264757412e-02 7.695385846646350149e-04 7.695385846646350149e-04 2.136752136752136377e-01 1.582779360557138096e-02 4.807674278913761161e-06 7.695385846646350149e-04 7.695385846646350149e-04 5.000449995500045458e-02 3.749971875210935589e-06 1.000079998400032061e-01 8.400000000000000799e-01 9.994007191370355425e-01 2.498313525945877362e-07 4.435864890297955348e-06
3.125140614453916221e-01 5.326797385620914982e-01 2.359603586597451563e-02 4.107142857142856984e-01 6.587615283267457544e-02 2.717391304347825942e-01 2.717391304347825942e-01 5.055611729019211797e-02 4.349565913321850556e-04 4.349565913321850556e-04 1.207729468599033906e-01 8.946144211844695923e-03 2.717381114168647981e-06 4.349565913321850556e-04 4.349565913321850556e-04 1.250037499625003823e-01 3.749971875210935589e-06 9.999800003999920349e-06 8.799999999999998934e-01 9.994007191370355425e-01 2.498313525945877362e-07 4.435864890297955348e-06
3.750093742969277111e-01 6.633986928104574909e-01 1.894657067070859915e-02 4.107142857142856984e-01 6.587615283267457544e-02 2.717391304347825942e-01 2.717391304347825942e-01 5.055611729019211797e-02 4.349565913321850556e-04 4.349565913321850556e-04 1.207729468599033906e-01 8.946144211844695923e-03 2.717381114168647981e-06 4.349565913321850556e-04 4.349565913321850556e-04 8.333749995833375501e-02 6.249990625070311889e-01 1.666733332000026879e-01 7.319999999999999840e-01 9.994007191370355425e-01 2.498313525945877362e-07 4.435864890297955348e-06
1.375271854610904121e-01 5.000000000000000000e-01 2.513826043237808033e-02 2.321428571428571785e-01 1.165501165501165448e-01 4.807692307692307265e-01 4.807692307692307265e-01 8.944543828264757412e-02 7.695385846646350149e-04 7.695385846646350149e-04 2.136752136752136377e-01 1.582779360557138096e-02 4.807674278913761161e-06 7.695385846646350149e-04 7.695385846646350149e-04 2.000029999700002892e-01 7.500318747609392711e-02 2.333386665600021559e-01 8.799999999999998934e-01 9.994007191370355425e-01 2.498313525945877362e-07 4.435864890297955348e-06
7.503187260955426763e-02 9.901960784313724728e-01 1.269357705001269120e-02 4.107142857142856984e-01 6.587615283267457544e-02 2.717391304347825942e-01 2.717391304347825942e-01 5.055611729019211797e-02 4.349565913321850556e-04 4.349565913321850556e-04 1.207729468599033906e-01 8.946144211844695923e-03 2.717381114168647981e-06 4.349565913321850556e-04 4.349565913321850556e-04 5.000449995500045458e-02 1.250365622257832918e-02 3.343266468003973368e-03 8.400000000000000799e-01 9.994007191370355425e-01 2.498313525945877362e-07 4.435864890297955348e-06
8.753093517986150485e-02 9.901960784313724728e-01 1.269357705001269120e-02 4.107142857142856984e-01 6.587615283267457544e-02 2.717391304347825942e-01 2.717391304347825942e-01 5.055611729019211797e-02 4.349565913321850556e-04 4.349565913321850556e-04 1.207729468599033906e-01 8.946144211844695923e-03 2.717381114168647981e-06 4.349565913321850556e-04 4.349565913321850556e-04 3.333799995333380090e-02 3.749971875210935589e-06 9.999800003999920349e-06 7.319999999999999840e-01 9.994007191370355425e-01 2.498313525945877362e-07 4.435864890297955348e-06
1.875234357423193055e-01 3.039215686274510109e-01 4.135649296939618996e-02 7.678571428571429047e-01 3.523608174770965357e-02 1.453488372093023062e-01 1.453488372093023062e-01 2.704164413196322517e-02 2.326512000148896664e-04 2.326512000148896664e-04 6.459948320413436140e-02 4.785146904009952504e-03 1.453482921532067475e-06 2.326512000148896664e-04 2.326512000148896664e-04 1.000039999600004087e-01 1.625025312310157399e-01 1.000079998400032061e-01 8.400000000000000799e-01 9.994007191370355425e-01 2.498313525945877362e-07 4.435864890297955348e-06
1.000299977501687282e-01 9.901960784313724728e-01 1.269357705001269120e-02 2.321428571428571785e-01 1.165501165501165448e-01 4.807692307692307265e-01 4.807692307692307265e-01 8.944543828264757412e-02 7.695385846646350149e-04 7.695385846646350149e-04 2.136752136752136377e-01 1.582779360557138096e-02 4.807674278913761161e-06 7.695385846646350149e-04 7.695385846646350149e-04 6.667099995666710133e-02 3.749971875210935589e-06 6.676533136003946940e-03 8.799999999999998934e-01 9.994007191370355425e-01 2.498313525945877362e-07 4.435864890297955348e-06
1.250281228907831887e-01 9.901960784313724728e-01 1.269357705001269120e-02 2.321428571428571785e-01 1.165501165501165448e-01 4.807692307692307265e-01 4.807692307692307265e-01 8.944543828264757412e-02 7.695385846646350149e-04 7.695385846646350149e-04 2.136752136752136377e-01 1.582779360557138096e-02 4.807674278913761161e-06 7.695385846646350149e-04 7.695385846646350149e-04 3.333799995333380090e-02 5.000337497468768794e-02 2.667613314400378577e-02 8.400000000000000799e-01 9.994007191370355425e-01 2.498313525945877362e-07 4.435864890297955348e-06
6.253281003924705816e-02 4.673202614379085018e-01 2.689618074233458486e-02 5.892857142857143016e-01 4.591368227731864454e-02 1.893939393939393923e-01 1.893939393939393923e-01 3.523608174770966051e-02 3.031515636557653303e-04 3.031515636557653303e-04 8.417508417508418050e-02 6.235191420376605224e-03 1.893932291693299980e-06 3.031515636557653303e-04 3.031515636557653303e-04 7.500424995750043511e-02 5.000337497468768794e-02 2.267621314240381852e-02 8.400000000000000799e-01 9.994007191370355425e-01 2.498313525945877362e-07 4.435864890297955348e-06
5.000000000000000000e-01 9.901960784313724728e-01 1.269357705001269120e-02 2.321428571428571785e-01 1.165501165501165448e-01 4.807692307692307265e-01 4.807692307692307265e-01 8.944543828264757412e-02 7.695385846646350149e-04 7.695385846646350149e-04 2.136752136752136377e-01 1.582779360557138096e-02 4.807674278913761161e-06 7.695385846646350149e-04 7.695385846646350149e-04 3.333799995333380090e-02 3.749971875210935589e-06 9.999800003999920349e-06 8.799999999999998934e-01 9.994007191370355425e-01 2.498313525945877362e-07 4.435864890297955348e-06
1.125290603204759515e-01 9.901960784313724728e-01 1.269357705001269120e-02 4.107142857142856984e-01 6.587615283267457544e-02 2.717391304347825942e-01 2.717391304347825942e-01 5.055611729019211797e-02 4.349565913321850556e-04 4.349565913321850556e-04 1.207729468599033906e-01 8.946144211844695923e-03 2.717381114168647981e-06 4.349565913321850556e-04 4.349565913321850556e-04 4.167124995416712774e-02 2.500018749859375666e-01 6.667533316000347210e-02 8.400000000000000799e-01 9.994007191370355425e-01 2.498313525945877362e-07 4.435864890297955348e-06
1.937729670274729310e-01 9.901960784313724728e-01 1.269357705001269120e-02 4.107142857142856984e-01 6.587615283267457544e-02 2.717391304347825942e-01 2.717391304347825942e-01 5.055611729019211797e-02 4.349565913321850556e-04 4.349565913321850556e-04 1.207729468599033906e-01 8.946144211844695923e-03 2.717381114168647981e-06 4.349565913321850556e-04 4.349565913321850556e-04 7.500424995750043511e-02 2.500356247328144876e-02 2.334286647600381306e-02 8.799999999999998934e-01 9.994007191370355425e-01 2.498313525945877362e-07 4.435864890297955348e-06
3.750093742969277111e-01 9.901960784313724728e-01 1.269357705001269120e-02 2.321428571428571785e-01 1.165501165501165448e-01 4.807692307692307265e-01 4.807692307692307265e-01 8.944543828264757412e-02 7.695385846646350149e-04 7.695385846646350149e-04 2.136752136752136377e-01 1.582779360557138096e-02 4.807674278913761161e-06 7.695385846646350149e-04 7.695385846646350149e-04 6.667099995666710133e-02 2.500018749859375666e-01 1.333406665200029539e-01 8.400000000000000799e-01 9.994007191370355425e-01 2.498313525945877362e-07 4.435864890297955348e-06
1.000299977501687282e-01 2.058823529411764608e-01 6.105006105006104133e-02 2.321428571428571785e-01 1.165501165501165448e-01 4.807692307692307265e-01 4.807692307692307265e-01 8.944543828264757412e-02 7.695385846646350149e-04 7.695385846646350149e-04 2.136752136752136377e-01 1.582779360557138096e-02 4.807674278913761161e-06 7.695385846646350149e-04 7.695385846646350149e-04 5.000449995500045458e-02 1.912485656357577240e-04 2.000059998800024219e-01 5.000000000000000000e-01 9.994007191370355425e-01 2.498313525945877362e-07 4.435864890297955348e-06
3.125140614453916221e-01 9.901960784313724728e-01 1.269357705001269120e-02 4.107142857142856984e-01 6.587615283267457544e-02 2.717391304347825942e-01 2.717391304347825942e-01 5.055611729019211797e-02 4.349565913321850556e-04 4.349565913321850556e-04 1.207729468599033906e-01 8.946144211844695923e-03 2.717381114168647981e-06 4.349565913321850556e-04 4.349565913321850556e-04 6.667099995666710133e-02 1.250028124789063777e-01 6.667533316000347210e-02 8.400000000000000799e-01 9.994007191370355425e-01 2.498313525945877362e-07 4.435864890297955348e-06
1.250281228907831887e-01 9.901960784313724728e-01 1.269357705001269120e-02 2.321428571428571785e-01 1.165501165501165448e-01 4.807692307692307265e-01 4.807692307692307265e-01 8.944543828264757412e-02 7.695385846646350149e-04 7.695385846646350149e-04 2.136752136752136377e-01 1.582779360557138096e-02 4.807674278913761161e-06 7.695385846646350149e-04 7.695385846646350149e-04 1.667149995166715068e-02 3.749971875210935589e-06 9.999800003999920349e-06 8.400000000000000799e-01 9.994007191370355425e-01 2.498313525945877362e-07 4.435864890297955348e-06
4.375046871484638555e-01 9.901960784313724728e-01 1.269357705001269120e-02 2.321428571428571785e-01 1.165501165501165448e-01 4.807692307692307265e-01 4.807692307692307265e-01 8.944543828264757412e-02 7.695385846646350149e-04 7.695385846646350149e-04 2.136752136752136377e-01 1.582779360557138096e-02 4.807674278913761161e-06 7.695385846646350149e-04 7.695385846646350149e-04 1.083372499608337286e-01 3.749971875210935589e-06 5.000899982000359817e-02 7.319999999999999840e-01 9.994007191370355425e-01 2.498313525945877362e-07 4.435864890297955348e-06
1.250281228907831887e-01 9.901960784313724728e-01 1.269357705001269120e-02 2.321428571428571785e-01 1.165501165501165448e-01 4.807692307692307265e-01 4.807692307692307265e-01 8.944543828264757412e-02 7.695385846646350149e-04 7.695385846646350149e-04 2.136752136752136377e-01 1.582779360557138096e-02 4.807674278913761161e-06 7.695385846646350149e-04 7.695385846646350149e-04 7.500424995750043511e-02 3.749971875210935589e-06 9.999800003999920349e-06 8.799999999999998934e-01 9.994007191370355425e-01 2.498313525945877362e-07 4.435864890297955348e-06
4.375046871484638555e-01 9.901960784313724728e-01 1.269357705001269120e-02 4.107142857142856984e-01 6.587615283267457544e-02 2.717391304347825942e-01 2.717391304347825942e-01 5.055611729019211797e-02 4.349565913321850556e-04 4.349565913321850556e-04 1.207729468599033906e-01 8.946144211844695923e-03 2.717381114168647981e-06 4.349565913321850556e-04 4.349565913321850556e-04 8.333749995833375501e-02 3.749971875210935589e-06 9.999800003999920349e-06 6.919999999999999485e-01 9.994007191370355425e-01 2.498313525945877362e-07 4.435864890297955348e-06
1.250281228907831887e-01 9.901960784313724728e-01 1.269357705001269120e-02 5.892857142857143016e-01 4.591368227731864454e-02 1.893939393939393923e-01 1.893939393939393923e-01 3.523608174770966051e-02 3.031515636557653303e-04 3.031515636557653303e-04 8.417508417508418050e-02 6.235191420376605224e-03 1.893932291693299980e-06 3.031515636557653303e-04 3.031515636557653303e-04 8.333749995833375501e-02 6.253703097226770251e-03 1.667633314000386766e-02 7.319999999999999840e-01 9.994007191370355425e-01 2.498313525945877362e-07 4.435864890297955348e-06
3.750093742969277111e-01 9.901960784313724728e-01 1.269357705001269120e-02 2.321428571428571785e-01 1.165501165501165448e-01 4.807692307692307265e-01 4.807692307692307265e-01 8.944543828264757412e-02 7.695385846646350149e-04 7.695385846646350149e-04 2.136752136752136377e-01 1.582779360557138096e-02 4.807674278913761161e-06 7.695385846646350149e-04 7.695385846646350149e-04 3.333799995333380090e-02 1.875360934792988724e-02 5.000899982000359817e-02 8.400000000000000799e-01 9.994007191370355425e-01 2.498313525945877362e-07 4.435864890297955348e-06
3.750093742969277111e-01 9.901960784313724728e-01 1.269357705001269120e-02 2.321428571428571785e-01 1.165501165501165448e-01 4.807692307692307265e-01 4.807692307692307265e-01 8.944543828264757412e-02 7.695385846646350149e-04 7.695385846646350149e-04 2.136752136752136377e-01 1.582779360557138096e-02 4.807674278913761161e-06 7.695385846646350149e-04 7.695385846646350149e-04 3.833794995383379978e-02 1.625362809778926540e-02 5.000899982000359817e-02 8.400000000000000799e-01 9.994007191370355425e-01 2.498313525945877362e-07 4.435864890297955348e-06
1.250281228907831887e-01 5.980392156862744946e-01 2.101723413198822860e-02 2.321428571428571785e-01 1.165501165501165448e-01 4.807692307692307265e-01 4.807692307692307265e-01 8.944543828264757412e-02 7.695385846646350149e-04 7.695385846646350149e-04 2.136752136752136377e-01 1.582779360557138096e-02 4.807674278913761161e-06 7.695385846646350149e-04 7.695385846646350149e-04 6.667099995666710133e-02 3.749971875210935589e-06 9.999800003999920349e-06 8.799999999999998934e-01 9.994007191370355425e-01 2.498313525945877362e-07 4.435864890297955348e-06
2.500187485938554222e-01 4.673202614379085018e-01 2.689618074233458486e-02 2.321428571428571785e-01 1.165501165501165448e-01 4.807692307692307265e-01 4.807692307692307265e-01 8.944543828264757412e-02 7.695385846646350149e-04 7.695385846646350149e-04 2.136752136752136377e-01 1.582779360557138096e-02 4.807674278913761161e-06 7.695385846646350149e-04 7.695385846646350149e-04 8.333749995833375501e-02 3.749971875210935589e-06 9.999800003999920349e-06 8.400000000000000799e-01 9.994007191370355425e-01 2.498313525945877362e-07 4.435864890297955348e-06
1.875234357423193055e-01 9.901960784313724728e-01 1.269357705001269120e-02 4.107142857142856984e-01 6.587615283267457544e-02 2.717391304347825942e-01 2.717391304347825942e-01 5.055611729019211797e-02 4.349565913321850556e-04 4.349565913321850556e-04 1.207729468599033906e-01 8.946144211844695923e-03 2.717381114168647981e-06 4.349565913321850556e-04 4.349565913321850556e-04 8.333749995833375501e-02 2.500356247328144876e-02 1.667633314000386766e-02 8.400000000000000799e-01 9.994007191370355425e-01 2.498313525945877362e-07 4.435864890297955348e-06
3.125140614453916221e-01 9.901960784313724728e-01 1.269357705001269120e-02 2.321428571428571785e-01 1.165501165501165448e-01 4.807692307692307265e-01 4.807692307692307265e-01 8.944543828264757412e-02 7.695385846646350149e-04 7.695385846646350149e-04 2.136752136752136377e-01 1.582779360557138096e-02 4.807674278913761161e-06 7.695385846646350149e-04 7.695385846646350149e-04 3.333799995333380090e-02 3.749971875210935589e-06 9.999800003999920349e-06 8.400000000000000799e-01 9.994007191370355425e-01 2.498313525945877362e-07 4.435864890297955348e-06
3.753468489863260454e-02 4.019607843137255054e-01 3.126954346466541412e-02 2.321428571428571785e-01 1.165501165501165448e-01 4.807692307692307265e-01 4.807692307692307265e-01 8.944543828264757412e-02 7.695385846646350149e-04 7.695385846646350149e-04 2.136752136752136377e-01 1.582779360557138096e-02 4.807674278913761161e-06 7.695385846646350149e-04 7.695385846646350149e-04 8.333749995833375501e-02 2.500018749859375666e-01 3.334266648000373118e-02 8.400000000000000799e-01 9.994007191370355425e-01 2.498313525945877362e-07 4.435864890297955348e-06
5.000000000000000000e-01 9.901960784313724728e-01 1.269357705001269120e-02 4.107142857142856984e-01 6.587615283267457544e-02 2.717391304347825942e-01 2.717391304347825942e-01 5.055611729019211797e-02 4.349565913321850556e-04 4.349565913321850556e-04 1.207729468599033906e-01 8.946144211844695923e-03 2.717381114168647981e-06 4.349565913321850556e-04 4.349565913321850556e-04 8.333749995833375501e-02 3.749971875210935589e-06 9.999800003999920349e-06 8.799999999999998934e-01 9.994007191370355425e-01 2.498313525945877362e-07 4.435864890297955348e-06
5.000000000000000000e-01 6.307189542483659928e-01 1.992825827022718169e-02 4.107142857142856984e-01 6.587615283267457544e-02 2.717391304347825942e-01 2.717391304347825942e-01 5.055611729019211797e-02 4.349565913321850556e-04 4.349565913321850556e-04 1.207729468599033906e-01 8.946144211844695923e-03 2.717381114168647981e-06 4.349565913321850556e-04 4.349565913321850556e-04 3.333799995333380090e-02 7.500318747609392711e-02 3.334266648000373118e-02 8.400000000000000799e-01 9.994007191370355425e-01 2.498313525945877362e-07 4.435864890297955348e-06
1.875234357423193055e-01 6.633986928104574909e-01 1.894657067070859915e-02 2.321428571428571785e-01 1.165501165501165448e-01 4.807692307692307265e-01 4.807692307692307265e-01 8.944543828264757412e-02 7.695385846646350149e-04 7.695385846646350149e-04 2.136752136752136377e-01 1.582779360557138096e-02 4.807674278913761161e-06 7.695385846646350149e-04 7.695385846646350149e-04 3.333799995333380090e-02 3.749971875210935589e-06 9.999800003999920349e-06 8.799999999999998934e-01 9.994007191370355425e-01 2.498313525945877362e-07 4.435864890297955348e-06
3.750093742969277111e-01 4.673202614379085018e-01 2.689618074233458486e-02 5.892857142857143016e-01 4.591368227731864454e-02 1.893939393939393923e-01 1.893939393939393923e-01 3.523608174770966051e-02 3.031515636557653303e-04 3.031515636557653303e-04 8.417508417508418050e-02 6.235191420376605224e-03 1.893932291693299980e-06 3.031515636557653303e-04 3.031515636557653303e-04 1.333369999633337022e-01 3.749971875210935589e-06 1.000079998400032061e-01 7.319999999999999840e-01 9.994007191370355425e-01 2.498313525945877362e-07 4.435864890297955348e-06
3.750093742969277111e-01 5.000000000000000000e-01 2.513826043237808033e-02 2.321428571428571785e-01 1.165501165501165448e-01 4.807692307692307265e-01 4.807692307692307265e-01 8.944543828264757412e-02 7.695385846646350149e-04 7.695385846646350149e-04 2.136752136752136377e-01 1.582779360557138096e-02 4.807674278913761161e-06 7.695385846646350149e-04 7.695385846646350149e-04 3.333799995333380090e-02 3.749971875210935589e-06 9.999800003999920349e-06 7.319999999999999840e-01 9.994007191370355425e-01 2.498313525945877362e-07 4.435864890297955348e-06
1.250281228907831887e-01 5.000000000000000000e-01 2.513826043237808033e-02 2.321428571428571785e-01 1.165501165501165448e-01 4.807692307692307265e-01 4.807692307692307265e-01 8.944543828264757412e-02 7.695385846646350149e-04 7.695385846646350149e-04 2.136752136752136377e-01 1.582779360557138096e-02 4.807674278913761161e-06 7.695385846646350149e-04 7.695385846646350149e-04 1.583367499658336619e-01 3.749971875210935589e-06 9.999800003999920349e-06 8.799999999999998934e-01 9.994007191370355425e-01 2.498313525945877362e-07 4.435864890297955348e-06
3.125140614453916221e-01 2.385620915032679590e-01 5.268703898840884636e-02 4.107142857142856984e-01 6.587615283267457544e-02 2.717391304347825942e-01 2.717391304347825942e-01 5.055611729019211797e-02 4.349565913321850556e-04 4.349565913321850556e-04 1.207729468599033906e-01 8.946144211844695923e-03 2.717381114168647981e-06 4.349565913321850556e-04 4.349565913321850556e-04 1.166704999616670624e-01 6.249990625070311889e-01 1.666733332000026879e-01 1.199999999999999956e-01 5.992808629644426300e-04 4.166354190102408901e-04 7.397544015386891235e-03
3.750093742969277111e-01 5.326797385620914982e-01 2.359603586597451563e-02 2.321428571428571785e-01 1.165501165501165448e-01 4.807692307692307265e-01 4.807692307692307265e-01 8.944543828264757412e-02 7.695385846646350149e-04 7.695385846646350149e-04 2.136752136752136377e-01 1.582779360557138096e-02 4.807674278913761161e-06 7.695385846646350149e-04 7.695385846646350149e-04 6.666650000166666201e-01 1.875023437324219722e-01 9.999800003999920349e-06 8.400000000000000799e-01 9.994007191370355425e-01 2.498313525945877362e-07 4.435864890297955348e-06
1.500262480313976354e-01 9.901960784313724728e-01 1.269357705001269120e-02 2.321428571428571785e-01 1.165501165501165448e-01 4.807692307692307265e-01 4.807692307692307265e-01 8.944543828264757412e-02 7.695385846646350149e-04 7.695385846646350149e-04 2.136752136752136377e-01 1.582779360557138096e-02 4.807674278913761161e-06 7.695385846646350149e-04 7.695385846646350149e-04 6.667099995666710133e-02 3.749971875210935589e-06 9.999800003999920349e-06 8.400000000000000799e-01 9.994007191370355425e-01 2.498313525945877362e-07 4.435864890297955348e-06
3.125140614453916221e-01 9.901960784313724728e-01 1.269357705001269120e-02 2.321428571428571785e-01 1.165501165501165448e-01 4.807692307692307265e-01 4.807692307692307265e-01 8.944543828264757412e-02 7.695385846646350149e-04 7.695385846646350149e-04 2.136752136752136377e-01 1.582779360557138096e-02 4.807674278913761161e-06 7.695385846646350149e-04 7.695385846646350149e-04 2.500474995250047405e-02 3.749971875210935589e-06 9.999800003999920349e-06 8.400000000000000799e-01 9.994007191370355425e-01 2.498313525945877362e-07 4.435864890297955348e-06
1.250281228907831887e-01 9.901960784313724728e-01 1.269357705001269120e-02 4.107142857142856984e-01 6.587615283267457544e-02 2.717391304347825942e-01 2.717391304347825942e-01 5.055611729019211797e-02 4.349565913321850556e-04 4.349565913321850556e-04 1.207729468599033906e-01 8.946144211844695923e-03 2.717381114168647981e-06 4.349565913321850556e-04 4.349565913321850556e-04 1.000039999600004087e-01 5.000337497468768794e-02 3.334266648000373118e-02 8.400000000000000799e-01 9.994007191370355425e-01 2.498313525945877362e-07 4.435864890297955348e-06
2.125215608829337521e-01 4.019607843137255054e-01 3.126954346466541412e-02 2.321428571428571785e-01 1.165501165501165448e-01 4.807692307692307265e-01 4.807692307692307265e-01 8.944543828264757412e-02 7.695385846646350149e-04 7.695385846646350149e-04 2.136752136752136377e-01 1.582779360557138096e-02 4.807674278913761161e-06 7.695385846646350149e-04 7.695385846646350149e-04 8.333749995833375501e-02 3.749971875210935589e-06 9.999800003999920349e-06 8.400000000000000799e-01 9.994007191370355425e-01 2.498313525945877362e-07 4.435864890297955348e-06
1.250281228907831887e-01 9.901960784313724728e-01 1.269357705001269120e-02 2.321428571428571785e-01 1.165501165501165448e-01 4.807692307692307265e-01 4.807692307692307265e-01 8.944543828264757412e-02 7.695385846646350149e-04 7.695385846646350149e-04 2.136752136752136377e-01 1.582779360557138096e-02 4.807674278913761161e-06 7.695385846646350149e-04 7.695385846646350149e-04 1.333369999633337022e-01 2.500356247328144876e-02 1.667633314000386766e-02 6.919999999999999485e-01 9.994007191370355425e-01 2.498313525945877362e-07 4.435864890297955348e-06
1.125290603204759515e-01 6.633986928104574909e-01 1.894657067070859915e-02 2.321428571428571785e-01 1.165501165501165448e-01 4.807692307692307265e-01 4.807692307692307265e-01 8.944543828264757412e-02 7.695385846646350149e-04 7.695385846646350149e-04 2.136752136752136377e-01 1.582779360557138096e-02 4.807674278913761161e-06 7.695385846646350149e-04 7.695385846646350149e-04 2.500474995250047405e-02 3.749971875210935589e-06 9.999800003999920349e-06 8.039999999999999369e-01 9.994007191370355425e-01 2.498313525945877362e-07 4.435864890297955348e-06
1.437767167462440099e-01 9.901960784313724728e-01 1.269357705001269120e-02 4.107142857142856984e-01 6.587615283267457544e-02 2.717391304347825942e-01 2.717391304347825942e-01 5.055611729019211797e-02 4.349565913321850556e-04 4.349565913321850556e-04 1.207729468599033906e-01 8.946144211844695923e-03 2.717381114168647981e-06 4.349565913321850556e-04 4.349565913321850556e-04 8.333749995833375501e-02 3.749971875210935589e-06 9.999800003999920349e-06 8.400000000000000799e-01 9.994007191370355425e-01 2.498313525945877362e-07 4.435864890297955348e-06
2.500187485938554222e-01 9.901960784313724728e-01 1.269357705001269120e-02 4.107142857142856984e-01 6.587615283267457544e-02 2.717391304347825942e-01 2.717391304347825942e-01 5.055611729019211797e-02 4.349565913321850556e-04 4.349565913321850556e-04 1.207729468599033906e-01 8.946144211844695923e-03 2.717381114168647981e-06 4.349565913321850556e-04 4.349565913321850556e-04 5.000449995500045458e-02 5.000337497468768794e-02 5.000899982000359817e-02 8.799999999999998934e-01 9.994007191370355425e-01 2.498313525945877362e-07 4.435864890297955348e-06
6.253281003924705816e-02 4.673202614379085018e-01 2.689618074233458486e-02 4.107142857142856984e-01 6.587615283267457544e-02 2.717391304347825942e-01 2.717391304347825942e-01 5.055611729019211797e-02 4.349565913321850556e-04 4.349565913321850556e-04 1.207729468599033906e-01 8.946144211844695923e-03 2.717381114168647981e-06 4.349565913321850556e-04 4.349565913321850556e-04 5.000449995500045458e-02 3.749971875210935589e-06 9.999800003999920349e-06 8.799999999999998934e-01 9.994007191370355425e-01 2.498313525945877362e-07 4.435864890297955348e-06
1.250281228907831887e-01 5.000000000000000000e-01 2.513826043237808033e-02 4.107142857142856984e-01 6.587615283267457544e-02 2.717391304347825942e-01 2.717391304347825942e-01 5.055611729019211797e-02 4.349565913321850556e-04 4.349565913321850556e-04 1.207729468599033906e-01 8.946144211844695923e-03 2.717381114168647981e-06 4.349565913321850556e-04 4.349565913321850556e-04 8.333749995833375501e-02 3.749971875210935589e-06 9.999800003999920349e-06 6.919999999999999485e-01 9.994007191370355425e-01 2.498313525945877362e-07 4.435864890297955348e-06
4.375046871484638555e-01 6.633986928104574909e-01 1.894657067070859915e-02 4.107142857142856984e-01 6.587615283267457544e-02 2.717391304347825942e-01 2.717391304347825942e-01 5.055611729019211797e-02 4.349565913321850556e-04 4.349565913321850556e-04 1.207729468599033906e-01 8.946144211844695923e-03 2.717381114168647981e-06 4.349565913321850556e-04 4.349565913321850556e-04 1.333369999633337022e-01 3.749971875210935589e-06 9.999800003999920349e-06 8.799999999999998934e-01 9.994007191370355425e-01 2.498313525945877362e-07 4.435864890297955348e-06
4.375046871484638555e-01 9.901960784313724728e-01 1.269357705001269120e-02 2.321428571428571785e-01 1.165501165501165448e-01 4.807692307692307265e-01 4.807692307692307265e-01 8.944543828264757412e-02 7.695385846646350149e-04 7.695385846646350149e-04 2.136752136752136377e-01 1.582779360557138096e-02 4.807674278913761161e-06 7.695385846646350149e-04 7.695385846646350149e-04 5.000449995500045458e-02 3.749971875210935589e-06 9.999800003999920349e-06 8.400000000000000799e-01 9.994007191370355425e-01 2.498313525945877362e-07 4.435864890297955348e-06
1.250281228907831887e-01 5.326797385620914982e-01 2.359603586597451563e-02 2.321428571428571785e-01 1.165501165501165448e-01 4.807692307692307265e-01 4.807692307692307265e-01 8.944543828264757412e-02 7.695385846646350149e-04 7.695385846646350149e-04 2.136752136752136377e-01 1.582779360557138096e-02 4.807674278913761161e-06 7.695385846646350149e-04 7.695385846646350149e-04 2.500474995250047405e-02 3.749971875210935589e-06 9.999800003999920349e-06 8.799999999999998934e-01 9.994007191370355425e-01 2.498313525945877362e-07 4.435864890297955348e-06
1.250281228907831887e-01 4.673202614379085018e-01 2.689618074233458486e-02 2.321428571428571785e-01 1.165501165501165448e-01 4.807692307692307265e-01 4.807692307692307265e-01 8.944543828264757412e-02 7.695385846646350149e-04 7.695385846646350149e-04 2.136752136752136377e-01 1.582779360557138096e-02 4.807674278913761161e-06 7.695385846646350149e-04 7.695385846646350149e-04 2.000479995200047864e-02 3.749971875210935589e-06 9.999800003999920349e-06 8.799999999999998934e-01 9.994007191370355425e-01 2.498313525945877362e-07 4.435864890297955348e-06
1.250281228907831887e-01 1.078431372549019523e-01 1.165501165501165448e-01 2.321428571428571785e-01 1.165501165501165448e-01 4.807692307692307265e-01 4.807692307692307265e-01 8.944543828264757412e-02 7.695385846646350149e-04 7.695385846646350149e-04 2.136752136752136377e-01 1.582779360557138096e-02 4.807674278913761161e-06 7.695385846646350149e-04 7.695385846646350149e-04 1.667149995166715068e-02 3.749971875210935589e-06 9.999800003999920349e-06 8.799999999999998934e-01 9.994007191370355425e-01 2.498313525945877362e-07 4.435864890297955348e-06
1.875234357423193055e-01 9.901960784313724728e-01 1.269357705001269120e-02 2.321428571428571785e-01 1.165501165501165448e-01 4.807692307692307265e-01 4.807692307692307265e-01 8.944543828264757412e-02 7.695385846646350149e-04 7.695385846646350149e-04 2.136752136752136377e-01 1.582779360557138096e-02 4.807674278913761161e-06 7.695385846646350149e-04 7.695385846646350149e-04 2.000029999700002892e-01 1.875360934792988724e-02 5.014233048672359777e-02 8.400000000000000799e-01 9.994007191370355425e-01 2.498313525945877362e-07 4.435864890297955348e-06
2.500187485938554222e-01 9.901960784313724728e-01 1.269357705001269120e-02 2.321428571428571785e-01 1.165501165501165448e-01 4.807692307692307265e-01 4.807692307692307265e-01 8.944543828264757412e-02 7.695385846646350149e-04 7.695385846646350149e-04 2.136752136752136377e-01 1.582779360557138096e-02 4.807674278913761161e-06 7.695385846646350149e-04 7.695385846646350149e-04 2.666689999766668762e-01 1.250028124789063777e-01 1.834296647400385227e-02 8.400000000000000799e-01 9.994007191370355425e-01 2.498313525945877362e-07 4.435864890297955348e-06
2.250206234532410032e-01 8.594771241830064801e-01 1.462415911085112458e-02 2.321428571428571785e-01 1.165501165501165448e-01 4.807692307692307265e-01 4.807692307692307265e-01 8.944543828264757412e-02 7.695385846646350149e-04 7.695385846646350149e-04 2.136752136752136377e-01 1.582779360557138096e-02 4.807674278913761161e-06 7.695385846646350149e-04 7.695385846646350149e-04 5.833774995583378142e-02 3.749971875210935589e-06 9.999800003999920349e-06 7.319999999999999840e-01 9.994007191370355425e-01 2.498313525945877362e-07 4.435864890297955348e-06
3.750093742969277111e-01 9.901960784313724728e-01 1.269357705001269120e-02 2.321428571428571785e-01 1.165501165501165448e-01 4.807692307692307265e-01 4.807692307692307265e-01 8.944543828264757412e-02 7.695385846646350149e-04 7.695385846646350149e-04 2.136752136752136377e-01 1.582779360557138096e-02 4.807674278913761161e-06 7.695385846646350149e-04 7.695385846646350149e-04 3.333799995333380090e-02 3.749971875210935589e-06 9.999800003999920349e-06 8.400000000000000799e-01 9.994007191370355425e-01 2.498313525945877362e-07 4.435864890297955348e-06
1.250281228907831887e-01 9.901960784313724728e-01 1.269357705001269120e-02 2.321428571428571785e-01 1.165501165501165448e-01 4.807692307692307265e-01 4.807692307692307265e-01 8.944543828264757412e-02 7.695385846646350149e-04 7.695385846646350149e-04 2.136752136752136377e-01 1.582779360557138096e-02 4.807674278913761161e-06 7.695385846646350149e-04 7.695385846646350149e-04 5.000449995500045458e-02 3.749971875210935589e-06 9.999800003999920349e-06 6.520000000000000240e-01 9.994007191370355425e-01 2.498313525945877362e-07 4.435864890297955348e-06
1.250281228907831887e-01 5.000000000000000000e-01 2.513826043237808033e-02 4.107142857142856984e-01 6.587615283267457544e-02 2.717391304347825942e-01 2.717391304347825942e-01 5.055611729019211797e-02 4.349565913321850556e-04 4.349565913321850556e-04 1.207729468599033906e-01 8.946144211844695923e-03 2.717381114168647981e-06 4.349565913321850556e-04 4.349565913321850556e-04 5.833774995583378142e-02 2.500356247328144876e-02 3.343266468003973368e-03 7.319999999999999840e-01 9.994007191370355425e-01 2.498313525945877362e-07 4.435864890297955348e-06
3.125140614453916221e-01 5.653594771241829964e-01 2.223210315695864706e-02 2.321428571428571785e-01 1.165501165501165448e-01 4.807692307692307265e-01 4.807692307692307265e-01 8.944543828264757412e-02 7.695385846646350149e-04 7.695385846646350149e-04 2.136752136752136377e-01 1.582779360557138096e-02 4.807674278913761161e-06 7.695385846646350149e-04 7.695385846646350149e-04 5.000449995500045458e-02 6.250328122539081099e-02 6.667533316000347210e-02 8.400000000000000799e-01 9.994007191370355425e-01 2.498313525945877362e-07 4.435864890297955348e-06
1.250281228907831887e-01 9.901960784313724728e-01 1.269357705001269120e-02 2.321428571428571785e-01 1.165501165501165448e-01 4.807692307692307265e-01 4.807692307692307265e-01 8.944543828264757412e-02 7.695385846646350149e-04 7.695385846646350149e-04 2.136752136752136377e-01 1.582779360557138096e-02 4.807674278913761161e-06 7.695385846646350149e-04 7.695385846646350149e-04 1.260704059626070461e-01 3.749971875210935589e-06 9.999800003999920349e-06 8.400000000000000799e-01 9.994007191370355425e-01 2.498313525945877362e-07 4.435864890297955348e-06
1.875234357423193055e-01 9.575163398692809746e-01 1.312680493567865668e-02 2.321428571428571785e-01 1.165501165501165448e-01 4.807692307692307265e-01 4.807692307692307265e-01 8.944543828264757412e-02 7.695385846646350149e-04 7.695385846646350149e-04 2.136752136752136377e-01 1.582779360557138096e-02 4.807674278913761161e-06 7.695385846646350149e-04 7.695385846646350149e-04 6.667099995666710133e-02 3.749971875210935589e-06 2.334286647600381306e-02 8.400000000000000799e-01 9.994007191370355425e-01 2.498313525945877362e-07 4.435864890297955348e-06
3.750093742969277111e-01 9.901960784313724728e-01 1.269357705001269120e-02 4.107142857142856984e-01 6.587615283267457544e-02 2.717391304347825942e-01 2.717391304347825942e-01 5.055611729019211797e-02 4.349565913321850556e-04 4.349565913321850556e-04 1.207729468599033906e-01 8.946144211844695923e-03 2.717381114168647981e-06 4.349565913321850556e-04 4.349565913321850556e-04 1.667149995166715068e-02 3.749971875210935589e-06 9.999800003999920349e-06 8.400000000000000799e-01 9.994007191370355425e-01 2.498313525945877362e-07 4.435864890297955348e-06
1.875234357423193055e-01 5.326797385620914982e-01 2.359603586597451563e-02 2.321428571428571785e-01 1.165501165501165448e-01 4.807692307692307265e-01 4.807692307692307265e-01 8.944543828264757412e-02 7.695385846646350149e-04 7.695385846646350149e-04 2.136752136752136377e-01 1.582779360557138096e-02 4.807674278913761161e-06 7.695385846646350149e-04 7.695385846646350149e-04 8.333749995833375501e-02 1.250365622257832918e-02 1.667633314000386766e-02 8.400000000000000799e-01 9.994007191370355425e-01 2.498313525945877362e-07 4.435864890297955348e-06
6.249906257030722889e-01 1.732026143790849626e-01 7.256894049346879205e-02 5.892857142857143016e-01 4.591368227731864454e-02 1.893939393939393923e-01 1.893939393939393923e-01 3.523608174770966051e-02 3.031515636557653303e-04 3.031515636557653303e-04 8.417508417508418050e-02 6.235191420376605224e-03 1.893932291693299980e-06 3.031515636557653303e-04 3.031515636557653303e-04 1.666699999666669818e-01 2.375357184821113785e-02 8.009839803203936889e-03 7.319999999999999840e-01 9.994007191370355425e-01 2.498313525945877362e-07 4.435864890297955348e-06
6.878234132440065596e-02 9.901960784313724728e-01 1.269357705001269120e-02 2.321428571428571785e-01 1.165501165501165448e-01 4.807692307692307265e-01 4.807692307692307265e-01 8.944543828264757412e-02 7.695385846646350149e-04 7.695385846646350149e-04 2.136752136752136377e-01 1.582779360557138096e-02 4.807674278913761161e-06 7.695385846646350149e-04 7.695385846646350149e-04 3.333799995333380090e-02 3.749971875210935589e-06 9.999800003999920349e-06 8.400000000000000799e-01 9.994007191370355425e-01 2.498313525945877362e-07 4.435864890297955348e-06
5.000000000000000000e-01 5.000000000000000000e-01 2.513826043237808033e-02 2.321428571428571785e-01 1.165501165501165448e-01 4.807692307692307265e-01 4.807692307692307265e-01 8.944543828264757412e-02 7.695385846646350149e-04 7.695385846646350149e-04 2.136752136752136377e-01 1.582779360557138096e-02 4.807674278913761161e-06 7.695385846646350149e-04 7.695385846646350149e-04 1.166704999616670624e-01 3.749971875210935589e-06 9.999800003999920349e-06 8.400000000000000799e-01 9.994007191370355425e-01 2.498313525945877362e-07 4.435864890297955348e-06
3.750093742969277111e-01 9.901960784313724728e-01 1.269357705001269120e-02 7.678571428571429047e-01 3.523608174770965357e-02 1.453488372093023062e-01 1.453488372093023062e-01 2.704164413196322517e-02 2.326512000148896664e-04 2.326512000148896664e-04 6.459948320413436140e-02 4.785146904009952504e-03 1.453482921532067475e-06 2.326512000148896664e-04 2.326512000148896664e-04 6.667099995666710133e-02 3.750346872398457182e-02 1.667633314000386766e-02 8.400000000000000799e-01 9.994007191370355425e-01 2.498313525945877362e-07 4.435864890297955348e-06
1.875234357423193055e-01 9.901960784313724728e-01 1.269357705001269120e-02 5.892857142857143016e-01 4.591368227731864454e-02 1.893939393939393923e-01 1.893939393939393923e-01 3.523608174770966051e-02 3.031515636557653303e-04 3.031515636557653303e-04 8.417508417508418050e-02 6.235191420376605224e-03 1.893932291693299980e-06 3.031515636557653303e-04 3.031515636557653303e-04 8.333749995833375501e-02 4.066219503353724410e-03 1.084311647100391456e-02 6.919999999999999485e-01 9.994007191370355425e-01 2.498313525945877362e-07 4.435864890297955348e-06
4.375046871484638555e-01 9.901960784313724728e-01 1.269357705001269120e-02 2.321428571428571785e-01 1.165501165501165448e-01 4.807692307692307265e-01 4.807692307692307265e-01 8.944543828264757412e-02 7.695385846646350149e-04 7.695385846646350149e-04 2.136752136752136377e-01 1.582779360557138096e-02 4.807674278913761161e-06 7.695385846646350149e-04 7.695385846646350149e-04 1.333369999633337022e-01 3.749971875210935589e-06 9.999800003999920349e-06 8.799999999999998934e-01 9.994007191370355425e-01 2.498313525945877362e-07 4.435864890297955348e-06
1.250281228907831887e-01 9.901960784313724728e-01 1.269357705001269120e-02 4.107142857142856984e-01 6.587615283267457544e-02 2.717391304347825942e-01 2.717391304347825942e-01 5.055611729019211797e-02 4.349565913321850556e-04 4.349565913321850556e-04 1.207729468599033906e-01 8.946144211844695923e-03 2.717381114168647981e-06 4.349565913321850556e-04 4.349565913321850556e-04 1.666699999666669818e-01 1.250365622257832918e-02 2.000959980800384036e-02 7.319999999999999840e-01 9.994007191370355425e-01 2.498313525945877362e-07 4.435864890297955348e-06
1.250281228907831887e-01 1.078431372549019523e-01 1.165501165501165448e-01 4.107142857142856984e-01 6.587615283267457544e-02 2.717391304347825942e-01 2.717391304347825942e-01 5.055611729019211797e-02 4.349565913321850556e-04 4.349565913321850556e-04 1.207729468599033906e-01 8.946144211844695923e-03 2.717381114168647981e-06 4.349565913321850556e-04 4.349565913321850556e-04 1.083372499608337286e-01 3.749971875210935589e-06 9.999800003999920349e-06 8.799999999999998934e-01 9.994007191370355425e-01 2.498313525945877362e-07 4.435864890297955348e-06
2.250206234532410032e-01 9.901960784313724728e-01 1.269357705001269120e-02 2.321428571428571785e-01 1.165501165501165448e-01 4.807692307692307265e-01 4.807692307692307265e-01 8.944543828264757412e-02 7.695385846646350149e-04 7.695385846646350149e-04 2.136752136752136377e-01 1.582779360557138096e-02 4.807674278913761161e-06 7.695385846646350149e-04 7.695385846646350149e-04 8.333749995833375501e-02 3.749971875210935589e-06 9.999800003999920349e-06 8.400000000000000799e-01 9.994007191370355425e-01 2.498313525945877362e-07 4.435864890297955348e-06
1.875234357423193055e-01 9.901960784313724728e-01 1.269357705001269120e-02 2.321428571428571785e-01 1.165501165501165448e-01 4.807692307692307265e-01 4.807692307692307265e-01 8.944543828264757412e-02 7.695385846646350149e-04 7.695385846646350149e-04 2.136752136752136377e-01 1.582779360557138096e-02 4.807674278913761161e-06 7.695385846646350149e-04 7.695385846646350149e-04 6.667099995666710133e-02 3.749971875210935589e-06 9.999800003999920349e-06 6.919999999999999485e-01 9.994007191370355425e-01 2.498313525945877362e-07 4.435864890297955348e-06
3.750093742969277111e-01 9.901960784313724728e-01 1.269357705001269120e-02 2.321428571428571785e-01 1.165501165501165448e-01 4.807692307692307265e-01 4.807692307692307265e-01 8.944543828264757412e-02 7.695385846646350149e-04 7.695385846646350149e-04 2.136752136752136377e-01 1.582779360557138096e-02 4.807674278913761161e-06 7.695385846646350149e-04 7.695385846646350149e-04 9.167074995916707492e-02 3.749971875210935589e-06 9.999800003999920349e-06 8.400000000000000799e-01 9.994007191370355425e-01 2.498313525945877362e-07 4.435864890297955348e-06
1.250281228907831887e-01 9.248366013071894765e-01 1.359064963305245920e-02 2.321428571428571785e-01 1.165501165501165448e-01 4.807692307692307265e-01 4.807692307692307265e-01 8.944543828264757412e-02 7.695385846646350149e-04 7.695385846646350149e-04 2.136752136752136377e-01 1.582779360557138096e-02 4.807674278913761161e-06 7.695385846646350149e-04 7.695385846646350149e-04 1.667149995166715068e-02 3.749971875210935589e-06 9.999800003999920349e-06 8.799999999999998934e-01 9.994007191370355425e-01 2.498313525945877362e-07 4.435864890297955348e-06
1.250281228907831887e-01 9.901960784313724728e-01 1.269357705001269120e-02 2.321428571428571785e-01 1.165501165501165448e-01 4.807692307692307265e-01 4.807692307692307265e-01 8.944543828264757412e-02 7.695385846646350149e-04 7.695385846646350149e-04 2.136752136752136377e-01 1.582779360557138096e-02 4.807674278913761161e-06 7.695385846646350149e-04 7.695385846646350149e-04 5.000449995500045458e-02 5.000337497468768794e-02 5.000899982000359817e-02 8.400000000000000799e-01 9.994007191370355425e-01 2.498313525945877362e-07 4.435864890297955348e-06
3.812589055820813644e-01 2.712418300653595127e-01 4.633920296570898101e-02 4.107142857142856984e-01 6.587615283267457544e-02 2.717391304347825942e-01 2.717391304347825942e-01 5.055611729019211797e-02 4.349565913321850556e-04 4.349565913321850556e-04 1.207729468599033906e-01 8.946144211844695923e-03 2.717381114168647981e-06 4.349565913321850556e-04 4.349565913321850556e-04 5.000449995500045458e-02 3.749971875210935589e-06 9.999800003999920349e-06 8.400000000000000799e-01 9.994007191370355425e-01 2.498313525945877362e-07 4.435864890297955348e-06
3.750093742969277111e-01 8.594771241830064801e-01 1.462415911085112458e-02 4.107142857142856984e-01 6.587615283267457544e-02 2.717391304347825942e-01 2.717391304347825942e-01 5.055611729019211797e-02 4.349565913321850556e-04 4.349565913321850556e-04 1.207729468599033906e-01 8.946144211844695923e-03 2.717381114168647981e-06 4.349565913321850556e-04 4.349565913321850556e-04 5.833774995583378142e-02 3.749971875210935589e-06 9.999800003999920349e-06 8.400000000000000799e-01 9.994007191370355425e-01 2.498313525945877362e-07 4.435864890297955348e-06
6.253281003924705816e-02 9.901960784313724728e-01 1.269357705001269120e-02 4.107142857142856984e-01 6.587615283267457544e-02 2.717391304347825942e-01 2.717391304347825942e-01 5.055611729019211797e-02 4.349565913321850556e-04 4.349565913321850556e-04 1.207729468599033906e-01 8.946144211844695923e-03 2.717381114168647981e-06 4.349565913321850556e-04 4.349565913321850556e-04 5.166665000016666953e-01 3.749971875210935589e-06 9.999800003999920349e-06 8.400000000000000799e-01 9.994007191370355425e-01 2.498313525945877362e-07 4.435864890297955348e-06
2.500187485938554222e-01 4.346405228758170036e-01 2.891844997108154736e-02 2.321428571428571785e-01 1.165501165501165448e-01 4.807692307692307265e-01 4.807692307692307265e-01 8.944543828264757412e-02 7.695385846646350149e-04 7.695385846646350149e-04 2.136752136752136377e-01 1.582779360557138096e-02 4.807674278913761161e-06 7.695385846646350149e-04 7.695385846646350149e-04 3.333799995333380090e-02 3.749971875210935589e-06 9.999800003999920349e-06 8.400000000000000799e-01 9.994007191370355425e-01 2.498313525945877362e-07 4.435864890297955348e-06
1.250281228907831887e-01 9.901960784313724728e-01 1.269357705001269120e-02 2.321428571428571785e-01 1.165501165501165448e-01 4.807692307692307265e-01 4.807692307692307265e-01 8.944543828264757412e-02 7.695385846646350149e-04 7.695385846646350149e-04 2.136752136752136377e-01 1.582779360557138096e-02 4.807674278913761161e-06 7.695385846646350149e-04 7.695385846646350149e-04 5.000449995500045458e-02 3.749971875210935589e-06 9.999800003999920349e-06 8.799999999999998934e-01 9.994007191370355425e-01 2.498313525945877362e-07 4.435864890297955348e-06
1.875234357423193055e-01 5.000000000000000000e-01 2.513826043237808033e-02 2.321428571428571785e-01 1.165501165501165448e-01 4.807692307692307265e-01 4.807692307692307265e-01 8.944543828264757412e-02 7.695385846646350149e-04 7.695385846646350149e-04 2.136752136752136377e-01 1.582779360557138096e-02 4.807674278913761161e-06 7.695385846646350149e-04 7.695385846646350149e-04 1.666699999666669818e-01 6.253703097226770251e-03 1.667633314000386766e-02 8.799999999999998934e-01 9.994007191370355425e-01 2.498313525945877362e-07 4.435864890297955348e-06
3.125140614453916221e-01 9.901960784313724728e-01 1.269357705001269120e-02 5.892857142857143016e-01 4.591368227731864454e-02 1.893939393939393923e-01 1.893939393939393923e-01 3.523608174770966051e-02 3.031515636557653303e-04 3.031515636557653303e-04 8.417508417508418050e-02 6.235191420376605224e-03 1.893932291693299980e-06 3.031515636557653303e-04 3.031515636557653303e-04 6.667099995666710133e-02 3.749971875210935589e-06 6.667533316000347210e-02 8.799999999999998934e-01 9.994007191370355425e-01 2.498313525945877362e-07 4.435864890297955348e-06
1.250281228907831887e-01 5.000000000000000000e-01 2.513826043237808033e-02 5.892857142857143016e-01 4.591368227731864454e-02 1.893939393939393923e-01 1.893939393939393923e-01 3.523608174770966051e-02 3.031515636557653303e-04 3.031515636557653303e-04 8.417508417508418050e-02 6.235191420376605224e-03 1.893932291693299980e-06 3.031515636557653303e-04 3.031515636557653303e-04 1.166704999616670624e-01 3.749971875210935589e-06 9.999800003999920349e-06 8.799999999999998934e-01 9.994007191370355425e-01 2.498313525945877362e-07 4.435864890297955348e-06
4.375046871484638555e-01 9.901960784313724728e-01 1.269357705001269120e-02 2.321428571428571785e-01 1.165501165501165448e-01 4.807692307692307265e-01 4.807692307692307265e-01 8.944543828264757412e-02 7.695385846646350149e-04 7.695385846646350149e-04 2.136752136752136377e-01 1.582779360557138096e-02 4.807674278913761161e-06 7.695385846646350149e-04 7.695385846646350149e-04 1.083372499608337286e-01 1.000029999775001593e-01 6.667533316000347210e-02 8.799999999999998934e-01 9.994007191370355425e-01 2.498313525945877362e-07 4.435864890297955348e-06
4.375046871484638555e-01 9.901960784313724728e-01 1.269357705001269120e-02 2.321428571428571785e-01 1.165501165501165448e-01 4.807692307692307265e-01 4.807692307692307265e-01 8.944543828264757412e-02 7.695385846646350149e-04 7.695385846646350149e-04 2.136752136752136377e-01 1.582779360557138096e-02 4.807674278913761161e-06 7.695385846646350149e-04 7.695385846646350149e-04 5.000449995500045458e-02 2.125021562338282322e-01 1.666733332000026879e-01 8.799999999999998934e-01 9.994007191370355425e-01 2.498313525945877362e-07 4.435864890297955348e-06
7.503187260955426763e-02 2.385620915032679590e-01 5.268703898840884636e-02 2.321428571428571785e-01 1.165501165501165448e-01 4.807692307692307265e-01 4.807692307692307265e-01 8.944543828264757412e-02 7.695385846646350149e-04 7.695385846646350149e-04 2.136752136752136377e-01 1.582779360557138096e-02 4.807674278913761161e-06 7.695385846646350149e-04 7.695385846646350149e-04 7.500424995750043511e-02 6.250328122539081099e-02 3.534262648080371827e-02 8.799999999999998934e-01 9.994007191370355425e-01 2.498313525945877362e-07 4.435864890297955348e-06
1.250281228907831887e-01 5.653594771241829964e-01 2.223210315695864706e-02 5.892857142857143016e-01 4.591368227731864454e-02 1.893939393939393923e-01 1.893939393939393923e-01 3.523608174770966051e-02 3.031515636557653303e-04 3.031515636557653303e-04 8.417508417508418050e-02 6.235191420376605224e-03 1.893932291693299980e-06 3.031515636557653303e-04 3.031515636557653303e-04 7.500424995750043511e-02 3.749971875210935589e-06 1.667633314000386766e-02 8.400000000000000799e-01 9.994007191370355425e-01 2.498313525945877362e-07 4.435864890297955348e-06
1.000299977501687282e-01 3.692810457516340072e-01 3.403675970047650989e-02 2.321428571428571785e-01 1.165501165501165448e-01 4.807692307692307265e-01 4.807692307692307265e-01 8.944543828264757412e-02 7.695385846646350149e-04 7.695385846646350149e-04 2.136752136752136377e-01 1.582779360557138096e-02 4.807674278913761161e-06 7.695385846646350149e-04 7.695385846646350149e-04 5.000449995500045458e-02 3.750346872398457182e-02 2.334286647600381306e-02 8.400000000000000799e-01 9.994007191370355425e-01 2.498313525945877362e-07 4.435864890297955348e-06
1.750243731720120821e-01 6.633986928104574909e-01 1.894657067070859915e-02 2.321428571428571785e-01 1.165501165501165448e-01 4.807692307692307265e-01 4.807692307692307265e-01 8.944543828264757412e-02 7.695385846646350149e-04 7.695385846646350149e-04 2.136752136752136377e-01 1.582779360557138096e-02 4.807674278913761161e-06 7.695385846646350149e-04 7.695385846646350149e-04 6.667099995666710133e-02 3.749971875210935589e-06 9.999800003999920349e-06 8.400000000000000799e-01 9.994007191370355425e-01 2.498313525945877362e-07 4.435864890297955348e-06
5.000000000000000000e-01 9.901960784313724728e-01 1.269357705001269120e-02 2.321428571428571785e-01 1.165501165501165448e-01 4.807692307692307265e-01 4.807692307692307265e-01 8.944543828264757412e-02 7.695385846646350149e-04 7.695385846646350149e-04 2.136752136752136377e-01 1.582779360557138096e-02 4.807674278913761161e-06 7.695385846646350149e-04 7.695385846646350149e-04 4.167124995416712774e-02 3.749971875210935589e-06 9.999800003999920349e-06 7.319999999999999840e-01 9.994007191370355425e-01 2.498313525945877362e-07 4.435864890297955348e-06
5.000000000000000000e-01 3.366013071895425091e-01 3.734129947722180515e-02 2.321428571428571785e-01 1.165501165501165448e-01 4.807692307692307265e-01 4.807692307692307265e-01 8.944543828264757412e-02 7.695385846646350149e-04 7.695385846646350149e-04 2.136752136752136377e-01 1.582779360557138096e-02 4.807674278913761161e-06 7.695385846646350149e-04 7.695385846646350149e-04 1.000039999600004087e-01 3.749971875210935589e-06 9.999800003999920349e-06 8.799999999999998934e-01 9.994007191370355425e-01 2.498313525945877362e-07 4.435864890297955348e-06
3.125140614453916221e-01 9.901960784313724728e-01 1.269357705001269120e-02 2.321428571428571785e-01 1.165501165501165448e-01 4.807692307692307265e-01 4.807692307692307265e-01 8.944543828264757412e-02 7.695385846646350149e-04 7.695385846646350149e-04 2.136752136752136377e-01 1.582779360557138096e-02 4.807674278913761161e-06 7.695385846646350149e-04 7.695385846646350149e-04 1.333369999633337022e-01 3.749971875210935589e-06 9.999800003999920349e-06 8.799999999999998934e-01 9.994007191370355425e-01 2.498313525945877362e-07 4.435864890297955348e-06
6.249906257030722889e-01 9.901960784313724728e-01 1.269357705001269120e-02 2.321428571428571785e-01 1.165501165501165448e-01 4.807692307692307265e-01 4.807692307692307265e-01 8.944543828264757412e-02 7.695385846646350149e-04 7.695385846646350149e-04 2.136752136752136377e-01 1.582779360557138096e-02 4.807674278913761161e-06 7.695385846646350149e-04 7.695385846646350149e-04 5.000449995500045458e-02 2.500356247328144876e-02 1.667633314000386766e-02 7.319999999999999840e-01 9.994007191370355425e-01 2.498313525945877362e-07 4.435864890297955348e-06
7.499812514061445778e-01 9.901960784313724728e-01 1.269357705001269120e-02 2.321428571428571785e-01 1.165501165501165448e-01 4.807692307692307265e-01 4.807692307692307265e-01 8.944543828264757412e-02 7.695385846646350149e-04 7.695385846646350149e-04 2.136752136752136377e-01 1.582779360557138096e-02 4.807674278913761161e-06 7.695385846646350149e-04 7.695385846646350149e-04 1.166704999616670624e-01 1.250365622257832918e-02 3.334266648000373118e-02 8.400000000000000799e-01 9.994007191370355425e-01 2.498313525945877362e-07 4.435864890297955348e-06
9.999625028122890447e-01 5.000000000000000000e-01 2.513826043237808033e-02 5.892857142857143016e-01 4.591368227731864454e-02 1.893939393939393923e-01 1.893939393939393923e-01 3.523608174770966051e-02 3.031515636557653303e-04 3.031515636557653303e-04 8.417508417508418050e-02 6.235191420376605224e-03 1.893932291693299980e-06 3.031515636557653303e-04 3.031515636557653303e-04 1.550034499655003339e-01 3.749971875210935589e-06 5.000899982000359817e-02 7.319999999999999840e-01 9.994007191370355425e-01 2.498313525945877362e-07 4.435864890297955348e-06
1.250281228907831887e-01 3.039215686274510109e-01 4.135649296939618996e-02 5.892857142857143016e-01 4.591368227731864454e-02 1.893939393939393923e-01 1.893939393939393923e-01 3.523608174770966051e-02 3.031515636557653303e-04 3.031515636557653303e-04 8.417508417508418050e-02 6.235191420376605224e-03 1.893932291693299980e-06 3.031515636557653303e-04 3.031515636557653303e-04 6.667099995666710133e-02 6.253703097226770251e-03 1.667633314000386766e-02 8.400000000000000799e-01 9.994007191370355425e-01 2.498313525945877362e-07 4.435864890297955348e-06
1.250281228907831887e-01 1.732026143790849626e-01 7.256894049346879205e-02 2.321428571428571785e-01 1.165501165501165448e-01 4.807692307692307265e-01 4.807692307692307265e-01 8.944543828264757412e-02 7.695385846646350149e-04 7.695385846646350149e-04 2.136752136752136377e-01 1.582779360557138096e-02 4.807674278913761161e-06 7.695385846646350149e-04 7.695385846646350149e-04 1.000039999600004087e-01 3.749971875210935589e-06 9.999800003999920349e-06 8.400000000000000799e-01 9.994007191370355425e-01 2.498313525945877362e-07 4.435864890297955348e-06
4.125065620078494089e-01 9.901960784313724728e-01 1.269357705001269120e-02 2.321428571428571785e-01 1.165501165501165448e-01 4.807692307692307265e-01 4.807692307692307265e-01 8.944543828264757412e-02 7.695385846646350149e-04 7.695385846646350149e-04 2.136752136752136377e-01 1.582779360557138096e-02 4.807674278913761161e-06 7.695385846646350149e-04 7.695385846646350149e-04 8.333749995833375501e-02 3.749971875210935589e-06 9.999800003999920349e-06 8.400000000000000799e-01 9.994007191370355425e-01 2.498313525945877362e-07 4.435864890297955348e-06
1.250281228907831887e-01 9.901960784313724728e-01 1.269357705001269120e-02 4.107142857142856984e-01 6.587615283267457544e-02 2.717391304347825942e-01 2.717391304347825942e-01 5.055611729019211797e-02 4.349565913321850556e-04 4.349565913321850556e-04 1.207729468599033906e-01 8.946144211844695923e-03 2.717381114168647981e-06 4.349565913321850556e-04 4.349565913321850556e-04 1.166704999616670624e-01 6.250328122539081099e-02 1.666733332000026879e-01 8.400000000000000799e-01 9.994007191370355425e-01 2.498313525945877362e-07 4.435864890297955348e-06
1.250281228907831887e-01 9.901960784313724728e-01 1.269357705001269120e-02 5.892857142857143016e-01 4.591368227731864454e-02 1.893939393939393923e-01 1.893939393939393923e-01 3.523608174770966051e-02 3.031515636557653303e-04 3.031515636557653303e-04 8.417508417508418050e-02 6.235191420376605224e-03 1.893932291693299980e-06 3.031515636557653303e-04 3.031515636557653303e-04 8.333749995833375501e-02 2.500356247328144876e-02 6.667533316000347210e-02 8.799999999999998934e-01 9.994007191370355425e-01 2.498313525945877362e-07 4.435864890297955348e-06
1.250281228907831887e-01 9.575163398692809746e-01 1.312680493567865668e-02 2.321428571428571785e-01 1.165501165501165448e-01 4.807692307692307265e-01 4.807692307692307265e-01 8.944543828264757412e-02 7.695385846646350149e-04 7.695385846646350149e-04 2.136752136752136377e-01 1.582779360557138096e-02 4.807674278913761161e-06 7.695385846646350149e-04 7.695385846646350149e-04 6.667099995666710133e-02 3.749971875210935589e-06 9.999800003999920349e-06 8.799999999999998934e-01 9.994007191370355425e-01 2.498313525945877362e-07 4.435864890297955348e-06
1.875234357423193055e-01 9.901960784313724728e-01 1.269357705001269120e-02 2.321428571428571785e-01 1.165501165501165448e-01 4.807692307692307265e-01 4.807692307692307265e-01 8.944543828264757412e-02 7.695385846646350149e-04 7.695385846646350149e-04 2.136752136752136377e-01 1.582779360557138096e-02 4.807674278913761161e-06 7.695385846646350149e-04 7.695385846646350149e-04 5.000449995500045458e-02 3.749971875210935589e-06 9.999800003999920349e-06 8.799999999999998934e-01 9.994007191370355425e-01 2.498313525945877362e-07 4.435864890297955348e-06
4.375046871484638555e-01 8.594771241830064801e-01 1.462415911085112458e-02 4.107142857142856984e-01 6.587615283267457544e-02 2.717391304347825942e-01 2.717391304347825942e-01 5.055611729019211797e-02 4.349565913321850556e-04 4.349565913321850556e-04 1.207729468599033906e-01 8.946144211844695923e-03 2.717381114168647981e-06 4.349565913321850556e-04 4.349565913321850556e-04 1.000039999600004087e-01 3.749971875210935589e-06 8.334166650000333909e-02 8.400000000000000799e-01 9.994007191370355425e-01 2.498313525945877362e-07 4.435864890297955348e-06
8.128140389470789318e-02 5.653594771241829964e-01 2.223210315695864706e-02 2.321428571428571785e-01 1.165501165501165448e-01 4.807692307692307265e-01 4.807692307692307265e-01 8.944543828264757412e-02 7.695385846646350149e-04 7.695385846646350149e-04 2.136752136752136377e-01 1.582779360557138096e-02 4.807674278913761161e-06 7.695385846646350149e-04 7.695385846646350149e-04 8.333749995833375501e-02 3.749971875210935589e-06 9.999800003999920349e-06 8.400000000000000799e-01 9.994007191370355425e-01 2.498313525945877362e-07 4.435864890297955348e-06
2.250206234532410032e-01 9.901960784313724728e-01 1.269357705001269120e-02 2.321428571428571785e-01 1.165501165501165448e-01 4.807692307692307265e-01 4.807692307692307265e-01 8.944543828264757412e-02 7.695385846646350149e-04 7.695385846646350149e-04 2.136752136752136377e-01 1.582779360557138096e-02 4.807674278913761161e-06 7.695385846646350149e-04 7.695385846646350149e-04 4.167124995416712774e-02 3.749971875210935589e-06 9.999800003999920349e-06 8.400000000000000799e-01 9.994007191370355425e-01 2.498313525945877362e-07 4.435864890297955348e-06
3.125140614453916221e-01 9.901960784313724728e-01 1.269357705001269120e-02 2.321428571428571785e-01 1.165501165501165448e-01 4.807692307692307265e-01 4.807692307692307265e-01 8.944543828264757412e-02 7.695385846646350149e-04 7.695385846646350149e-04 2.136752136752136377e-01 1.582779360557138096e-02 4.807674278913761161e-06 7.695385846646350149e-04 7.695385846646350149e-04 5.000449995500045458e-02 3.749971875210935589e-06 9.999800003999920349e-06 8.799999999999998934e-01 9.994007191370355425e-01 2.498313525945877362e-07 4.435864890297955348e-06
1.250281228907831887e-01 1.078431372549019523e-01 1.165501165501165448e-01 2.321428571428571785e-01 1.165501165501165448e-01 4.807692307692307265e-01 4.807692307692307265e-01 8.944543828264757412e-02 7.695385846646350149e-04 7.695385846646350149e-04 2.136752136752136377e-01 1.582779360557138096e-02 4.807674278913761161e-06 7.695385846646350149e-04 7.695385846646350149e-04 1.666699999666669818e-01 3.749971875210935589e-06 9.999800003999920349e-06 8.400000000000000799e-01 9.994007191370355425e-01 2.498313525945877362e-07 4.435864890297955348e-06
1.250281228907831887e-01 9.901960784313724728e-01 1.269357705001269120e-02 4.107142857142856984e-01 6.587615283267457544e-02 2.717391304347825942e-01 2.717391304347825942e-01 5.055611729019211797e-02 4.349565913321850556e-04 4.349565913321850556e-04 1.207729468599033906e-01 8.946144211844695923e-03 2.717381114168647981e-06 4.349565913321850556e-04 4.349565913321850556e-04 3.167134995316713691e-02 3.749971875210935589e-06 9.999800003999920349e-06 7.319999999999999840e-01 9.994007191370355425e-01 2.498313525945877362e-07 4.435864890297955348e-06
1.312776541759367865e-01 5.000000000000000000e-01 2.513826043237808033e-02 4.107142857142856984e-01 6.587615283267457544e-02 2.717391304347825942e-01 2.717391304347825942e-01 5.055611729019211797e-02 4.349565913321850556e-04 4.349565913321850556e-04 1.207729468599033906e-01 8.946144211844695923e-03 2.717381114168647981e-06 4.349565913321850556e-04 4.349565913321850556e-04 5.000449995500045458e-02 1.250365622257832918e-02 2.666713332400018621e-01 8.799999999999998934e-01 9.994007191370355425e-01 2.498313525945877362e-07 4.435864890297955348e-06
6.253281003924705816e-02 9.901960784313724728e-01 1.269357705001269120e-02 2.321428571428571785e-01 1.165501165501165448e-01 4.807692307692307265e-01 4.807692307692307265e-01 8.944543828264757412e-02 7.695385846646350149e-04 7.695385846646350149e-04 2.136752136752136377e-01 1.582779360557138096e-02 4.807674278913761161e-06 7.695385846646350149e-04 7.695385846646350149e-04 6.667099995666710133e-02 3.749971875210935589e-06 9.999800003999920349e-06 8.400000000000000799e-01 9.994007191370355425e-01 2.498313525945877362e-07 4.435864890297955348e-06
6.249906257030722889e-01 5.653594771241829964e-01 2.223210315695864706e-02 4.107142857142856984e-01 6.587615283267457544e-02 2.717391304347825942e-01 2.717391304347825942e-01 5.055611729019211797e-02 4.349565913321850556e-04 4.349565913321850556e-04 1.207729468599033906e-01 8.946144211844695923e-03 2.717381114168647981e-06 4.349565913321850556e-04 4.349565913321850556e-04 8.333749995833375501e-02 5.000337497468768794e-02 3.334266648000373118e-02 8.400000000000000799e-01 9.994007191370355425e-01 2.498313525945877362e-07 4.435864890297955348e-06
1.250281228907831887e-01 9.901960784313724728e-01 1.269357705001269120e-02 2.321428571428571785e-01 1.165501165501165448e-01 4.807692307692307265e-01 4.807692307692307265e-01 8.944543828264757412e-02 7.695385846646350149e-04 7.695385846646350149e-04 2.136752136752136377e-01 1.582779360557138096e-02 4.807674278913761161e-06 7.695385846646350149e-04 7.695385846646350149e-04 1.000039999600004087e-01 1.875023437324219722e-01 6.667533316000347210e-02 8.799999999999998934e-01 9.994007191370355425e-01 2.498313525945877362e-07 4.435864890297955348e-06
7.503187260955426763e-02 9.901960784313724728e-01 1.269357705001269120e-02 7.678571428571429047e-01 3.523608174770965357e-02 1.453488372093023062e-01 1.453488372093023062e-01 2.704164413196322517e-02 2.326512000148896664e-04 2.326512000148896664e-04 6.459948320413436140e-02 4.785146904009952504e-03 1.453482921532067475e-06 2.326512000148896664e-04 2.326512000148896664e-04 6.667099995666710133e-02 3.749971875210935589e-06 1.333406665200029539e-01 8.400000000000000799e-01 9.994007191370355425e-01 2.498313525945877362e-07 4.435864890297955348e-06
4.375046871484638555e-01 9.575163398692809746e-01 1.312680493567865668e-02 2.321428571428571785e-01 1.165501165501165448e-01 4.807692307692307265e-01 4.807692307692307265e-01 8.944543828264757412e-02 7.695385846646350149e-04 7.695385846646350149e-04 2.136752136752136377e-01 1.582779360557138096e-02 4.807674278913761161e-06 7.695385846646350149e-04 7.695385846646350149e-04 1.000039999600004087e-01 3.749971875210935589e-06 9.999800003999920349e-06 8.400000000000000799e-01 9.994007191370355425e-01 2.498313525945877362e-07 4.435864890297955348e-06
1.875234357423193055e-01 6.633986928104574909e-01 1.894657067070859915e-02 2.321428571428571785e-01 1.165501165501165448e-01 4.807692307692307265e-01 4.807692307692307265e-01 8.944543828264757412e-02 7.695385846646350149e-04 7.695385846646350149e-04 2.136752136752136377e-01 1.582779360557138096e-02 4.807674278913761161e-06 7.695385846646350149e-04 7.695385846646350149e-04 8.333749995833375501e-02 3.749971875210935589e-06 8.334166650000333909e-02 8.400000000000000799e-01 9.994007191370355425e-01 2.498313525945877362e-07 4.435864890297955348e-06
4.750018748593855533e-01 9.901960784313724728e-01 1.269357705001269120e-02 2.321428571428571785e-01 1.165501165501165448e-01 4.807692307692307265e-01 4.807692307692307265e-01 8.944543828264757412e-02 7.695385846646350149e-04 7.695385846646350149e-04 2.136752136752136377e-01 1.582779360557138096e-02 4.807674278913761161e-06 7.695385846646350149e-04 7.695385846646350149e-04 8.333749995833375501e-02 3.749971875210935589e-06 9.999800003999920349e-06 8.400000000000000799e-01 9.994007191370355425e-01 2.498313525945877362e-07 4.435864890297955348e-06
1.250281228907831887e-01 5.980392156862744946e-01 2.101723413198822860e-02 2.321428571428571785e-01 1.165501165501165448e-01 4.807692307692307265e-01 4.807692307692307265e-01 8.944543828264757412e-02 7.695385846646350149e-04 7.695385846646350149e-04 2.136752136752136377e-01 1.582779360557138096e-02 4.807674278913761161e-06 7.695385846646350149e-04 7.695385846646350149e-04 9.333739995933373890e-02 1.500363747271895275e-02 9.999800003999920349e-06 8.400000000000000799e-01 9.994007191370355425e-01 2.498313525945877362e-07 4.435864890297955348e-06
2.000224983126265288e-01 9.901960784313724728e-01 1.269357705001269120e-02 2.321428571428571785e-01 1.165501165501165448e-01 4.807692307692307265e-01 4.807692307692307265e-01 8.944543828264757412e-02 7.695385846646350149e-04 7.695385846646350149e-04 2.136752136752136377e-01 1.582779360557138096e-02 4.807674278913761161e-06 7.695385846646350149e-04 7.695385846646350149e-04 6.667099995666710133e-02 3.749971875210935589e-06 9.999800003999920349e-06 8.799999999999998934e-01 9.994007191370355425e-01 2.498313525945877362e-07 4.435864890297955348e-06
1.312776541759367865e-01 4.673202614379085018e-01 2.689618074233458486e-02 2.321428571428571785e-01 1.165501165501165448e-01 4.807692307692307265e-01 4.807692307692307265e-01 8.944543828264757412e-02 7.695385846646350149e-04 7.695385846646350149e-04 2.136752136752136377e-01 1.582779360557138096e-02 4.807674278913761161e-06 7.695385846646350149e-04 7.695385846646350149e-04 1.333369999633337022e-01 1.250365622257832918e-02 1.667633314000386766e-02 6.520000000000000240e-01 9.994007191370355425e-01 2.498313525945877362e-07 4.435864890297955348e-06
1.875234357423193055e-01 1.078431372549019523e-01 1.165501165501165448e-01 2.321428571428571785e-01 1.165501165501165448e-01 4.807692307692307265e-01 4.807692307692307265e-01 8.944543828264757412e-02 7.695385846646350149e-04 7.695385846646350149e-04 2.136752136752136377e-01 1.582779360557138096e-02 4.807674278913761161e-06 7.695385846646350149e-04 7.695385846646350149e-04 3.333799995333380090e-02 3.749971875210935589e-06 9.999800003999920349e-06 8.799999999999998934e-01 9.994007191370355425e-01 2.498313525945877362e-07 4.435864890297955348e-06
5.000000000000000000e-01 9.901960784313724728e-01 1.269357705001269120e-02 4.107142857142856984e-01 6.587615283267457544e-02 2.717391304347825942e-01 2.717391304347825942e-01 5.055611729019211797e-02 4.349565913321850556e-04 4.349565913321850556e-04 1.207729468599033906e-01 8.946144211844695923e-03 2.717381114168647981e-06 4.349565913321850556e-04 4.349565913321850556e-04 8.333749995833375501e-02 2.500018749859375666e-01 1.667633314000386766e-02 8.400000000000000799e-01 9.994007191370355425e-01 2.498313525945877362e-07 4.435864890297955348e-06
4.375046871484638555e-01 8.594771241830064801e-01 1.462415911085112458e-02 2.321428571428571785e-01 1.165501165501165448e-01 4.807692307692307265e-01 4.807692307692307265e-01 8.944543828264757412e-02 7.695385846646350149e-04 7.695385846646350149e-04 2.136752136752136377e-01 1.582779360557138096e-02 4.807674278913761161e-06 7.695385846646350149e-04 7.695385846646350149e-04 6.667099995666710133e-02 1.250365622257832918e-02 6.676533136003946940e-03 6.520000000000000240e-01 9.994007191370355425e-01 2.498313525945877362e-07 4.435864890297955348e-06
2.500187485938554222e-01 2.385620915032679590e-01 5.268703898840884636e-02 4.107142857142856984e-01 6.587615283267457544e-02 2.717391304347825942e-01 2.717391304347825942e-01 5.055611729019211797e-02 4.349565913321850556e-04 4.349565913321850556e-04 1.207729468599033906e-01 8.946144211844695923e-03 2.717381114168647981e-06 4.349565913321850556e-04 4.349565913321850556e-04 6.667099995666710133e-02 3.749971875210935589e-06 9.999800003999920349e-06 7.319999999999999840e-01 9.994007191370355425e-01 2.498313525945877362e-07 4.435864890297955348e-06
1.875234357423193055e-01 9.901960784313724728e-01 1.269357705001269120e-02 4.107142857142856984e-01 6.587615283267457544e-02 2.717391304347825942e-01 2.717391304347825942e-01 5.055611729019211797e-02 4.349565913321850556e-04 4.349565913321850556e-04 1.207729468599033906e-01 8.946144211844695923e-03 2.717381114168647981e-06 4.349565913321850556e-04 4.349565913321850556e-04 1.333369999633337022e-01 3.749971875210935589e-06 9.999800003999920349e-06 8.400000000000000799e-01 9.994007191370355425e-01 2.498313525945877362e-07 4.435864890297955348e-06
5.000000000000000000e-01 9.901960784313724728e-01 1.269357705001269120e-02 2.321428571428571785e-01 1.165501165501165448e-01 4.807692307692307265e-01 4.807692307692307265e-01 8.944543828264757412e-02 7.695385846646350149e-04 7.695385846646350149e-04 2.136752136752136377e-01 1.582779360557138096e-02 4.807674278913761161e-06 7.695385846646350149e-04 7.695385846646350149e-04 1.666699999666669818e-01 2.500018749859375666e-01 9.999900001999960653e-01 8.400000000000000799e-01 9.994007191370355425e-01 2.498313525945877362e-07 4.435864890297955348e-06
2.500187485938554222e-01 9.901960784313724728e-01 1.269357705001269120e-02 2.321428571428571785e-01 1.165501165501165448e-01 4.807692307692307265e-01 4.807692307692307265e-01 8.944543828264757412e-02 7.695385846646350149e-04 7.695385846646350149e-04 2.136752136752136377e-01 1.582779360557138096e-02 4.807674278913761161e-06 7.695385846646350149e-04 7.695385846646350149e-04 2.500474995250047405e-02 3.749971875210935589e-06 9.999800003999920349e-06 8.400000000000000799e-01 9.994007191370355425e-01 2.498313525945877362e-07 4.435864890297955348e-06
3.750093742969277111e-01 9.901960784313724728e-01 1.269357705001269120e-02 2.321428571428571785e-01 1.165501165501165448e-01 4.807692307692307265e-01 4.807692307692307265e-01 8.944543828264757412e-02 7.695385846646350149e-04 7.695385846646350149e-04 2.136752136752136377e-01 1.582779360557138096e-02 4.807674278913761161e-06 7.695385846646350149e-04 7.695385846646350149e-04 1.666699999666669818e-01 1.125029062282032755e-01 1.434304647240388676e-02 7.319999999999999840e-01 9.994007191370355425e-01 2.498313525945877362e-07 4.435864890297955348e-06
1.250281228907831887e-01 9.901960784313724728e-01 1.269357705001269120e-02 2.321428571428571785e-01 1.165501165501165448e-01 4.807692307692307265e-01 4.807692307692307265e-01 8.944543828264757412e-02 7.695385846646350149e-04 7.695385846646350149e-04 2.136752136752136377e-01 1.582779360557138096e-02 4.807674278913761161e-06 7.695385846646350149e-04 7.695385846646350149e-04 5.833774995583378142e-02 1.625025312310157399e-01 1.000079998400032061e-01 8.799999999999998934e-01 9.994007191370355425e-01 2.498313525945877362e-07 4.435864890297955348e-06
1.000299977501687282e-01 5.000000000000000000e-01 2.513826043237808033e-02 4.107142857142856984e-01 6.587615283267457544e-02 2.717391304347825942e-01 2.717391304347825942e-01 5.055611729019211797e-02 4.349565913321850556e-04 4.349565913321850556e-04 1.207729468599033906e-01 8.946144211844695923e-03 2.717381114168647981e-06 4.349565913321850556e-04 4.349565913321850556e-04 1.333369999633337022e-01 3.749971875210935589e-06 6.667533316000347210e-02 8.400000000000000799e-01 9.994007191370355425e-01 2.498313525945877362e-07 4.435864890297955348e-06
2.000224983126265288e-01 2.385620915032679590e-01 5.268703898840884636e-02 2.321428571428571785e-01 1.165501165501165448e-01 4.807692307692307265e-01 4.807692307692307265e-01 8.944543828264757412e-02 7.695385846646350149e-04 7.695385846646350149e-04 2.136752136752136377e-01 1.582779360557138096e-02 4.807674278913761161e-06 7.695385846646350149e-04 7.695385846646350149e-04 9.999950000499995273e-01 1.000029999775001593e-01 1.666733332000026879e-01 8.400000000000000799e-01 9.994007191370355425e-01 2.498313525945877362e-07 4.435864890297955348e-06
1.250281228907831887e-01 2.712418300653595127e-01 4.633920296570898101e-02 2.321428571428571785e-01 1.165501165501165448e-01 4.807692307692307265e-01 4.807692307692307265e-01 8.944543828264757412e-02 7.695385846646350149e-04 7.695385846646350149e-04 2.136752136752136377e-01 1.582779360557138096e-02 4.807674278913761161e-06 7.695385846646350149e-04 7.695385846646350149e-04 5.833774995583378142e-02 3.749971875210935589e-06 9.999800003999920349e-06 7.319999999999999840e-01 9.994007191370355425e-01 2.498313525945877362e-07 4.435864890297955348e-06
1.875234357423193055e-01 9.901960784313724728e-01 1.269357705001269120e-02 2.321428571428571785e-01 1.165501165501165448e-01 4.807692307692307265e-01 4.807692307692307265e-01 8.944543828264757412e-02 7.695385846646350149e-04 7.695385846646350149e-04 2.136752136752136377e-01 1.582779360557138096e-02 4.807674278913761161e-06 7.695385846646350149e-04 7.695385846646350149e-04 3.000469995300046946e-02 3.749971875210935589e-06 9.999800003999920349e-06 8.400000000000000799e-01 9.994007191370355425e-01 2.498313525945877362e-07 4.435864890297955348e-06
3.125140614453916221e-01 9.901960784313724728e-01 1.269357705001269120e-02 2.321428571428571785e-01 1.165501165501165448e-01 4.807692307692307265e-01 4.807692307692307265e-01 8.944543828264757412e-02 7.695385846646350149e-04 7.695385846646350149e-04 2.136752136752136377e-01 1.582779360557138096e-02 4.807674278913761161e-06 7.695385846646350149e-04 7.695385846646350149e-04 1.667149995166715068e-02 3.749971875210935589e-06 5.843216469003953764e-03 8.400000000000000799e-01 9.994007191370355425e-01 2.498313525945877362e-07 4.435864890297955348e-06
1.750243731720120821e-01 4.019607843137255054e-01 3.126954346466541412e-02 2.321428571428571785e-01 1.165501165501165448e-01 4.807692307692307265e-01 4.807692307692307265e-01 8.944543828264757412e-02 7.695385846646350149e-04 7.695385846646350149e-04 2.136752136752136377e-01 1.582779360557138096e-02 4.807674278913761161e-06 7.695385846646350149e-04 7.695385846646350149e-04 2.833804995283380548e-02 2.500356247328144876e-02 1.500969980600388130e-02 1.199999999999999956e-01 5.992808629644426300e-04 4.166354190102408901e-04 7.397544015386891235e-03
6.253281003924705816e-02 9.901960784313724728e-01 1.269357705001269120e-02 4.107142857142856984e-01 6.587615283267457544e-02 2.717391304347825942e-01 2.717391304347825942e-01 5.055611729019211797e-02 4.349565913321850556e-04 4.349565913321850556e-04 1.207729468599033906e-01 8.946144211844695923e-03 2.717381114168647981e-06 4.349565913321850556e-04 4.349565913321850556e-04 6.667099995666710133e-02 5.000000000000000000e-01 1.333406665200029539e-01 8.400000000000000799e-01 9.994007191370355425e-01 2.498313525945877362e-07 4.435864890297955348e-06
9.999625028122890447e-01 6.960784313725489891e-01 1.805706031058143535e-02 4.107142857142856984e-01 6.587615283267457544e-02 2.717391304347825942e-01 2.717391304347825942e-01 5.055611729019211797e-02 4.349565913321850556e-04 4.349565913321850556e-04 1.207729468599033906e-01 8.946144211844695923e-03 2.717381114168647981e-06 4.349565913321850556e-04 4.349565913321850556e-04 1.000039999600004087e-01 9.999962500281247557e-01 6.667533316000347210e-02 8.400000000000000799e-01 9.994007191370355425e-01 2.498313525945877362e-07 4.435864890297955348e-06
9.999625028122890447e-01 9.901960784313724728e-01 1.269357705001269120e-02 2.321428571428571785e-01 1.165501165501165448e-01 4.807692307692307265e-01 4.807692307692307265e-01 8.944543828264757412e-02 7.695385846646350149e-04 7.695385846646350149e-04 2.136752136752136377e-01 1.582779360557138096e-02 4.807674278913761161e-06 7.695385846646350149e-04 7.695385846646350149e-04 2.500474995250047405e-02 5.000337497468768794e-02 1.667633314000386766e-02 8.400000000000000799e-01 9.994007191370355425e-01 2.498313525945877362e-07 4.435864890297955348e-06
9.999625028122890447e-01 1.078431372549019523e-01 1.165501165501165448e-01 2.321428571428571785e-01 1.165501165501165448e-01 4.807692307692307265e-01 4.807692307692307265e-01 8.944543828264757412e-02 7.695385846646350149e-04 7.695385846646350149e-04 2.136752136752136377e-01 1.582779360557138096e-02 4.807674278913761161e-06 7.695385846646350149e-04 7.695385846646350149e-04 6.667099995666710133e-02 1.931610512921153044e-02 1.884295647420384731e-02 8.400000000000000799e-01 9.994007191370355425e-01 2.498313525945877362e-07 4.435864890297955348e-06
5.000000000000000000e-01 9.901960784313724728e-01 1.269357705001269120e-02 2.321428571428571785e-01 1.165501165501165448e-01 4.807692307692307265e-01 4.807692307692307265e-01 8.944543828264757412e-02 7.695385846646350149e-04 7.695385846646350149e-04 2.136752136752136377e-01 1.582779360557138096e-02 4.807674278913761161e-06 7.695385846646350149e-04 7.695385846646350149e-04 5.000449995500045458e-02 3.749971875210935589e-06 9.999800003999920349e-06 8.799999999999998934e-01 9.994007191370355425e-01 2.498313525945877362e-07 4.435864890297955348e-06
3.750093742969277111e-01 9.901960784313724728e-01 1.269357705001269120e-02 2.321428571428571785e-01 1.165501165501165448e-01 4.807692307692307265e-01 4.807692307692307265e-01 8.944543828264757412e-02 7.695385846646350149e-04 7.695385846646350149e-04 2.136752136752136377e-01 1.582779360557138096e-02 4.807674278913761161e-06 7.695385846646350149e-04 7.695385846646350149e-04 1.667149995166715068e-02 6.249990625070311889e-01 1.666733332000026879e-01 7.319999999999999840e-01 9.994007191370355425e-01 2.498313525945877362e-07 4.435864890297955348e-06
1.250281228907831887e-01 7.941176470588234837e-01 1.582779360557138443e-02 2.321428571428571785e-01 1.165501165501165448e-01 4.807692307692307265e-01 4.807692307692307265e-01 8.944543828264757412e-02 7.695385846646350149e-04 7.695385846646350149e-04 2.136752136752136377e-01 1.582779360557138096e-02 4.807674278913761161e-06 7.695385846646350149e-04 7.695385846646350149e-04 1.000039999600004087e-01 1.250365622257832918e-02 1.667633314000386766e-02 8.799999999999998934e-01 9.994007191370355425e-01 2.498313525945877362e-07 4.435864890297955348e-06
1.250281228907831887e-01 6.307189542483659928e-01 1.992825827022718169e-02 2.321428571428571785e-01 1.165501165501165448e-01 4.807692307692307265e-01 4.807692307692307265e-01 8.944543828264757412e-02 7.695385846646350149e-04 7.695385846646350149e-04 2.136752136752136377e-01 1.582779360557138096e-02 4.807674278913761161e-06 7.695385846646350149e-04 7.695385846646350149e-04 3.833794995383379978e-02 3.749971875210935589e-06 9.999800003999920349e-06 8.799999999999998934e-01 9.994007191370355425e-01 2.498313525945877362e-07 4.435864890297955348e-06
1.875234357423193055e-01 9.901960784313724728e-01 1.269357705001269120e-02 2.321428571428571785e-01 1.165501165501165448e-01 4.807692307692307265e-01 4.807692307692307265e-01 8.944543828264757412e-02 7.695385846646350149e-04 7.695385846646350149e-04 2.136752136752136377e-01 1.582779360557138096e-02 4.807674278913761161e-06 7.695385846646350149e-04 7.695385846646350149e-04 5.833774995583378142e-02 3.749971875210935589e-06 9.999800003999920349e-06 8.400000000000000799e-01 9.994007191370355425e-01 2.498313525945877362e-07 4.435864890297955348e-06
3.125140614453916221e-01 4.673202614379085018e-01 2.689618074233458486e-02 2.321428571428571785e-01 1.165501165501165448e-01 4.807692307692307265e-01 4.807692307692307265e-01 8.944543828264757412e-02 7.695385846646350149e-04 7.695385846646350149e-04 2.136752136752136377e-01 1.582779360557138096e-02 4.807674278913761161e-06 7.695385846646350149e-04 7.695385846646350149e-04 4.167124995416712774e-02 3.749971875210935589e-06 9.999800003999920349e-06 8.799999999999998934e-01 9.994007191370355425e-01 2.498313525945877362e-07 4.435864890297955348e-06
3.750093742969277111e-01 9.901960784313724728e-01 1.269357705001269120e-02 5.892857142857143016e-01 4.591368227731864454e-02 1.893939393939393923e-01 1.893939393939393923e-01 3.523608174770966051e-02 3.031515636557653303e-04 3.031515636557653303e-04 8.417508417508418050e-02 6.235191420376605224e-03 1.893932291693299980e-06 3.031515636557653303e-04 3.031515636557653303e-04 5.000449995500045458e-02 1.500026249803126377e-01 1.666733332000026879e-01 7.680000000000000160e-01 9.994007191370355425e-01 2.498313525945877362e-07 4.435864890297955348e-06
1.875234357423193055e-01 9.901960784313724728e-01 1.269357705001269120e-02 5.892857142857143016e-01 4.591368227731864454e-02 1.893939393939393923e-01 1.893939393939393923e-01 3.523608174770966051e-02 3.031515636557653303e-04 3.031515636557653303e-04 8.417508417508418050e-02 6.235191420376605224e-03 1.893932291693299980e-06 3.031515636557653303e-04 3.031515636557653303e-04 5.000449995500045458e-02 1.250365622257832918e-02 2.067625314160383490e-02 8.400000000000000799e-01 9.994007191370355425e-01 2.498313525945877362e-07 4.435864890297955348e-06
5.000000000000000000e-01 2.712418300653595127e-01 4.633920296570898101e-02 2.321428571428571785e-01 1.165501165501165448e-01 4.807692307692307265e-01 4.807692307692307265e-01 8.944543828264757412e-02 7.695385846646350149e-04 7.695385846646350149e-04 2.136752136752136377e-01 1.582779360557138096e-02 4.807674278913761161e-06 7.695385846646350149e-04 7.695385846646350149e-04 5.000449995500045458e-02 3.749971875210935589e-06 9.999800003999920349e-06 8.400000000000000799e-01 9.994007191370355425e-01 2.498313525945877362e-07 4.435864890297955348e-06
1.875234357423193055e-01 9.901960784313724728e-01 1.269357705001269120e-02 2.321428571428571785e-01 1.165501165501165448e-01 4.807692307692307265e-01 4.807692307692307265e-01 8.944543828264757412e-02 7.695385846646350149e-04 7.695385846646350149e-04 2.136752136752136377e-01 1.582779360557138096e-02 4.807674278913761161e-06 7.695385846646350149e-04 7.695385846646350149e-04 1.667149995166715068e-02 6.250328122539081099e-02 1.667633314000386766e-02 8.400000000000000799e-01 9.994007191370355425e-01 2.498313525945877362e-07 4.435864890297955348e-06
6.253281003924705816e-02 6.633986928104574909e-01 1.894657067070859915e-02 2.321428571428571785e-01 1.165501165501165448e-01 4.807692307692307265e-01 4.807692307692307265e-01 8.944543828264757412e-02 7.695385846646350149e-04 7.695385846646350149e-04 2.136752136752136377e-01 1.582779360557138096e-02 4.807674278913761161e-06 7.695385846646350149e-04 7.695385846646350149e-04 2.000029999700002892e-01 3.749971875210935589e-06 9.999800003999920349e-06 8.400000000000000799e-01 9.994007191370355425e-01 2.498313525945877362e-07 4.435864890297955348e-06
1.875234357423193055e-01 9.901960784313724728e-01 1.269357705001269120e-02 2.321428571428571785e-01 1.165501165501165448e-01 4.807692307692307265e-01 4.807692307692307265e-01 8.944543828264757412e-02 7.695385846646350149e-04 7.695385846646350149e-04 2.136752136752136377e-01 1.582779360557138096e-02 4.807674278913761161e-06 7.695385846646350149e-04 7.695385846646350149e-04 5.000449995500045458e-02 3.750346872398457182e-02 1.000079998400032061e-01 8.400000000000000799e-01 9.994007191370355425e-01 2.498313525945877362e-07 4.435864890297955348e-06
3.750093742969277111e-01 2.385620915032679590e-01 5.268703898840884636e-02 2.321428571428571785e-01 1.165501165501165448e-01 4.807692307692307265e-01 4.807692307692307265e-01 8.944543828264757412e-02 7.695385846646350149e-04 7.695385846646350149e-04 2.136752136752136377e-01 1.582779360557138096e-02 4.807674278913761161e-06 7.695385846646350149e-04 7.695385846646350149e-04 1.333369999633337022e-01 3.749971875210935589e-06 9.999800003999920349e-06 7.319999999999999840e-01 9.994007191370355425e-01 2.498313525945877362e-07 4.435864890297955348e-06
5.624953128515360889e-01 9.901960784313724728e-01 1.269357705001269120e-02 4.107142857142856984e-01 6.587615283267457544e-02 2.717391304347825942e-01 2.717391304347825942e-01 5.055611729019211797e-02 4.349565913321850556e-04 4.349565913321850556e-04 1.207729468599033906e-01 8.946144211844695923e-03 2.717381114168647981e-06 4.349565913321850556e-04 4.349565913321850556e-04 2.500474995250047405e-02 3.749971875210935589e-06 9.999800003999920349e-06 8.400000000000000799e-01 9.994007191370355425e-01 2.498313525945877362e-07 4.435864890297955348e-06
1.250281228907831887e-01 9.901960784313724728e-01 1.269357705001269120e-02 4.107142857142856984e-01 6.587615283267457544e-02 2.717391304347825942e-01 2.717391304347825942e-01 5.055611729019211797e-02 4.349565913321850556e-04 4.349565913321850556e-04 1.207729468599033906e-01 8.946144211844695923e-03 2.717381114168647981e-06 4.349565913321850556e-04 4.349565913321850556e-04 5.000449995500045458e-02 3.749971875210935589e-06 9.999800003999920349e-06 8.799999999999998934e-01 9.994007191370355425e-01 2.498313525945877362e-07 4.435864890297955348e-06
1.250281228907831887e-01 2.712418300653595127e-01 4.633920296570898101e-02 2.321428571428571785e-01 1.165501165501165448e-01 4.807692307692307265e-01 4.807692307692307265e-01 8.944543828264757412e-02 7.695385846646350149e-04 7.695385846646350149e-04 2.136752136752136377e-01 1.582779360557138096e-02 4.807674278913761161e-06 7.695385846646350149e-04 7.695385846646350149e-04 7.500424995750043511e-02 3.749971875210935589e-06 9.999800003999920349e-06 8.799999999999998934e-01 9.994007191370355425e-01 2.498313525945877362e-07 4.435864890297955348e-06
2.500187485938554222e-01 6.633986928104574909e-01 1.894657067070859915e-02 4.107142857142856984e-01 6.587615283267457544e-02 2.717391304347825942e-01 2.717391304347825942e-01 5.055611729019211797e-02 4.349565913321850556e-04 4.349565913321850556e-04 1.207729468599033906e-01 8.946144211844695923e-03 2.717381114168647981e-06 4.349565913321850556e-04 4.349565913321850556e-04 6.000439995600044540e-02 3.749971875210935589e-06 9.999800003999920349e-06 8.400000000000000799e-01 9.994007191370355425e-01 2.498313525945877362e-07 4.435864890297955348e-06
1.250281228907831887e-01 5.000000000000000000e-01 2.513826043237808033e-02 5.892857142857143016e-01 4.591368227731864454e-02 1.893939393939393923e-01 1.893939393939393923e-01 3.523608174770966051e-02 3.031515636557653303e-04 3.031515636557653303e-04 8.417508417508418050e-02 6.235191420376605224e-03 1.893932291693299980e-06 3.031515636557653303e-04 3.031515636557653303e-04 1.000039999600004087e-01 3.749971875210935589e-06 9.999800003999920349e-06 8.799999999999998934e-01 9.994007191370355425e-01 2.498313525945877362e-07 4.435864890297955348e-06
6.253281003924705816e-02 1.078431372549019523e-01 1.165501165501165448e-01 4.107142857142856984e-01 6.587615283267457544e-02 2.717391304347825942e-01 2.717391304347825942e-01 5.055611729019211797e-02 4.349565913321850556e-04 4.349565913321850556e-04 1.207729468599033906e-01 8.946144211844695923e-03 2.717381114168647981e-06 4.349565913321850556e-04 4.349565913321850556e-04 8.333749995833375501e-02 3.749971875210935589e-06 9.999800003999920349e-06 8.799999999999998934e-01 9.994007191370355425e-01 2.498313525945877362e-07 4.435864890297955348e-06
3.125140614453916221e-01 9.901960784313724728e-01 1.269357705001269120e-02 2.321428571428571785e-01 1.165501165501165448e-01 4.807692307692307265e-01 4.807692307692307265e-01 8.944543828264757412e-02 7.695385846646350149e-04 7.695385846646350149e-04 2.136752136752136377e-01 1.582779360557138096e-02 4.807674278913761161e-06 7.695385846646350149e-04 7.695385846646350149e-04 4.167124995416712774e-02 1.625362809778926540e-02 2.667613314400378577e-02 6.919999999999999485e-01 9.994007191370355425e-01 2.498313525945877362e-07 4.435864890297955348e-06
1.312776541759367865e-01 4.673202614379085018e-01 2.689618074233458486e-02 2.321428571428571785e-01 1.165501165501165448e-01 4.807692307692307265e-01 4.807692307692307265e-01 8.944543828264757412e-02 7.695385846646350149e-04 7.695385846646350149e-04 2.136752136752136377e-01 1.582779360557138096e-02 4.807674278913761161e-06 7.695385846646350149e-04 7.695385846646350149e-04 5.833774995583378142e-02 3.750346872398457182e-02 1.166743331800030731e-01 8.400000000000000799e-01 9.994007191370355425e-01 2.498313525945877362e-07 4.435864890297955348e-06
1.625253106017048588e-01 1.405228758169934644e-01 8.944543828264757412e-02 4.107142857142856984e-01 6.587615283267457544e-02 2.717391304347825942e-01 2.717391304347825942e-01 5.055611729019211797e-02 4.349565913321850556e-04 4.349565913321850556e-04 1.207729468599033906e-01 8.946144211844695923e-03 2.717381114168647981e-06 4.349565913321850556e-04 4.349565913321850556e-04 1.666699999666669818e-01 3.749971875210935589e-06 9.999800003999920349e-06 8.400000000000000799e-01 9.994007191370355425e-01 2.498313525945877362e-07 4.435864890297955348e-06
