Application,loan_amount,loan_days,applied_at,gender_id,,birth_date,Marital status,children_count_id,education_id,fact_addr_owner_type_id,fact_addr_start_date,has_immovables,has_movables,employment_type_id,position_id,organization_type_id,organization_branch_id,empoyees_count_id,employment_date,seniority_years,has_prior_employment,prior_employment_start_date,prior_employment_end_date,monthly_income,income_frequency_id,income_frequency_other,income_source_id,monthly_expenses,other_loans_has_closed,other_loans_active,other_loans_about_current,other_loans_about_monthly,OK*,loan_closed,loan_overdue,product_id,product_dpr,product_amount_from,product_amount_to,product_overdue_dpr,product_interest_min,product_overdue_start_day,product_base_amount_limit,amount_limit,applied_limit,amount_to_pay,total_paid,current_interest_amount,current_overdue_interest_amount,current_rest_amount,current_principal_balance,overdue_amount,overdue_days,extension_amount,extension_days,payment_date,closed_at,product_profile_id,credit_policy_id,user_id,face_id,prolongation_number,prolongation_total_days,wizard_type_id,step,created_at
1,3000,30,02/01/2021 00:21:56,1,,02/03/1995,2,1,5,4,06/14/2015,0,0,1,0,1,0,0,06/14/2015,5,NULL,01/01/1970,01/01/1970,15000,2,NULL,1,4000,0,1,0,4263,1,1,0,30,1.8,500,4000,3.8,50,0,4000,3000,3000,0,4620,1620,0,0,0,0,0,0,0,03/02/2021,03/01/2021 16:17:00,14,31,253430,NULL,NULL,NULL,2,3,02/01/2021 00:20:01
2,1000,7,02/01/2021 00:24:08,1,,01/19/1984,2,2,4,0,NULL,0,0,1,0,4,0,0,06/22/2012,8,0,NULL,NULL,11000,2,NULL,1,5000,1,2,1500,800,1,1,0,57,0,0,1000,3.8,120,0,1000,4500,1000,0,1120,120,0,0,0,0,0,0,0,02/07/2021,02/07/2021 15:30:00,12,38,109618,NULL,NULL,NULL,2,3,02/01/2021 00:20:04
3,1000,3,02/01/2021 00:36:35,2,,08/02/1994,2,1,4,2,05/17/2018,0,0,1,NULL,999,0,0,06/25/2016,5,NULL,NULL,NULL,10000,2,NULL,1,5000,0,0,0,0,1,1,1,10,1.9,500,8000,3.8,50,0,8000,1000,1000,1088,1183,145,38,0,0,0,2,0,0,02/03/2021,02/05/2021 18:26:00,14,39,289130,NULL,NULL,NULL,5,7,02/01/2021 00:22:13
4,1600,30,02/01/2021 00:34:22,1,,11/12/1992,1,1,3,3,11/25/1992,0,0,1,2,1,0,0,09/01/2015,3,0,01/01/1970,01/01/1970,8000,2,NULL,1,3000,0,0,0,0,1,1,0,2,1.8,500,8000,3.8,50,0,8000,1600,1600,0,2168.4,568.4,0,0,0,0,0,0,0,03/02/2021,02/18/2021 18:42:00,18,38,141625,226701,NULL,NULL,2,3,02/01/2021 00:22:15
5,2500,18,02/01/2021 23:22:57,2,,10/22/1997,1,1,5,3,01/01/1999,1,0,1,NULL,2,0,0,05/17/2018,1,NULL,NULL,NULL,9000,2,NULL,1,8000,1,2,2000,1500,1,1,1,10,1.9,500,8000,3.8,50,0,8000,2500,2500,3402.5,11290,5322.5,3467.5,0,0,0,73,0,0,04/19/2021,05/23/2021 18:29:00,14,39,204249,NULL,1,20,5,7,02/01/2021 00:23:03
6,1000,30,02/01/2021 00:38:25,2,,06/12/1996,2,1,3,3,12/10/2009,0,0,1,NULL,2,0,0,04/20/2016,1,NULL,NULL,NULL,6500,2,NULL,1,3000,1,0,0,0,1,1,0,32,1.8,500,8000,3.8,50,0,8000,6000,6000,0,1472.48,443.8,28.68,0,0,0,2,0,0,04/03/2021,03/11/2021 15:22:00,14,31,122083,NULL,1,30,5,7,02/01/2021 00:34:09
7,1300,30,02/01/2021 00:40:38,1,,04/05/1993,1,1,5,1,09/26/2012,1,0,3,0,0,0,0,01/01/1970,5,NULL,01/01/1970,01/01/1970,20000,999,Раз в неделю,2,7000,0,0,0,0,1,1,1,2,1.8,500,8000,3.8,50,0,8000,1300,1300,2028.6,3435.2,1407.2,728,0,0,0,28,0,0,03/02/2021,03/30/2021 10:24:00,18,38,225205,NULL,NULL,NULL,2,3,02/01/2021 00:39:20
8,2000,14,02/01/2021 01:00:18,1,,09/17/1984,2,2,5,3,09/19/2012,0,0,1,NULL,2,0,0,07/21/2014,13,NULL,NULL,NULL,14000,2,NULL,1,7000,0,0,0,0,1,1,0,10,1.9,500,8000,3.8,50,0,8000,2500,2500,0,2506,506,0,0,0,0,0,0,0,02/15/2021,02/13/2021 11:02:00,14,39,209131,NULL,NULL,NULL,5,7,02/01/2021 00:45:54
9,2500,12,02/01/2021 00:47:11,1,,09/27/1986,1,1,5,1,01/12/2015,0,0,1,0,999,0,0,01/01/1970,10,NULL,01/01/1970,01/01/1970,15000,1,NULL,1,12000,0,0,0,0,1,1,0,35,1.53,500,8000,3.8,50,0,8000,3000,3000,0,2847,347,0,0,0,0,0,0,0,02/12/2021,02/08/2021 21:13:00,14,31,276402,NULL,NULL,NULL,2,3,02/01/2021 00:45:56
10,1000,7,02/01/2021 00:50:12,2,,06/15/1991,1,1,6,4,09/01/2014,0,0,1,0,999,8,2,09/01/2013,4,NULL,01/01/1970,01/01/1970,7200,2,NULL,1,4000,0,1,300,150,1,1,0,57,0,0,1000,3.8,120,0,1000,7500,1000,0,1120,120,0,0,0,0,0,0,0,02/07/2021,02/03/2021 09:55:00,18,38,1777,NULL,NULL,NULL,2,3,02/01/2021 00:48:03
11,2000,30,02/01/2021 00:52:31,2,,08/21/1981,5,3,3,1,03/12/1981,0,0,3,0,999,0,0,04/16/2013,14,NULL,01/01/1970,01/01/1970,15000,2,NULL,1,2000,0,3,20000,15000,1,1,0,31,1.8,500,5500,3.8,50,0,5500,2000,2000,0,2476,476,0,0,0,0,0,0,0,03/02/2021,02/12/2021 04:14:00,14,31,223487,NULL,NULL,NULL,2,3,02/01/2021 00:48:20
12,1400,3,02/01/2021 00:50:18,2,,04/04/1994,4,1,4,2,07/29/2010,0,0,8,0,0,999,1,01/01/1970,6,NULL,01/01/1970,01/01/1970,25000,2,NULL,999,15000,0,0,0,0,1,1,0,30,1.8,500,4000,3.8,50,0,4000,2000,2000,0,2161.2,705.2,56,0,0,0,2,0,0,03/07/2021,02/26/2021 23:17:00,14,31,250637,NULL,1,30,2,3,02/01/2021 00:49:01
13,2500,30,02/01/2021 01:19:40,1,,06/27/1991,2,2,3,2,09/27/2007,0,0,1,NULL,4,0,0,NULL,8,NULL,NULL,NULL,14000,2,NULL,1,4500,0,0,0,0,1,1,1,10,1.9,500,8000,3.8,50,0,8000,2500,2500,3927.5,8630,3802.5,2327.5,0,0,0,49,0,0,03/03/2021,04/21/2021 15:52:00,14,39,289142,NULL,NULL,NULL,5,7,02/01/2021 00:52:49
14,2000,30,02/01/2021 01:04:56,1,,03/11/1998,1,1,4,2,05/08/1998,0,0,1,0,3,0,0,04/04/2017,1,NULL,01/01/1970,01/01/1970,9000,1,NULL,1,3000,1,0,0,0,1,1,0,36,1.43,500,8000,3.8,50,0,8000,2000,2000,0,2879.4,879.4,0,0,0,0,0,0,0,03/03/2021,03/02/2021 10:39:00,14,31,116802,NULL,NULL,NULL,2,3,02/01/2021 00:54:00
15,1500,30,02/01/2021 02:17:57,1,,08/09/1996,1,1,2,1,10/27/2002,0,0,4,0,0,0,0,01/01/1970,1,NULL,01/01/1970,01/01/1970,10000,1,NULL,999,3000,0,3,5000,500,1,1,1,35,1.53,500,8000,3.8,50,0,8000,1500,1500,2215.55,2406.5,807.35,99.15,0,0,0,3,0,0,03/03/2021,03/06/2021 04:25:00,14,31,241322,NULL,NULL,NULL,2,3,02/01/2021 01:07:35
16,1000,30,02/01/2021 01:40:29,1,,02/25/1995,1,1,5,3,02/25/1995,0,0,3,0,1,0,0,02/14/2016,1,NULL,01/01/1970,01/01/1970,2000,2,NULL,1,500,0,0,0,0,1,1,0,32,1.8,500,8000,3.8,50,0,8000,2000,2000,0,1318,318,0,0,0,0,0,0,0,03/03/2021,02/17/2021 05:42:00,14,31,24870,NULL,NULL,NULL,2,3,02/01/2021 01:33:41
17,800,3,02/01/2021 01:40:06,1,,07/19/1976,3,1,5,1,06/18/1999,1,0,1,0,999,0,0,10/11/2004,20,NULL,01/01/1970,01/01/1970,9000,2,NULL,1,5000,1,1,0,500,1,1,0,32,1.8,500,8000,3.8,50,0,8000,6000,6000,0,876.8,76.8,0,0,0,0,0,0,0,02/04/2021,NULL,14,31,236645,NULL,NULL,NULL,2,3,02/01/2021 01:38:23
18,1200,9,02/01/2021 01:42:37,2,,02/27/1991,3,1,3,2,07/21/2008,0,1,1,0,999,0,0,11/30/2009,8,NULL,01/01/1970,01/01/1970,30000,2,NULL,999,15999,1,0,0,0,1,1,1,30,1.8,500,4000,3.8,50,0,4000,1500,1500,1422.8,1528.6,287.6,41,0,0,0,2,0,0,02/10/2021,02/12/2021 16:11:00,14,31,281395,NULL,NULL,NULL,2,3,02/01/2021 01:40:37
19,3000,30,02/01/2021 01:55:29,1,,05/08/1990,1,1,4,3,08/05/1990,0,0,1,0,999,0,0,12/08/2017,8,NULL,01/01/1970,01/01/1970,10000,1,NULL,1,3000,0,0,0,0,1,1,1,31,1.8,500,5500,3.8,50,0,5500,3000,3000,4620,6156,2376,780,0,0,0,13,0,0,03/03/2021,03/16/2021 13:19:00,14,31,235734,NULL,NULL,NULL,2,3,02/01/2021 01:52:51
20,1950,30,02/01/2021 01:55:53,1,,07/13/1997,1,1,3,4,03/20/2018,0,0,1,0,999,0,0,03/17/2018,2,NULL,01/01/1970,01/01/1970,7900,1,NULL,1,4500,1,1,2000,1000,1,1,0,31,1.8,500,5500,3.8,50,0,5500,1950,1950,0,2245.7,295.7,0,0,0,0,0,0,0,03/03/2021,02/08/2021 04:00:00,14,31,106816,NULL,NULL,NULL,2,3,02/01/2021 01:54:19
21,1700,9,02/01/2021 01:57:37,1,,11/18/1991,1,1,5,1,10/17/2011,0,0,4,0,0,0,0,01/01/1970,5,NULL,01/01/1970,01/01/1970,5000,2,NULL,1,3500,0,0,0,0,1,1,0,32,1.8,500,8000,3.8,50,0,8000,8000,8000,0,1867.4,167.4,0,0,0,0,0,0,0,02/10/2021,02/05/2021 02:20:00,14,31,86072,194019,NULL,NULL,2,3,02/01/2021 01:56:10
22,3050,20,02/01/2021 02:17:25,1,,12/14/1983,2,2,2,2,12/12/2015,1,0,3,0,999,0,0,01/12/2016,15,NULL,01/01/1970,01/01/1970,12000,2,NULL,1,5000,1,3,3000,3000,1,1,0,32,1.8,500,8000,3.8,50,0,8000,4000,4000,0,4145,1095,0,0,0,0,0,0,0,02/21/2021,02/21/2021 18:06:00,14,31,153435,237604,NULL,NULL,2,3,02/01/2021 02:00:14
23,1500,30,02/01/2021 02:26:09,1,,04/15/1986,2,2,3,1,09/10/2016,0,0,2,NULL,4,0,0,01/07/2011,15,NULL,NULL,NULL,10000,1,NULL,999,5000,0,0,0,0,1,1,0,10,1.9,500,8000,3.8,50,0,8000,1500,1500,0,3459.5,1874,85.5,0,0,0,3,0,0,05/05/2021,04/06/2021 21:09:00,14,39,289167,NULL,2,60,5,7,02/01/2021 02:09:55
24,1500,10,02/01/2021 02:28:30,1,,09/08/1986,3,2,5,3,02/24/2011,0,0,1,NULL,999,0,0,08/10/2018,13,NULL,NULL,NULL,12000,2,NULL,1,2000,0,0,0,0,1,1,1,10,1.9,500,8000,3.8,50,0,8000,1500,1500,1806.5,2006,420.5,85.5,0,0,0,3,0,0,02/11/2021,02/14/2021 14:46:00,14,39,286897,NULL,NULL,NULL,5,7,02/01/2021 02:13:46
25,1000,30,02/01/2021 02:25:37,1,,07/09/1994,1,1,5,1,03/02/2017,0,0,1,NULL,999,0,0,01/02/2017,1,NULL,NULL,NULL,10000,1,NULL,1,5000,0,0,0,0,1,1,0,36,1.43,500,8000,3.8,50,0,8000,3500,3500,0,1464.7,464.7,0,0,0,0,0,0,0,03/03/2021,03/03/2021 13:21:00,14,39,284922,NULL,NULL,NULL,5,7,02/01/2021 02:16:04
26,3000,16,02/01/2021 02:24:56,2,,08/01/1995,1,1,4,3,08/01/1995,0,0,3,0,999,0,0,10/20/2012,4,NULL,01/01/1970,01/01/1970,10000,2,NULL,1,3000,0,0,0,0,1,1,0,12,1.33,500,3500,3.8,50,0,3500,3000,3000,0,3648.5,648.5,0,0,0,0,0,0,0,02/17/2021,02/17/2021 23:13:00,14,31,263804,NULL,NULL,NULL,2,3,02/01/2021 02:23:29
27,1500,8,02/01/2021 02:25:26,1,,08/15/2000,1,1,2,3,08/15/2000,0,0,6,0,0,0,0,01/01/1970,1,NULL,01/01/1970,01/01/1970,5600,2,NULL,1,3400,0,0,0,0,1,1,1,31,1.8,500,5500,3.8,50,0,5500,1500,1500,1739,2333,536,297,0,0,0,10,0,0,02/09/2021,02/19/2021 20:53:00,14,31,272420,NULL,NULL,NULL,2,3,02/01/2021 02:24:34
28,500,30,02/01/2021 03:16:59,2,,09/30/1988,1,2,3,2,12/06/2018,0,0,1,0,2,0,0,11/17/2015,3,NULL,01/01/1970,01/01/1970,3100,2,NULL,1,31000,0,0,0,0,1,1,0,31,1.8,500,5500,3.8,50,0,5500,2000,2000,0,568,68,0,0,0,0,0,0,0,03/03/2021,02/01/2021 23:29:00,14,31,254736,NULL,NULL,NULL,2,3,02/01/2021 03:14:47
29,2000,14,02/01/2021 04:09:49,2,,04/19/1995,1,1,5,4,11/15/2018,0,0,1,NULL,2,0,0,03/11/2017,3,NULL,NULL,NULL,20000,2,NULL,1,10000,1,1,4000,300,1,1,0,10,1.9,500,8000,3.8,50,0,8000,2500,2500,0,2126,126,0,0,0,0,0,0,0,02/15/2021,02/02/2021 13:01:00,14,39,289188,NULL,NULL,NULL,5,7,02/01/2021 03:34:16
30,1000,7,02/01/2021 04:41:01,1,,09/05/1988,2,1,5,1,02/24/2017,1,0,1,NULL,999,0,0,08/01/2018,7,NULL,NULL,NULL,8000,2,NULL,2,3000,1,2,2000,2000,1,1,1,57,0,0,1000,3.8,120,0,1000,3000,1000,1000,1300,110,190,0,0,0,5,0,0,02/08/2021,02/13/2021 17:55:00,14,39,273672,NULL,NULL,NULL,5,7,02/01/2021 03:50:58
31,1000,10,02/01/2021 04:18:11,1,,07/09/1988,1,1,5,3,04/05/2005,0,0,2,NULL,999,0,0,10/01/2018,12,NULL,NULL,NULL,12000,2,NULL,4,8000,0,0,0,2000,1,1,0,10,1.9,500,8000,3.8,50,0,8000,1000,1000,0,1544,544,0,0,0,0,0,0,0,03/03/2021,02/27/2021 07:28:00,14,39,289191,NULL,1,20,5,7,02/01/2021 04:00:01
32,3000,19,02/01/2021 04:13:26,1,,07/24/1986,2,1,5,1,06/10/1986,1,1,1,NULL,1,0,0,01/05/2018,15,NULL,NULL,NULL,14000,2,NULL,1,9000,0,1,3500,600,1,1,1,30,1.8,500,4000,3.8,50,0,4000,3000,3000,4026,4992,1512,480,0,0,0,8,0,0,02/20/2021,02/28/2021 17:32:00,14,31,243494,NULL,NULL,NULL,5,7,02/01/2021 04:05:50
33,1000,30,02/01/2021 04:37:49,1,,05/27/1994,3,1,4,3,04/11/2011,1,0,3,0,1,0,0,12/10/2015,3,NULL,01/01/1970,01/01/1970,20000,2,NULL,2,7000,1,3,0,2000,1,1,1,31,1.8,500,5500,3.8,50,0,5500,1000,1000,1572,2084,824,260,0,0,0,13,0,0,03/03/2021,03/16/2021 15:00:00,14,31,283328,NULL,NULL,NULL,2,3,02/01/2021 04:35:01
34,3000,30,02/01/2021 06:31:00,2,,08/28/1969,2,1,5,3,06/25/2017,0,0,1,0,999,0,0,09/01/2002,27,NULL,01/01/1970,01/01/1970,9000,2,NULL,1,5000,1,0,0,0,1,1,0,30,1.8,500,4000,3.8,50,0,4000,3000,3000,0,4548,1548,0,0,0,0,0,0,0,03/03/2021,03/01/2021 15:16:00,14,31,274089,NULL,NULL,NULL,2,3,02/01/2021 06:27:27
35,500,7,02/01/2021 06:52:03,1,,10/02/2000,1,1,3,4,12/01/2015,1,0,1,NULL,999,0,0,10/29/2018,1,NULL,NULL,NULL,14200,1,NULL,1,8000,0,0,0,0,1,1,1,10,1.9,500,8000,3.8,50,0,8000,1000,1000,607,692.5,154.5,38,0,0,0,4,0,0,02/08/2021,02/12/2021 19:29:00,14,39,287255,NULL,NULL,NULL,5,7,02/01/2021 06:43:36
36,1500,21,02/01/2021 07:28:56,1,,02/01/1985,2,2,5,1,05/11/2017,1,1,8,NULL,0,6,0,NULL,18,NULL,NULL,NULL,35000,999,Каждый день,999,12000,1,3,20000,6000,1,1,0,10,1.9,500,8000,3.8,50,0,8000,1500,1500,0,1920.5,420.5,0,0,0,0,0,0,0,02/22/2021,02/14/2021 05:15:00,14,39,289224,NULL,NULL,NULL,5,7,02/01/2021 06:48:22
37,550,25,02/01/2021 08:00:12,1,,03/01/1995,1,1,3,3,04/10/2013,0,1,1,NULL,999,0,0,11/08/2018,2,NULL,NULL,NULL,2000,2,NULL,1,7000,1,2,4000,800,1,1,1,10,1.9,500,8000,3.8,50,0,8000,1000,1000,850.8,1450,603.85,292.6,-3.55,-3.55,-3.55,28,0,0,02/26/2021,03/26/2021 13:19:00,14,39,289228,NULL,NULL,NULL,5,7,02/01/2021 07:40:27
38,500,30,02/01/2021 07:43:32,1,,08/11/1985,2,1,2,2,10/19/1985,0,0,1,0,2,0,0,08/01/2014,15,NULL,01/01/1970,01/01/1970,12000,2,NULL,1,3500,0,1,2500,500,1,1,0,31,1.8,500,5500,3.8,50,0,5500,1500,1500,-32,600,68,0,-32,-32,0,0,0,0,03/03/2021,02/01/2021 22:29:00,14,31,268194,NULL,NULL,NULL,2,3,02/01/2021 07:42:14
39,3950,14,02/01/2021 08:43:36,1,,07/05/1988,2,2,5,3,07/05/1988,0,0,8,0,0,6,1,01/01/1970,10,NULL,01/01/1970,01/01/1970,18000,2,NULL,1,10000,0,0,20000,0,1,1,0,31,1.8,500,5500,3.8,50,0,5500,4000,4000,0,4945.4,995.4,0,0,0,0,0,0,0,02/15/2021,02/15/2021 15:31:00,14,31,192900,NULL,NULL,NULL,2,3,02/01/2021 08:39:41
40,1600,30,02/01/2021 08:47:54,2,,03/31/1988,4,2,3,2,03/31/1988,0,0,4,0,0,0,0,01/01/1970,5,NULL,01/01/1970,01/01/1970,9300,1,NULL,4,6900,0,0,0,0,1,1,0,12,1.33,500,3500,3.8,50,0,3500,8000,3500,0,2092.88,492.88,0,0,0,0,0,0,0,03/03/2021,02/22/2021 17:48:00,14,31,202734,NULL,NULL,NULL,2,3,02/01/2021 08:46:15
41,1500,30,02/01/2021 09:37:30,2,,02/01/1985,2,3,5,3,11/13/2007,0,0,1,NULL,4,0,0,09/06/2007,10,NULL,NULL,NULL,8000,2,NULL,1,1500,0,0,0,0,1,1,0,36,1.43,500,8000,3.8,50,0,8000,1500,1500,0,1979,479,0,0,0,0,0,0,0,03/03/2021,02/21/2021 13:32:00,14,39,287158,NULL,NULL,NULL,5,7,02/01/2021 08:48:30
42,6000,10,02/01/2021 09:25:21,1,,10/22/1981,2,3,5,2,10/22/1981,1,1,8,0,0,9,1,01/01/1970,10,NULL,01/01/1970,01/01/1970,20000,999,раз в неделю,999,10000,1,1,40000,3500,1,1,0,35,1.53,500,8000,3.8,50,0,8000,6000,6000,0,6734.4,734.4,0,0,0,0,0,0,0,02/11/2021,02/08/2021 11:09:00,14,31,215425,NULL,NULL,NULL,2,3,02/01/2021 09:24:15
43,1500,30,02/01/2021 09:31:50,1,,07/06/1998,1,1,3,3,07/06/1998,0,0,1,0,1,0,0,09/19/2018,2,NULL,01/01/1970,01/01/1970,7000,1,NULL,1,4000,0,0,0,0,1,1,1,30,1.8,500,4000,3.8,50,0,4000,1500,1500,2333,2531,941,90,0,0,0,3,0,0,03/03/2021,03/06/2021 17:23:00,14,31,280887,NULL,NULL,NULL,2,3,02/01/2021 09:29:20
44,4000,24,02/01/2021 09:31:46,2,,07/24/1988,1,1,3,1,11/04/2009,0,0,1,0,4,0,0,11/19/2007,11,NULL,01/01/1970,01/01/1970,10000,2,NULL,1,2500,0,0,0,0,1,1,0,35,1.53,500,8000,3.8,50,0,8000,4000,4000,0,5040.4,1040.4,0,0,0,0,0,0,0,02/25/2021,02/17/2021 13:54:00,14,31,286207,NULL,NULL,NULL,2,3,02/01/2021 09:30:07
45,4500,30,02/01/2021 09:41:01,1,,08/11/1991,1,1,3,1,08/11/1991,0,0,1,0,999,0,0,02/07/2017,8,NULL,01/01/1970,01/01/1970,12000,1,NULL,1,1500,0,0,0,0,1,1,0,32,1.8,500,8000,3.8,50,0,8000,4500,4500,0,4736,236,0,0,0,0,0,0,0,03/03/2021,02/01/2021 22:39:00,14,31,57260,NULL,NULL,NULL,2,3,02/01/2021 09:39:58
46,4000,17,02/01/2021 09:45:04,2,,12/13/1992,3,1,5,1,06/20/2017,1,0,4,0,0,0,0,01/01/1970,4,NULL,01/01/1970,01/01/1970,8000,2,NULL,5,3000,1,0,0,0,1,1,0,31,1.8,500,5500,3.8,50,0,5500,4000,4000,0,11888,7888,0,0,0,0,0,0,0,06/18/2021,05/21/2021 06:33:00,14,31,272509,NULL,4,120,2,3,02/01/2021 09:43:30
47,1200,30,02/01/2021 09:52:58,1,,11/23/1994,1,1,4,4,09/12/2012,0,0,1,0,0,0,0,02/12/2016,2,NULL,01/01/1970,01/01/1970,5000,2,NULL,1,1200,0,0,0,0,1,1,0,32,1.8,500,8000,3.8,50,0,8000,8000,8000,0,1289.2,89.2,0,0,0,0,0,0,0,03/03/2021,02/01/2021 15:08:00,14,31,5640,193433,NULL,NULL,2,3,02/01/2021 09:51:29
48,1000,22,02/01/2021 09:57:16,1,,05/31/1991,1,1,3,3,07/31/2007,0,0,3,0,999,0,0,10/09/2017,8,NULL,01/01/1970,01/01/1970,8500,2,NULL,4,5000,0,0,0,0,1,1,1,30,1.8,500,4000,3.8,50,0,4000,1000,1000,1428,1651.38,548.02,103.36,0,0,0,6,0,0,02/23/2021,03/01/2021 13:55:00,14,31,215256,NULL,NULL,NULL,2,3,02/01/2021 09:55:34
49,1400,12,02/01/2021 10:14:06,2,,05/05/1986,1,2,2,4,07/24/2016,0,1,2,0,2,0,0,06/12/2018,2,NULL,01/01/1970,01/01/1970,10000,2,NULL,1,5000,1,0,0,0,1,1,0,62,0,0,1400,3.8,250,0,1400,5500,1400,0,1650,250,0,0,0,0,0,0,0,02/13/2021,02/13/2021 09:13:00,14,31,281977,NULL,NULL,NULL,2,3,02/01/2021 09:58:37
50,4000,30,02/01/2021 10:03:36,1,,11/28/1990,1,1,6,4,07/10/2017,0,0,1,0,999,0,0,06/01/2014,8,NULL,01/01/1970,01/01/1970,25000,1,NULL,999,17000,1,1,10000,2000,1,1,0,32,1.8,500,8000,3.8,50,0,8000,4000,4000,0,6155,2155,0,0,0,0,0,0,0,03/03/2021,03/03/2021 09:36:00,14,31,211056,NULL,NULL,NULL,2,3,02/01/2021 10:02:22
51,1000,30,02/01/2021 10:17:04,2,,09/11/2000,4,2,2,3,07/20/2017,0,0,4,0,0,0,0,01/01/1970,0,NULL,01/01/1970,01/01/1970,10000,2,NULL,1,1500,0,0,0,0,1,1,0,30,1.8,500,4000,3.8,50,0,4000,1000,1000,0,1155,155,0,0,0,0,0,0,0,03/03/2021,02/07/2021 12:46:00,14,31,262410,NULL,NULL,NULL,2,3,02/01/2021 10:14:12
52,1000,30,02/01/2021 10:49:14,2,,11/03/2000,1,1,2,2,05/06/2006,0,0,3,NULL,999,0,0,09/06/2017,1,NULL,NULL,NULL,9000,2,NULL,1,3000,0,0,0,0,1,1,0,10,1.9,500,8000,3.8,50,0,8000,1000,1000,0,1525,525,0,0,0,0,0,0,0,03/03/2021,02/26/2021 16:39:00,14,39,272933,NULL,NULL,NULL,5,7,02/01/2021 10:31:02
53,1000,21,02/01/2021 11:06:18,2,,08/18/1982,1,2,5,2,03/17/2009,0,0,1,NULL,999,0,0,02/23/2018,1,NULL,NULL,NULL,7000,999,Раз в неделю,1,2500,1,4,3000,1500,1,1,0,10,1.9,500,8000,3.8,50,0,8000,1000,1000,0,1430,430,0,0,0,0,0,0,0,02/22/2021,02/21/2021 18:42:00,14,39,262534,NULL,NULL,NULL,5,7,02/01/2021 10:39:49
54,1800,30,02/01/2021 10:54:19,2,,07/05/1979,2,2,3,2,05/18/2004,0,0,1,NULL,1,0,0,10/05/2012,15,NULL,NULL,NULL,6000,2,NULL,1,1000,1,1,0,250,1,1,0,32,1.8,500,8000,3.8,50,0,8000,1800,1800,0,1914.8,114.8,0,0,0,0,0,0,0,03/03/2021,02/03/2021 08:14:00,14,31,117683,NULL,NULL,NULL,5,7,02/01/2021 10:49:55
55,2250,24,02/01/2021 10:51:55,1,,08/05/1996,1,1,3,3,02/09/2013,0,0,1,0,0,0,0,01/01/1970,1,NULL,01/01/1970,01/01/1970,6000,2,NULL,1,4000,0,0,0,0,1,1,0,32,1.8,500,8000,3.8,50,0,8000,4500,4500,0,2381,131,0,0,0,0,0,0,0,02/25/2021,02/01/2021 12:33:00,14,31,160864,253939,NULL,NULL,2,3,02/01/2021 10:50:43
56,5000,30,02/01/2021 10:57:03,1,,06/27/1979,4,1,5,3,07/15/1986,1,1,3,0,2,0,0,09/02/2017,12,NULL,01/01/1970,01/01/1970,13500,2,NULL,999,9000,0,0,0,0,1,1,1,32,1.8,500,8000,3.8,50,0,8000,5000,5000,7700,8073,2970,103,0,0,0,2,0,0,03/03/2021,03/05/2021 09:56:00,14,31,214500,NULL,NULL,NULL,2,3,02/01/2021 10:53:38
57,1000,30,02/01/2021 10:56:57,1,,09/04/1994,1,1,4,2,12/02/2010,1,0,1,NULL,1,0,0,12/17/2015,8,NULL,NULL,NULL,14000,1,NULL,1,4000,1,2,4000,4000,1,1,0,31,1.8,500,5500,3.8,50,0,5500,2500,2500,0,1176,176,0,0,0,0,0,0,0,03/03/2021,02/08/2021 21:42:00,14,31,220170,NULL,NULL,NULL,5,7,02/01/2021 10:53:47
58,1000,30,02/01/2021 10:58:40,2,,10/28/1967,2,1,3,3,03/05/2008,0,0,8,0,0,0,0,01/01/1970,20,NULL,01/01/1970,01/01/1970,7000,1,NULL,1,2000,0,0,0,0,1,1,0,12,1.33,500,3500,3.8,50,0,3500,3000,3000,0,1324.3,324.3,0,0,0,0,0,0,0,03/03/2021,02/22/2021 17:55:00,14,31,283548,NULL,NULL,NULL,2,3,02/01/2021 10:56:48
59,3500,30,02/01/2021 11:01:37,2,,11/13/1962,3,1,5,1,12/16/1997,0,0,1,0,3,0,0,08/21/1985,33,NULL,01/01/1970,01/01/1970,8000,2,NULL,1,4000,1,1,1000,1000,1,1,0,35,1.53,500,8000,3.8,50,0,8000,3500,3500,0,3822.85,322.85,0,0,0,0,0,0,0,03/03/2021,02/07/2021 10:49:00,14,31,259078,NULL,NULL,NULL,2,3,02/01/2021 10:57:46
60,7000,20,02/01/2021 11:06:56,1,,02/06/1999,2,1,5,2,02/10/1999,0,0,1,0,2,0,0,03/10/2015,4,NULL,01/01/1970,01/01/1970,5500,2,NULL,2,2500,0,0,0,0,1,1,0,32,1.8,500,8000,3.8,50,0,8000,8000,8000,0,7493,493,0,0,0,0,0,0,0,02/21/2021,02/04/2021 14:29:00,14,31,121115,227542,NULL,NULL,2,3,02/01/2021 11:05:13
61,2550,30,02/01/2021 11:20:09,2,,05/19/1983,2,4,4,3,05/21/2007,0,0,7,NULL,0,0,0,01/01/1970,8,NULL,NULL,NULL,6000,2,NULL,5,1500,0,0,0,0,1,1,0,32,1.8,500,8000,3.8,50,0,8000,8000,8000,0,3059,509,0,0,0,0,0,0,0,03/03/2021,02/11/2021 16:11:00,14,31,33462,NULL,NULL,NULL,5,7,02/01/2021 11:16:24
62,4000,30,02/01/2021 11:17:33,1,,05/20/1992,2,2,3,3,05/23/1992,0,0,3,0,0,0,0,06/26/2015,3,NULL,01/01/1970,01/01/1970,10000,1,NULL,1,3000,1,0,0,0,1,1,0,32,1.8,500,8000,3.8,50,0,8000,6000,6000,0,4436.34,436.34,0,0,0,0,0,0,0,03/03/2021,02/08/2021 15:08:00,14,31,189073,NULL,NULL,NULL,2,3,02/01/2021 11:16:33
63,3000,30,02/01/2021 11:21:52,1,,01/19/1999,1,1,2,3,01/19/1999,0,0,6,0,0,0,0,01/01/1970,3,NULL,01/01/1970,01/01/1970,8000,2,NULL,4,4000,1,0,0,0,1,1,0,31,1.8,500,5500,3.8,50,0,5500,3000,3000,0,3100,100,0,0,0,0,0,0,0,03/03/2021,02/01/2021 15:03:00,14,31,260218,NULL,NULL,NULL,2,3,02/01/2021 11:19:43
64,3000,4,02/01/2021 11:26:42,2,,05/26/1992,1,1,5,1,03/08/2017,0,0,1,0,999,0,0,01/11/2018,4,NULL,01/01/1970,01/01/1970,12000,2,NULL,1,3000,1,3,5000,2000,1,1,1,30,1.8,500,4000,3.8,50,0,4000,3000,3000,3216,3384,324,60,0,0,0,1,0,0,02/05/2021,02/06/2021 20:35:00,14,31,280359,NULL,NULL,NULL,2,3,02/01/2021 11:25:22
65,1500,22,02/01/2021 11:36:22,1,,05/20/1973,4,2,4,2,03/06/1990,0,1,1,0,1,0,0,02/10/2014,22,NULL,01/01/1970,01/01/1970,25000,2,NULL,1,10000,1,1,3600,1500,1,1,1,35,1.53,500,8000,3.8,50,0,8000,1500,1500,2165.55,4336.38,1884.78,951.6,0,0,0,28,0,0,04/14/2021,04/22/2021 15:53:00,14,31,262290,NULL,1,30,2,3,02/01/2021 11:31:16
66,4000,15,02/01/2021 11:45:49,1,,11/09/1991,1,1,5,4,07/01/2018,0,0,1,NULL,999,0,0,10/10/2017,5,NULL,NULL,NULL,25000,2,NULL,1,5000,1,5,10000,3000,1,1,1,10,1.9,500,8000,3.8,50,0,8000,4000,4000,5140,7040,2128,912,0,0,0,12,0,0,02/16/2021,02/28/2021 16:54:00,14,39,282129,NULL,NULL,NULL,5,7,02/01/2021 11:32:57
67,2000,30,02/01/2021 11:35:42,1,,03/31/1989,1,1,5,3,11/21/2005,0,0,1,0,999,0,0,01/01/1970,2,NULL,01/01/1970,01/01/1970,9000,2,NULL,1,5000,0,0,0,0,1,1,0,32,1.8,500,8000,3.8,50,0,8000,2000,2000,0,2763,763,0,0,0,0,0,0,0,03/03/2021,02/21/2021 21:09:00,14,31,64893,NULL,NULL,NULL,2,3,02/01/2021 11:34:28
68,1400,30,02/01/2021 11:48:46,2,,05/07/1991,4,2,5,3,03/04/2014,0,0,3,0,999,0,0,11/04/2021,4,NULL,01/01/1970,01/01/1970,8000,1,NULL,2,3000,1,5,8000,1000,1,1,0,30,1.8,500,4000,3.8,50,0,4000,1400,1400,-7,1500.4,93.4,0,-7,-7,0,0,0,0,03/03/2021,02/03/2021 01:55:00,14,31,287199,NULL,NULL,NULL,2,3,02/01/2021 11:36:09
69,5000,30,02/01/2021 11:40:52,1,,02/27/1974,2,2,5,3,09/08/2006,0,0,1,0,999,0,0,02/01/1999,19,NULL,01/01/1970,01/01/1970,9500,1,NULL,1,4000,0,1,4000,500,1,1,0,35,1.53,500,8000,3.8,50,0,8000,5000,5000,0,7268,2268,0,0,0,0,0,0,0,03/03/2021,03/02/2021 10:18:00,14,31,252001,NULL,NULL,NULL,2,3,02/01/2021 11:37:34
70,1000,30,02/01/2021 11:43:09,2,,02/27/1990,2,2,3,4,08/01/2017,0,0,1,0,999,0,0,03/01/2018,10,NULL,01/01/1970,01/01/1970,7500,2,NULL,1,3000,0,3,5000,2500,1,1,0,31,1.8,500,5500,3.8,50,0,5500,1000,1000,0,1500,500,0,0,0,0,0,0,0,03/03/2021,02/26/2021 15:47:00,14,31,282530,NULL,NULL,NULL,2,3,02/01/2021 11:40:10
71,6000,28,02/01/2021 11:55:36,1,,04/11/1988,2,2,3,3,06/07/2004,1,0,3,0,0,0,0,01/01/1970,0,NULL,01/01/1970,01/01/1970,8000,1,NULL,2,5000,0,3,1000,3000,1,1,0,32,1.8,500,8000,3.8,50,0,8000,8000,8000,0,7538,1538,0,0,0,0,0,0,0,03/01/2021,02/15/2021 17:48:00,14,31,149666,227198,NULL,NULL,2,3,02/01/2021 11:54:18
72,1100,30,02/01/2021 12:05:30,1,,05/29/1986,2,2,5,3,07/06/2010,1,1,1,0,999,10,0,01/01/1970,7,NULL,01/01/1970,01/01/1970,17000,2,NULL,2,2500,0,0,0,0,1,1,0,2,1.8,500,8000,3.8,50,0,8000,1100,1100,0,1249,149,0,0,0,0,0,0,0,03/03/2021,02/06/2021 08:17:00,18,38,7941,267689,NULL,NULL,2,3,02/01/2021 12:03:32
73,1500,30,02/01/2021 12:35:48,1,,05/09/1998,1,1,2,4,09/05/2018,0,0,6,NULL,0,0,0,NULL,2,NULL,NULL,NULL,1200,1,NULL,999,2000,0,0,0,0,1,1,0,10,1.9,500,8000,3.8,50,0,8000,1500,1500,0,1778,278,0,0,0,0,0,0,0,03/03/2021,02/09/2021 14:11:00,14,39,289302,NULL,NULL,NULL,5,7,02/01/2021 12:13:41
74,3500,28,02/01/2021 12:19:35,1,,03/11/1992,3,2,5,3,06/12/2015,0,0,1,0,999,0,0,06/14/2016,3,NULL,01/01/1970,01/01/1970,12000,2,NULL,1,3500,0,3,7000,1200,1,1,0,32,1.8,500,8000,3.8,50,0,8000,3500,3500,0,3811,311,0,0,0,0,0,0,0,03/01/2021,02/05/2021 18:02:00,14,31,231986,NULL,NULL,NULL,2,3,02/01/2021 12:17:56
75,1200,24,02/01/2021 13:23:03,1,,10/30/1989,1,1,4,3,07/27/1997,0,0,1,0,2,0,0,09/14/2016,8,NULL,01/01/1970,01/01/1970,15000,2,NULL,1,13000,1,3,4000,4000,1,1,0,35,1.53,500,8000,3.8,50,0,8000,3000,3000,0,1504.04,304.04,0,0,0,0,0,0,0,02/25/2021,02/15/2021 14:31:00,14,31,236533,NULL,NULL,NULL,2,3,02/01/2021 12:23:58
76,3000,30,02/01/2021 12:28:16,1,,12/06/1984,2,3,5,1,03/14/2003,0,0,1,NULL,999,0,0,02/10/2010,7,NULL,NULL,NULL,12000,2,NULL,1,1000,1,0,0,1000,1,1,0,31,1.8,500,5500,3.8,50,0,5500,3000,3000,0,3402.44,402.44,0,0,0,0,0,0,0,03/03/2021,02/08/2021 20:46:00,14,31,59187,NULL,NULL,NULL,5,7,02/01/2021 12:24:05
77,900,8,02/01/2021 12:45:08,1,,01/15/2000,1,1,3,3,05/14/2018,0,0,1,NULL,1,0,0,07/08/2018,1,NULL,NULL,NULL,9000,2,NULL,1,8000,0,3,6500,6500,1,1,0,61,0,0,900,3.8,120,0,900,3000,900,0,1010,110,0,0,0,0,0,0,0,02/09/2021,02/04/2021 17:55:00,14,39,289308,NULL,NULL,NULL,5,7,02/01/2021 12:30:03
78,3000,15,02/01/2021 12:36:23,2,,02/06/1962,4,1,5,3,09/12/2002,0,0,1,0,999,0,0,08/01/1998,30,NULL,01/01/1970,01/01/1970,15,2,NULL,999,10000,0,0,0,0,1,1,1,31,1.8,500,5500,3.8,50,0,5500,3000,3000,3324,4797,1512,285,0,0,0,5,0,0,02/24/2021,02/28/2021 15:58:00,14,31,247019,NULL,1,7,2,3,02/01/2021 12:33:14
79,1500,30,02/01/2021 12:45:57,1,,02/23/1987,5,1,2,3,02/01/2017,0,0,3,0,999,0,0,01/01/2017,15,NULL,01/01/1970,01/01/1970,11000,2,NULL,1,3000,1,1,500,500,1,1,0,35,1.53,500,8000,3.8,50,0,8000,1500,1500,0,1701.01,201.01,0,0,0,0,0,0,0,03/03/2021,02/13/2021 19:31:00,14,31,240566,NULL,NULL,NULL,2,3,02/01/2021 12:39:23
80,3000,30,02/01/2021 12:41:39,2,,01/26/1983,3,2,5,2,01/26/1983,0,0,1,0,1,0,0,02/09/2003,15,NULL,01/01/1970,01/01/1970,12000,1,NULL,1,5000,1,2,1000,400,1,1,0,31,1.8,500,5500,3.8,50,0,5500,3000,3000,0,4596,1596,0,0,0,0,0,0,0,03/03/2021,03/02/2021 13:58:00,14,31,220668,NULL,NULL,NULL,2,3,02/01/2021 12:39:52
81,2500,7,02/01/2021 12:46:17,1,,11/11/1983,2,2,2,3,04/24/1994,0,1,1,0,999,0,0,04/24/2018,15,NULL,01/01/1970,01/01/1970,7500,2,NULL,1,3500,1,2,1000,300,1,1,0,65,0,0,2500,3.8,290,0,2500,5500,2500,0,2790,290,0,0,0,0,0,0,0,02/08/2021,02/04/2021 13:22:00,14,31,286011,NULL,NULL,NULL,2,3,02/01/2021 12:44:34
82,1700,24,02/01/2021 12:53:21,2,,03/26/1998,1,1,4,2,07/20/2018,1,0,6,NULL,0,0,0,01/01/1970,2,NULL,NULL,NULL,7000,2,NULL,2,3000,1,0,0,0,1,1,1,30,1.8,500,4000,3.8,50,0,4000,3000,3000,2436.8,3307.2,1165.2,442,0,0,0,13,0,0,02/25/2021,03/10/2021 22:16:00,14,31,205193,NULL,NULL,NULL,5,7,02/01/2021 12:50:13
83,2000,30,02/01/2021 12:59:59,2,,07/27/1980,1,1,3,3,09/11/2000,0,0,1,NULL,2,0,0,11/01/2015,17,NULL,NULL,NULL,9500,2,NULL,1,4000,0,0,0,0,1,1,0,2,1.8,500,8000,3.8,50,0,8000,4000,4000,0,2410,410,0,0,0,0,0,0,0,03/03/2021,02/11/2021 17:57:00,18,38,47845,NULL,NULL,NULL,5,7,02/01/2021 12:56:12
84,800,15,02/01/2021 14:09:53,2,,03/20/1994,4,2,4,1,10/29/2014,0,0,4,NULL,0,0,0,NULL,5,NULL,NULL,NULL,7300,2,NULL,5,2500,0,3,4000,1500,1,1,0,10,1.9,500,8000,3.8,50,0,8000,1000,1000,0,926,126,0,0,0,0,0,0,0,02/16/2021,02/06/2021 13:48:00,14,39,274327,NULL,NULL,NULL,5,7,02/01/2021 12:59:42
85,3500,30,02/01/2021 13:05:24,2,,12/11/1970,2,2,5,1,05/01/2005,0,0,1,0,999,0,0,08/01/2005,20,NULL,01/01/1970,01/01/1970,20000,2,NULL,1,5000,0,2,20000,5000,1,1,1,31,1.8,500,5500,3.8,50,0,5500,3500,3500,5390,7406.31,2878.25,1028.06,0,0,0,16,0,0,03/03/2021,03/19/2021 13:59:00,14,31,209653,NULL,NULL,NULL,2,3,02/01/2021 13:01:35
86,1000,30,02/01/2021 15:30:35,1,,11/03/1993,2,2,3,2,03/17/2010,1,0,3,NULL,1,0,0,03/01/2015,5,NULL,NULL,NULL,25000,999,Раз в неделю,999,10000,1,2,2000,500,1,1,0,10,1.9,500,8000,3.8,50,0,8000,1000,1000,0,1563,563,0,0,0,0,0,0,0,03/03/2021,02/28/2021 09:23:00,14,39,289341,NULL,NULL,NULL,5,7,02/01/2021 13:10:17
87,4000,30,02/01/2021 13:17:14,2,,12/11/1986,2,2,2,2,03/30/2013,1,0,3,0,999,0,0,10/11/2017,3,NULL,01/01/1970,01/01/1970,18000,999,2,1,25000,0,4,20000,6000,1,1,0,31,1.8,500,5500,3.8,50,0,5500,4000,4000,0,4808,808,0,0,0,0,0,0,0,03/03/2021,02/12/2021 22:02:00,14,31,219873,NULL,NULL,NULL,2,3,02/01/2021 13:12:50
88,3000,3,02/01/2021 13:15:41,1,,10/28/1990,1,1,2,2,11/28/2006,0,0,1,0,2,0,0,05/10/2015,5,NULL,01/01/1970,01/01/1970,9500,1,NULL,1,3000,1,0,0,0,1,1,0,31,1.8,500,5500,3.8,50,0,5500,3500,3500,0,3146,146,0,0,0,0,0,0,0,02/04/2021,02/04/2021 18:03:00,14,31,250757,NULL,NULL,NULL,2,3,02/01/2021 13:14:04
89,4000,30,02/01/2021 13:54:36,2,,04/24/1964,5,2,5,1,10/22/2004,1,0,1,NULL,999,0,0,08/16/2018,38,NULL,NULL,NULL,11500,2,NULL,1,6500,0,5,0,5000,1,1,0,10,1.9,500,8000,3.8,50,0,8000,4000,4000,0,5445.44,1445.44,0,0,0,0,0,0,0,03/03/2021,02/20/2021 10:34:00,14,39,289329,NULL,NULL,NULL,5,7,02/01/2021 13:18:45
90,1800,15,02/01/2021 13:22:22,1,,03/07/1996,1,1,2,4,10/16/2017,0,0,1,0,999,0,0,11/12/2015,3,NULL,01/01/1970,01/01/1970,9100,1,NULL,1,5000,0,0,0,0,1,1,0,32,1.8,500,8000,3.8,50,0,8000,1800,1800,0,2076.8,276.8,0,0,0,0,0,0,0,02/16/2021,02/08/2021 20:36:00,14,31,161258,238737,NULL,NULL,2,3,02/01/2021 13:20:51
91,4000,15,02/01/2021 13:44:22,1,,05/18/1991,2,2,5,3,11/27/2007,0,0,2,NULL,999,0,0,04/04/2014,5,NULL,NULL,NULL,23000,2,NULL,999,10000,1,2,5000,500,1,1,0,10,1.9,500,8000,3.8,50,0,8000,4000,4000,0,5292,1292,0,0,0,0,0,0,0,03/18/2021,02/17/2021 13:22:00,14,39,289346,NULL,1,30,5,7,02/01/2021 13:27:02
92,1000,10,02/01/2021 14:06:49,1,,05/08/1978,1,1,3,2,05/13/2016,0,0,1,NULL,3,0,0,06/01/2012,15,NULL,NULL,NULL,12000,2,NULL,1,7000,1,2,4500,1500,1,1,1,10,1.9,500,8000,3.8,50,0,8000,1000,1000,1221,2342,791,551,0,0,0,29,0,0,02/11/2021,03/12/2021 17:02:00,14,39,289354,NULL,NULL,NULL,5,7,02/01/2021 13:30:15
93,2500,30,02/01/2021 13:34:33,2,,04/30/1990,2,1,5,1,07/07/1995,0,0,1,0,2,0,0,08/27/2018,9,NULL,01/01/1970,01/01/1970,10000,1,NULL,1,5000,1,6,30000,3000,1,1,0,31,1.8,500,5500,3.8,50,0,5500,2500,2500,0,4726,2226,0,0,0,0,0,0,0,03/24/2021,03/23/2021 14:06:00,14,31,248535,NULL,1,21,2,3,02/01/2021 13:33:18
94,4000,14,02/01/2021 13:37:29,1,,09/28/1989,2,2,5,1,04/28/2006,0,0,1,0,999,0,0,12/21/2011,7,NULL,01/01/1970,01/01/1970,20700,2,NULL,1,13000,1,0,0,600,1,1,1,31,1.8,500,5500,3.8,50,0,5500,4000,4000,5008,5214,1152,62,0,0,0,1,0,0,02/15/2021,02/16/2021 20:35:00,14,31,258505,NULL,NULL,NULL,2,3,02/01/2021 13:35:46
95,3000,30,02/01/2021 13:47:26,1,,04/23/1996,1,1,5,4,09/04/2013,0,0,2,NULL,2,0,0,NULL,1,NULL,NULL,NULL,10000,2,NULL,1,2000,1,1,0,0,1,1,0,31,1.8,500,5500,3.8,50,0,5500,3000,3000,0,3312,312,0,0,0,0,0,0,0,03/03/2021,02/06/2021 14:40:00,14,31,242539,NULL,NULL,NULL,5,7,02/01/2021 13:38:18
96,1000,14,02/01/2021 13:42:49,1,,03/07/1992,1,1,5,3,07/04/2008,0,0,1,0,0,0,0,08/01/2012,6,NULL,01/01/1970,01/01/1970,11500,2,NULL,1,4000,0,0,0,0,1,1,0,32,1.8,500,8000,3.8,50,0,8000,5250,5250,0,1033,33,0,0,0,0,0,0,0,02/15/2021,02/02/2021 01:20:00,14,31,76527,253227,NULL,NULL,2,3,02/01/2021 13:41:04
97,1400,12,02/01/2021 14:45:46,1,,03/24/1980,2,3,5,3,06/21/2001,0,1,1,NULL,999,0,0,02/19/2003,15,NULL,NULL,NULL,13300,2,NULL,1,4500,0,2,7500,1000,1,1,0,62,0,0,1400,3.8,250,0,1400,3000,1400,0,1640,240,0,0,0,0,0,0,0,02/13/2021,02/13/2021 15:31:00,14,39,289357,NULL,NULL,NULL,5,7,02/01/2021 13:44:59
98,1000,15,02/01/2021 13:55:59,1,,03/01/1984,3,2,5,2,04/25/2000,0,0,3,0,999,0,0,01/01/1970,16,NULL,01/01/1970,01/01/1970,10000,1,NULL,1,4000,1,3,1500,300,1,1,1,30,1.8,500,4000,3.8,50,0,4000,1000,1000,1302,1738,518,220,0,0,0,11,0,0,02/16/2021,02/27/2021 20:07:00,14,31,224751,NULL,NULL,NULL,2,3,02/01/2021 13:49:22
99,2400,10,02/01/2021 13:56:13,1,,11/30/1991,2,2,5,1,09/01/1998,1,1,1,0,999,0,0,10/01/2013,9,NULL,01/01/1970,01/01/1970,20000,1,NULL,1,13000,1,2,15000,1500,1,1,0,2,1.8,500,8000,3.8,50,0,8000,2400,2400,0,2752.4,352.4,0,0,0,0,0,0,0,02/11/2021,02/08/2021 20:41:00,18,38,217964,NULL,NULL,NULL,2,3,02/01/2021 13:55:23
100,1000,22,02/01/2021 14:00:07,1,,01/24/1994,4,1,3,3,04/20/2015,0,0,1,0,999,0,0,01/01/1970,5,NULL,01/01/1970,01/01/1970,8900,1,NULL,999,4000,0,4,6000,1400,1,1,0,36,1.43,500,8000,3.8,50,0,8000,2000,2000,0,1235.9,235.9,0,0,0,0,0,0,0,02/23/2021,02/14/2021 15:07:00,14,31,134750,213315,NULL,NULL,2,3,02/01/2021 13:57:13
101,2000,30,02/01/2021 14:00:10,2,,02/04/1980,2,2,3,3,09/09/2003,0,0,3,0,2,0,0,05/03/2008,12,NULL,01/01/1970,01/01/1970,7000,2,NULL,1,3000,0,6,20000,4000,1,1,0,32,1.8,500,8000,3.8,50,0,8000,2000,2000,0,2155,155,0,0,0,0,0,0,0,03/03/2021,02/04/2021 15:55:00,14,31,270591,NULL,NULL,NULL,2,3,02/01/2021 13:58:22
102,3500,30,02/01/2021 15:09:50,1,,05/16/1998,1,1,2,3,05/28/1998,0,0,6,NULL,0,0,0,NULL,2,NULL,NULL,NULL,4000,2,NULL,4,3500,0,0,0,0,1,1,1,10,1.9,500,8000,3.8,50,0,8000,3500,3500,5495,11188,4921,2767,0,0,0,88,0,0,03/03/2021,NULL,14,39,227180,NULL,NULL,NULL,5,7,02/01/2021 13:59:57
103,1500,18,02/01/2021 14:26:43,2,,12/03/1990,2,2,5,2,07/21/2005,0,0,3,0,999,0,0,04/15/2016,5,NULL,01/01/1970,01/01/1970,8000,2,NULL,1,6000,0,0,0,0,1,1,0,31,1.8,500,5500,3.8,50,0,5500,1500,1500,0,1726,226,0,0,0,0,0,0,0,02/19/2021,02/08/2021 12:02:00,14,31,267634,NULL,NULL,NULL,2,3,02/01/2021 14:02:54
104,3000,12,02/01/2021 14:05:31,1,,05/12/1994,1,1,3,3,05/12/1994,0,1,2,0,2,0,0,06/29/2018,2,NULL,01/01/1970,01/01/1970,13000,999,Раз в неделю,999,5000,1,2,3000,500,1,1,0,31,1.8,500,5500,3.8,50,0,5500,3000,3000,0,3162,162,0,0,0,0,0,0,0,02/13/2021,02/01/2021 22:24:00,14,31,277258,NULL,NULL,NULL,2,3,02/01/2021 14:04:27
105,3500,30,02/01/2021 14:07:19,1,,01/12/1994,1,1,5,2,05/01/2018,0,0,2,0,999,0,0,06/01/2018,1,NULL,01/01/1970,01/01/1970,20000,2,NULL,999,10000,0,4,15000,5000,1,1,1,30,1.8,500,4000,3.8,50,0,4000,3500,3500,5327,9765,5985,280,0,0,0,4,0,0,05/03/2021,05/06/2021 11:54:00,14,31,242000,NULL,2,60,2,3,02/01/2021 14:06:15
106,2000,15,02/01/2021 14:26:55,2,,10/25/1985,3,1,3,4,04/01/2016,0,0,3,NULL,1,0,0,11/25/2018,10,NULL,NULL,NULL,12000,2,NULL,1,6000,0,1,1470,100,1,1,0,10,1.9,500,8000,3.8,50,0,8000,2500,2500,0,2582,582,0,0,0,0,0,0,0,02/16/2021,02/16/2021 19:02:00,14,39,289375,NULL,NULL,NULL,5,7,02/01/2021 14:06:40
107,4000,16,02/01/2021 14:18:11,2,,10/04/1973,2,1,5,1,01/14/2004,0,0,1,0,999,0,0,01/01/1970,20,NULL,01/01/1970,01/01/1970,15500,2,NULL,1,4000,0,5,5500,3000,1,1,0,31,1.8,500,5500,3.8,50,0,5500,4000,4000,0,4329,329,0,0,0,0,0,0,0,02/17/2021,02/05/2021 15:13:00,14,31,252503,NULL,NULL,NULL,2,3,02/01/2021 14:15:33
108,1500,30,02/01/2021 15:37:19,2,,12/19/1996,2,1,4,1,01/23/2018,1,0,3,NULL,999,0,0,01/28/2015,4,NULL,NULL,NULL,10000,999,Раз в неделю,4,3500,1,2,4000,500,1,1,1,10,1.9,500,8000,3.8,50,0,8000,1500,1500,38.25,1886.79,380.29,6.5,0,0,0,12,0,0,03/03/2021,03/15/2021 12:09:00,14,39,289226,NULL,NULL,NULL,5,7,02/01/2021 14:17:31
109,1100,20,02/01/2021 14:46:45,1,,11/19/1997,1,1,4,2,03/10/2013,0,0,1,0,2,0,0,07/11/2016,3,NULL,01/01/1970,01/01/1970,17000,2,NULL,1,5000,1,1,0,0,1,1,0,2,1.8,500,8000,3.8,50,0,8000,1100,1100,0,1328.2,228.2,0,0,0,0,0,0,0,02/21/2021,02/10/2021 02:30:00,18,38,155852,254936,NULL,NULL,2,3,02/01/2021 14:23:08
110,3750,30,02/01/2021 14:26:58,1,,10/14/1999,1,1,2,1,05/01/2005,0,0,3,0,0,0,0,08/01/2018,1,NULL,01/01/1970,01/01/1970,8000,1,NULL,1,5000,1,0,2000,2000,1,1,0,32,1.8,500,8000,3.8,50,0,8000,4000,4000,0,4634.5,884.5,0,0,0,0,0,0,0,03/03/2021,02/18/2021 16:46:00,14,31,256683,NULL,NULL,NULL,2,3,02/01/2021 14:26:06
111,500,6,02/01/2021 14:28:42,1,,05/13/1998,1,1,2,3,05/13/1998,0,0,6,0,0,0,0,01/01/1970,0,NULL,01/01/1970,01/01/1970,6000,2,NULL,4,2500,0,0,0,0,1,1,1,22,1.8,500,8000,3.8,50,0,8000,800,800,124.37,583.46,78.74,4.72,0,0,0,2,0,0,02/07/2021,02/09/2021 18:37:00,12,38,50690,202905,NULL,NULL,2,3,02/01/2021 14:27:32
112,1700,4,02/01/2021 14:39:22,2,,02/11/1961,2,1,3,1,06/30/1992,0,0,1,0,1,0,0,04/05/2008,32,NULL,01/01/1970,01/01/1970,9000,1,NULL,1,6500,0,1,2000,500,1,1,0,30,1.8,500,4000,3.8,50,0,4000,1700,1700,0,1833.8,133.8,0,0,0,0,0,0,0,02/05/2021,02/04/2021 17:32:00,14,31,249486,NULL,NULL,NULL,2,3,02/01/2021 14:32:19
113,3500,30,02/01/2021 14:34:36,2,,02/23/1994,2,2,5,2,02/22/1995,0,0,3,0,999,0,0,10/17/2017,2,NULL,01/01/1970,01/01/1970,12000,2,NULL,4,7000,1,1,0,0,1,1,0,31,1.8,500,5500,3.8,50,0,5500,3500,3500,0,5370,1870,0,0,0,0,0,0,0,03/03/2021,03/03/2021 10:54:00,14,31,244578,NULL,NULL,NULL,2,3,02/01/2021 14:33:09
114,1000,30,02/01/2021 14:43:34,1,,09/13/1990,1,1,2,3,10/05/1990,0,0,3,0,999,0,0,02/03/2016,5,NULL,01/01/1970,01/01/1970,7500,2,NULL,1,2500,0,2,0,0,1,1,0,30,1.8,500,4000,3.8,50,0,4000,1000,1000,0,1176,176,0,0,0,0,0,0,0,03/03/2021,02/08/2021 19:30:00,14,31,283138,NULL,NULL,NULL,2,3,02/01/2021 14:39:30
115,1000,19,02/01/2021 15:19:45,1,,05/25/1989,2,2,3,3,09/29/2009,0,0,1,NULL,999,0,0,04/22/2016,6,NULL,NULL,NULL,15000,2,NULL,1,12000,0,1,3000,450,1,1,0,36,1.43,500,8000,3.8,50,0,8000,1000,1000,0,1092.9,92.9,0,0,0,0,0,0,0,02/20/2021,02/04/2021 13:42:00,14,39,263779,NULL,NULL,NULL,5,7,02/01/2021 14:39:33
116,1500,20,02/01/2021 15:04:15,2,,09/30/1997,1,1,5,4,01/20/2021,0,0,3,NULL,0,0,0,NULL,2,NULL,NULL,NULL,5000,1,NULL,1,3000,0,0,0,0,1,1,1,10,1.9,500,8000,3.8,50,0,8000,1500,1500,2091.5,4400,1760,1140,0,0,0,40,0,0,02/21/2021,04/02/2021 16:44:00,14,39,289416,NULL,NULL,NULL,5,7,02/01/2021 14:45:33
117,4000,30,02/01/2021 14:49:03,1,,01/09/1992,1,1,3,3,01/09/1992,0,0,1,0,999,0,0,04/09/2018,1,NULL,01/01/1970,01/01/1970,12500,2,NULL,1,2500,1,0,0,0,1,1,0,10,1.9,500,8000,3.8,50,0,8000,4000,4000,0,5140,1140,0,0,0,0,0,0,0,03/03/2021,02/15/2021 18:19:00,14,39,265631,NULL,NULL,NULL,2,3,02/01/2021 14:46:27
118,2500,30,02/01/2021 22:07:31,1,,11/09/1995,1,1,5,2,12/12/1995,0,0,1,NULL,999,0,0,06/20/2016,3,NULL,NULL,NULL,15000,1,NULL,1,5000,0,1,7000,650,1,1,1,10,1.9,500,8000,3.8,50,0,8000,2500,2500,3927.5,7490,3232.5,1757.5,0,0,0,37,0,0,03/03/2021,04/09/2021 16:14:00,14,39,280194,NULL,NULL,NULL,5,7,02/01/2021 14:55:06
119,2500,30,02/01/2021 14:59:29,2,,08/03/1978,2,3,4,1,08/03/1978,0,0,7,0,0,0,0,01/01/1970,14,NULL,01/01/1970,01/01/1970,22000,2,NULL,1,5000,0,0,0,0,1,1,0,31,1.8,500,5500,3.8,50,0,5500,2500,2500,0,2721,221,0,0,0,0,0,0,0,03/03/2021,02/05/2021 11:09:00,14,31,271490,NULL,NULL,NULL,2,3,02/01/2021 14:58:14
120,1400,12,02/01/2021 15:15:51,1,,09/29/1985,1,1,3,4,07/27/2017,0,0,1,NULL,2,0,0,09/05/2017,10,NULL,NULL,NULL,9500,2,NULL,1,6500,0,2,6000,800,1,1,0,62,0,0,1400,3.8,250,0,1400,2000,1400,0,1650,250,0,0,0,0,0,0,0,02/13/2021,02/13/2021 14:44:00,18,39,252528,NULL,NULL,NULL,5,7,02/01/2021 14:58:14
121,1000,15,02/01/2021 15:08:16,2,,12/29/1964,2,1,5,1,10/10/1996,0,0,5,0,0,0,0,01/01/1970,30,NULL,01/01/1970,01/01/1970,22000,1,NULL,999,4000,0,3,2000,5000,1,1,0,30,1.8,500,4000,3.8,50,0,4000,1000,1000,0,1086,86,0,0,0,0,0,0,0,02/16/2021,02/03/2021 16:56:00,14,31,281083,NULL,NULL,NULL,2,3,02/01/2021 15:00:56
122,500,5,02/01/2021 15:03:58,1,,12/15/1995,1,1,5,3,03/15/2010,0,0,1,0,2,0,0,03/15/2017,2,NULL,01/01/1970,01/01/1970,8700,1,NULL,1,2500,0,0,0,0,1,1,0,2,1.8,500,8000,3.8,50,0,8000,10000,8000,0,568,68,0,0,0,0,0,0,0,02/06/2021,02/03/2021 15:12:00,18,38,102908,196654,NULL,NULL,2,3,02/01/2021 15:02:34
123,4000,14,02/01/2021 15:16:36,1,,03/02/1983,2,2,5,4,10/01/2014,0,1,1,NULL,999,0,0,10/01/2014,17,NULL,NULL,NULL,15000,2,NULL,1,10000,1,7,50000,5000,1,1,0,36,1.43,500,8000,3.8,50,0,8000,4000,4000,0,4800.8,800.8,0,0,0,0,0,0,0,02/15/2021,02/14/2021 12:55:00,14,39,276045,NULL,NULL,NULL,5,7,02/01/2021 15:03:54
124,1500,30,02/01/2021 15:18:29,2,,10/27/1996,1,1,3,3,11/29/2012,0,0,2,0,1,0,0,10/24/2015,3,NULL,01/01/1970,01/01/1970,25000,999,Раз в месяц,1,12000,0,2,5000,5000,1,1,1,36,1.43,500,8000,3.8,50,0,8000,1500,1500,2172.05,3330.5,1122.5,708,0,0,0,20,0,0,03/03/2021,03/23/2021 17:01:00,14,31,260375,NULL,NULL,NULL,2,3,02/01/2021 15:16:18
125,1500,10,02/01/2021 15:31:47,1,,06/12/1979,2,2,4,3,01/10/2005,1,1,3,NULL,1,0,0,NULL,21,NULL,NULL,NULL,15000,999,Раз в неделю,1,6000,0,2,0,1000,1,1,0,59,0,0,1500,3.8,220,0,1500,2000,1500,0,1720,220,0,0,0,0,0,0,0,02/11/2021,02/11/2021 12:50:00,18,39,289424,NULL,NULL,NULL,5,7,02/01/2021 15:20:08
126,2500,30,02/01/2021 15:33:03,1,,12/31/1980,2,3,3,1,04/06/2015,1,0,3,0,1,0,0,06/06/2016,16,NULL,01/01/1970,01/01/1970,12500,2,NULL,1,3000,1,3,30000,4000,1,1,0,31,1.8,500,5500,3.8,50,0,5500,2500,2500,0,3748.55,1248.55,0,0,0,0,0,0,0,03/03/2021,03/01/2021 08:56:00,14,31,278614,NULL,NULL,NULL,2,3,02/01/2021 15:30:00
127,1000,30,02/01/2021 15:36:06,1,,09/22/1994,1,1,5,3,09/28/2018,0,0,6,0,0,0,0,01/01/1970,4,NULL,01/01/1970,01/01/1970,8300,1,NULL,1,3200,1,1,1250,380,1,1,1,30,1.8,500,4000,3.8,50,0,4000,1000,1000,1572,2046,806,240,0,0,0,12,0,0,03/03/2021,03/15/2021 17:02:00,14,31,268425,NULL,NULL,NULL,2,3,02/01/2021 15:33:39
128,2300,18,02/01/2021 15:56:12,1,,08/05/1996,1,1,3,3,02/09/2013,0,0,1,0,0,0,0,01/01/1970,1,NULL,01/01/1970,01/01/1970,6000,2,NULL,1,4000,0,0,0,0,1,1,1,32,1.8,500,8000,3.8,50,0,8000,4500,4500,3053.8,3270,878,92,0,0,0,2,0,0,02/19/2021,02/21/2021 14:55:00,14,31,160864,253939,NULL,NULL,2,3,02/01/2021 15:54:41
129,3500,30,02/01/2021 15:59:33,2,,01/11/1973,2,1,5,2,07/17/2006,0,0,1,0,1,0,0,09/04/2006,26,NULL,01/01/1970,01/01/1970,8000,2,NULL,1,4000,0,4,4000,1500,1,1,0,31,1.8,500,5500,3.8,50,0,5500,3500,3500,0,3815,315,0,0,0,0,0,0,0,03/03/2021,02/05/2021 16:03:00,14,31,264940,NULL,NULL,NULL,2,3,02/01/2021 15:56:58
130,1500,6,02/01/2021 16:15:41,2,,07/19/1996,2,2,3,3,05/20/2018,0,0,3,NULL,999,0,0,10/10/2018,1,NULL,NULL,NULL,2400,1,NULL,5,1500,0,0,0,0,1,1,0,12,1.33,500,3500,3.8,50,0,3500,4000,3500,0,1649.75,149.75,0,0,0,0,0,0,0,02/07/2021,02/07/2021 17:30:00,18,39,265381,NULL,NULL,NULL,5,7,02/01/2021 16:00:01
131,3500,30,02/01/2021 16:09:43,2,,01/31/1978,1,3,3,2,08/15/1985,0,0,1,0,2,0,0,12/02/2016,14,NULL,01/01/1970,01/01/1970,7000,999,раз в неделю,1,5000,0,4,8000,2000,1,1,0,35,1.53,500,8000,3.8,50,0,8000,3500,3500,0,4762.63,1262.63,0,0,0,0,0,0,0,03/03/2021,02/27/2021 11:31:00,14,31,244054,NULL,NULL,NULL,2,3,02/01/2021 16:05:04
132,5000,30,02/01/2021 16:08:58,1,,02/12/1991,2,2,5,2,02/15/2012,0,1,1,0,2,0,0,09/01/2014,4,NULL,01/01/1970,01/01/1970,40000,2,NULL,1,20000,1,5,25000,5000,1,1,0,32,1.8,500,8000,3.8,50,0,8000,5000,5000,0,6265,1265,0,0,0,0,0,0,0,03/03/2021,02/16/2021 18:18:00,14,31,153181,230662,NULL,NULL,2,3,02/01/2021 16:07:49
133,2000,21,02/01/2021 16:19:34,1,,05/17/1989,4,4,3,3,06/14/2005,0,0,3,0,999,0,0,06/25/2017,5,NULL,01/01/1970,01/01/1970,4000,1,NULL,1,4000,0,1,1000,500,1,1,0,31,1.8,500,5500,3.8,50,0,5500,2000,2000,0,2291,291,0,0,0,0,0,0,0,02/22/2021,02/08/2021 14:30:00,14,31,210732,NULL,NULL,NULL,2,3,02/01/2021 16:16:45
134,5000,5,02/01/2021 16:17:59,1,,10/15/1990,1,1,5,3,10/15/1990,0,0,1,0,2,0,0,11/01/2018,8,NULL,01/01/1970,01/01/1970,30000,2,NULL,1,20000,0,0,0,0,1,1,0,32,1.8,500,8000,3.8,50,0,8000,5000,5000,0,6470,1170,300,0,0,0,3,0,0,03/11/2021,02/13/2021 15:48:00,14,31,255516,NULL,1,30,2,3,02/01/2021 16:17:19
135,3000,17,02/01/2021 16:24:18,2,,03/01/1988,1,3,3,3,03/01/1988,0,0,4,0,0,6,0,01/01/1970,2,NULL,01/01/1970,01/01/1970,5500,2,NULL,999,2000,1,0,0,0,1,1,0,30,1.8,500,4000,3.8,50,0,4000,3000,3000,0,3773,773,0,0,0,0,0,0,0,02/18/2021,02/15/2021 18:15:00,14,31,275996,NULL,NULL,NULL,2,3,02/01/2021 16:19:44
136,3500,30,02/01/2021 16:26:31,1,,03/11/1976,4,2,5,3,02/02/2004,0,0,1,0,999,0,0,02/01/1999,20,NULL,01/01/1970,01/01/1970,13000,1,NULL,1,5000,0,2,10000,3000,1,1,0,30,1.8,500,4000,3.8,50,0,4000,3500,3500,0,7262,3762,0,0,0,0,0,0,0,04/02/2021,04/02/2021 11:34:00,14,31,284716,NULL,1,30,2,3,02/01/2021 16:23:58
137,2000,14,02/01/2021 16:39:29,2,,03/13/1985,2,3,5,2,12/21/2018,1,0,1,0,2,0,0,09/01/2014,12,NULL,01/01/1970,01/01/1970,10000,2,NULL,1,5600,0,3,3000,0,1,1,0,64,0,0,2000,3.8,450,0,2000,5500,2000,0,2450,450,0,0,0,0,0,0,0,02/15/2021,02/11/2021 16:13:00,14,31,278422,NULL,NULL,NULL,2,3,02/01/2021 16:24:14
138,1000,14,02/01/2021 16:41:52,1,,02/06/1984,2,3,5,2,06/06/1996,0,0,1,NULL,2,0,0,06/06/2015,18,NULL,NULL,NULL,16000,2,NULL,999,4000,1,5,5000,2000,1,1,1,10,1.9,500,8000,3.8,50,0,8000,1000,1000,1297,1430,373,57,0,0,0,3,0,0,02/15/2021,02/18/2021 21:00:00,14,39,289494,NULL,NULL,NULL,5,7,02/01/2021 16:27:04
139,3500,15,02/01/2021 16:31:33,1,,12/25/1991,1,1,4,3,08/24/2018,0,0,3,0,1,0,0,09/10/2014,7,NULL,01/01/1970,01/01/1970,15000,999,Раз в неделю,1,4000,1,2,3000,500,1,1,0,10,1.9,500,8000,3.8,50,0,8000,3500,3500,0,4431,931,0,0,0,0,0,0,0,02/16/2021,02/14/2021 20:12:00,14,39,269162,NULL,NULL,NULL,2,3,02/01/2021 16:28:51
140,4500,17,02/01/2021 16:35:16,2,,10/23/1986,2,3,3,1,10/21/2004,1,0,3,0,0,0,0,04/10/2017,12,NULL,01/01/1970,01/01/1970,15000,2,NULL,999,6000,1,1,1200,1200,1,1,0,32,1.8,500,8000,3.8,50,0,8000,4500,4500,0,5141,641,0,0,0,0,0,0,0,02/18/2021,02/08/2021 20:36:00,14,31,250574,NULL,NULL,NULL,2,3,02/01/2021 16:33:49
141,3500,24,02/01/2021 16:38:10,1,,10/22/1981,1,1,2,2,12/12/2016,0,0,1,0,2,0,0,06/13/2016,17,NULL,01/01/1970,01/01/1970,10000,1,NULL,1,4000,0,2,8000,1000,1,1,1,31,1.8,500,5500,3.8,50,0,5500,3500,3500,5012,5328,1701,127,0,0,0,2,0,0,02/25/2021,02/27/2021 13:41:00,14,31,213076,NULL,NULL,NULL,2,3,02/01/2021 16:33:53
142,1000,30,02/01/2021 16:37:03,1,,01/17/1993,1,1,3,2,02/11/1993,0,0,3,0,999,0,0,02/12/2018,8,NULL,01/01/1970,01/01/1970,14000,999,раз в неделю,1,8000,0,3,10000,1000,1,1,1,30,1.8,500,4000,3.8,50,0,4000,1000,1000,1572,2770,1148,620,-2,-2,-2,31,0,0,03/03/2021,04/03/2021 17:04:00,14,31,287145,NULL,NULL,NULL,2,3,02/01/2021 16:34:47
143,3500,30,02/01/2021 16:39:24,1,,10/17/1985,2,4,5,3,01/12/2012,0,0,1,0,999,0,0,08/28/2016,9,NULL,01/01/1970,01/01/1970,8000,2,NULL,1,7000,0,0,0,0,1,1,1,31,1.8,500,5500,3.8,50,0,5500,3500,3500,5390,6070,2268,302,0,0,0,5,0,0,03/03/2021,03/08/2021 13:35:00,14,31,248747,NULL,NULL,NULL,2,3,02/01/2021 16:35:36
144,600,28,02/01/2021 16:40:18,1,,09/19/1996,1,1,2,3,09/27/1996,0,0,4,0,0,0,0,01/01/1970,0,NULL,01/01/1970,01/01/1970,8000,1,NULL,3,3500,0,1,1500,1500,1,1,0,35,1.53,500,8000,3.8,50,0,8000,1200,1200,0,705.08,105.08,0,0,0,0,0,0,0,03/01/2021,02/07/2021 15:15:00,14,31,257511,NULL,NULL,NULL,2,3,02/01/2021 16:37:07
145,400,30,02/01/2021 16:54:50,2,,12/17/1985,2,2,3,3,12/10/2010,0,0,1,0,999,0,0,12/10/2010,8,NULL,01/01/1970,01/01/1970,6500,2,NULL,1,1000,0,1,1000,500,1,1,0,2,1.8,500,8000,3.8,50,0,8000,400,400,0,594,194,0,0,0,0,0,0,0,03/03/2021,02/21/2021 23:49:00,18,38,230711,NULL,NULL,NULL,2,3,02/01/2021 16:38:01
146,5000,30,02/01/2021 16:42:02,2,,07/19/1995,1,1,5,1,08/28/2011,0,0,1,0,999,0,0,07/14/2014,4,NULL,01/01/1970,01/01/1970,9000,999,4 раза в месяц,1,8500,0,0,0,0,1,1,0,32,1.8,500,8000,3.8,50,0,8000,5000,5000,0,7087,2087,0,0,0,0,0,0,0,03/03/2021,02/26/2021 15:30:00,14,31,160878,NULL,NULL,NULL,2,3,02/01/2021 16:39:25
147,4250,24,02/01/2021 16:45:58,2,,01/13/1990,2,3,5,3,12/25/2016,0,0,4,NULL,0,0,0,01/01/1970,5,NULL,NULL,NULL,12000,2,NULL,4,2000,0,0,0,0,1,1,1,2,1.8,500,8000,3.8,50,0,8000,12000,8000,6045,11017.14,4190.49,2576.65,0,0,0,35,0,0,02/25/2021,04/01/2021 14:53:00,18,38,206829,NULL,NULL,NULL,5,7,02/01/2021 16:40:21
148,1000,30,02/01/2021 16:50:36,1,,12/06/1987,3,2,4,2,01/01/1998,0,0,1,0,1,0,0,02/01/2014,10,NULL,01/01/1970,01/01/1970,13000,2,NULL,1,3000,0,0,0,0,1,1,0,30,1.8,500,4000,3.8,50,0,4000,1000,1000,0,1410,410,0,0,0,0,0,0,0,03/03/2021,02/21/2021 21:07:00,14,31,266773,NULL,NULL,NULL,2,3,02/01/2021 16:49:03
149,900,8,02/01/2021 17:19:39,2,,06/23/1996,4,2,2,3,06/27/2015,0,0,7,NULL,0,0,0,01/01/1970,0,NULL,NULL,NULL,5000,2,NULL,5,1000,1,1,1000,1000,1,1,1,61,0,0,900,3.8,120,0,900,3000,900,1020,1112.6,120,92.6,0,0,0,3,0,0,02/09/2021,02/12/2021 13:36:00,14,39,277431,NULL,NULL,NULL,5,7,02/01/2021 16:53:15
150,3000,24,02/01/2021 16:56:38,2,,11/26/1975,3,2,5,1,10/24/2014,0,0,1,0,2,0,0,09/21/2011,24,NULL,01/01/1970,01/01/1970,15000,2,NULL,1,4500,1,4,0,5000,1,1,0,10,1.9,500,8000,3.8,50,0,8000,4000,4000,0,3996,996,0,0,0,0,0,0,0,02/25/2021,02/18/2021 16:36:00,14,39,281605,NULL,NULL,NULL,2,3,02/01/2021 16:53:34
151,1500,30,02/01/2021 16:59:21,1,,03/09/1995,1,1,5,2,12/07/2007,1,0,3,0,0,0,0,02/07/2014,5,NULL,01/01/1970,01/01/1970,12300,2,NULL,1,7000,1,0,0,0,1,1,0,30,1.8,500,4000,3.8,50,0,4000,1500,1500,-11,1685,174,0,-11,-11,0,0,0,0,03/03/2021,02/06/2021 01:53:00,14,31,275278,NULL,NULL,NULL,2,3,02/01/2021 16:57:44
152,2000,14,02/01/2021 17:02:06,2,,08/01/1968,3,1,4,2,12/09/1988,0,0,8,0,0,6,1,01/01/1970,32,NULL,01/01/1970,01/01/1970,15000,2,NULL,999,8000,0,1,7000,1200,1,1,0,31,1.8,500,5500,3.8,50,0,5500,2000,2000,0,2298,298,0,0,0,0,0,0,0,02/15/2021,02/08/2021 14:58:00,14,31,276815,NULL,NULL,NULL,2,3,02/01/2021 16:59:56
153,1000,30,02/01/2021 17:18:44,1,,05/19/1973,1,1,3,1,11/09/2017,0,0,1,0,1,0,0,10/20/2015,5,NULL,01/01/1970,01/01/1970,15000,999,каждый день,999,5000,0,0,0,0,1,1,0,10,1.9,500,8000,3.8,50,0,8000,1000,1000,0,1107,107,0,0,0,0,0,0,0,03/03/2021,02/04/2021 21:52:00,14,39,284124,NULL,NULL,NULL,2,3,02/01/2021 17:00:57
154,1300,30,02/01/2021 17:12:28,2,,07/11/1988,2,1,3,0,NULL,0,0,1,0,999,999,1,08/05/2013,5,0,NULL,NULL,9700,2,NULL,1,1000,0,0,0,0,1,1,0,2,1.8,500,8000,3.8,50,0,8000,1300,1300,0,1410.2,110.2,0,0,0,0,0,0,0,03/03/2021,02/04/2021 14:02:00,18,38,661,NULL,NULL,NULL,2,3,02/01/2021 17:09:02
155,4000,30,02/01/2021 17:13:36,2,,06/25/1972,2,1,5,3,04/17/2001,0,0,1,0,999,0,0,09/01/2009,25,NULL,01/01/1970,01/01/1970,5000,2,NULL,1,2000,1,3,10000,2000,1,1,0,32,1.8,500,8000,3.8,50,0,8000,4000,4000,0,5771.1,1771.1,0,0,0,0,0,0,0,03/03/2021,02/26/2021 08:05:00,14,31,154306,NULL,NULL,NULL,2,3,02/01/2021 17:11:30
156,500,30,02/01/2021 17:19:49,1,,02/01/1995,1,1,3,3,05/20/2016,1,1,6,0,0,0,0,01/01/1970,0,NULL,01/01/1970,01/01/1970,2500,2,NULL,4,1000,1,1,2000,500,1,1,0,32,1.8,500,8000,3.8,50,0,8000,6000,6000,0,568,68,0,0,0,0,0,0,0,03/03/2021,02/03/2021 19:10:00,14,31,116673,197626,NULL,NULL,2,3,02/01/2021 17:15:38
157,2500,30,02/01/2021 17:21:59,1,,02/23/1987,1,1,5,3,01/01/2010,0,0,2,0,999,0,0,01/01/2010,10,NULL,01/01/1970,01/01/1970,14000,2,NULL,1,3000,1,8,20000,2500,1,1,0,12,1.33,500,3500,3.8,50,0,3500,2500,2500,0,2640.75,140.75,0,0,0,0,0,0,0,03/03/2021,02/04/2021 12:42:00,18,38,68891,253274,NULL,NULL,2,3,02/01/2021 17:20:14
158,1000,29,02/01/2021 17:25:55,1,,10/14/1987,2,3,4,3,04/12/2013,0,0,3,0,0,0,0,04/11/2015,5,NULL,01/01/1970,01/01/1970,15000,2,NULL,1,5000,0,0,0,0,1,1,0,31,1.8,500,5500,3.8,50,0,5500,1000,1000,0,1248,248,0,0,0,0,0,0,0,03/02/2021,02/12/2021 15:50:00,14,31,277910,NULL,NULL,NULL,2,3,02/01/2021 17:22:50
159,3000,30,02/01/2021 18:22:22,1,,05/18/1978,4,3,5,1,05/05/2014,0,0,1,NULL,2,0,0,08/08/2003,16,NULL,NULL,NULL,18200,2,NULL,1,10000,1,4,4850,4850,1,1,0,10,1.9,500,8000,3.8,50,0,8000,4000,4000,0,9897,6840,57,0,0,0,1,0,0,06/02/2021,05/31/2021 17:31:00,14,39,289529,NULL,3,90,5,7,02/01/2021 17:23:18
160,1000,30,02/02/2021 12:15:26,2,,12/31/1999,1,1,4,4,09/01/2017,1,0,6,0,0,0,0,01/01/1970,1,NULL,01/01/1970,01/01/1970,4000,1,NULL,2,1000,0,0,0,0,1,1,1,30,1.8,500,4000,3.8,50,0,4000,1000,1000,1572,1666,626,40,0,0,0,2,0,0,03/04/2021,03/06/2021 09:58:00,14,31,251770,NULL,NULL,NULL,2,3,02/01/2021 17:24:10
161,4000,30,02/01/2021 17:36:22,1,,02/23/1986,3,2,5,2,09/08/1989,0,1,1,0,2,0,0,09/01/2012,10,NULL,01/01/1970,01/01/1970,20000,1,NULL,1,10000,0,0,0,0,1,1,0,32,1.8,500,8000,3.8,50,0,8000,7000,7000,0,5229,1229,0,0,0,0,0,0,0,03/03/2021,02/18/2021 14:32:00,14,31,183948,264724,NULL,NULL,2,3,02/01/2021 17:35:15
162,1500,26,02/01/2021 17:52:15,1,,09/08/1996,1,1,5,3,04/08/1997,0,0,1,NULL,0,0,0,07/01/2018,11,NULL,NULL,NULL,15000,1,NULL,1,7500,1,2,5000,1800,1,1,0,10,1.9,500,8000,3.8,50,0,8000,1500,1500,0,2262.5,762.5,0,0,0,0,0,0,0,02/27/2021,02/27/2021 14:11:00,14,39,289541,NULL,NULL,NULL,5,7,02/01/2021 17:35:56
163,5000,14,02/01/2021 17:45:48,1,,10/05/1980,2,3,5,1,08/01/2007,0,0,1,0,999,0,0,08/01/2004,14,NULL,01/01/1970,01/01/1970,16000,2,NULL,1,2500,0,2,5000,700,1,1,0,35,1.53,500,8000,3.8,50,0,8000,5000,5000,0,5520.2,520.2,0,0,0,0,0,0,0,02/15/2021,02/07/2021 13:49:00,14,31,246972,NULL,NULL,NULL,2,3,02/01/2021 17:43:15
164,3500,30,02/01/2021 17:52:19,1,,04/26/1977,1,1,3,1,05/25/1985,1,0,1,0,2,0,0,01/01/1970,15,NULL,01/01/1970,01/01/1970,5500,1,NULL,1,5000,0,0,0,0,1,1,1,31,1.8,500,5500,3.8,50,0,5500,3500,3500,5390,7916,3150,1266,0,0,0,19,0,0,03/03/2021,03/22/2021 20:23:00,14,31,249076,NULL,NULL,NULL,2,3,02/01/2021 17:45:31
165,5000,10,02/01/2021 17:47:59,1,,07/19/1976,3,1,5,1,06/18/1999,1,0,1,0,999,0,0,10/11/2004,20,NULL,01/01/1970,01/01/1970,9000,2,NULL,1,5000,1,1,0,500,1,1,0,32,1.8,500,8000,3.8,50,0,8000,6000,6000,0,5268,268,0,0,0,0,0,0,0,02/11/2021,02/01/2021 18:21:00,14,31,236645,NULL,NULL,NULL,2,3,02/01/2021 17:45:48
166,1500,30,02/01/2021 18:00:49,2,,07/19/1995,2,2,5,3,11/17/2006,0,0,1,NULL,999,0,0,08/19/2017,5,NULL,NULL,NULL,12000,1,NULL,1,5000,1,4,15000,3000,1,1,0,36,1.43,500,8000,3.8,50,0,8000,1500,1500,0,2064.8,564.8,0,0,0,0,0,0,0,03/03/2021,02/25/2021 23:27:00,14,39,283685,NULL,NULL,NULL,5,7,02/01/2021 17:47:28
167,1000,30,02/01/2021 18:08:46,1,,05/29/1991,2,3,5,2,08/08/1991,0,1,1,NULL,2,0,0,07/19/2015,11,NULL,NULL,NULL,13000,2,NULL,1,7000,1,0,0,0,1,1,0,12,1.33,500,3500,3.8,50,0,3500,1000,1000,0,1435.7,435.7,0,0,0,0,0,0,0,03/03/2021,03/03/2021 13:42:00,14,39,286384,NULL,NULL,NULL,5,7,02/01/2021 17:48:08
168,1000,30,02/01/2021 18:05:55,2,,01/06/1999,4,1,2,4,09/01/2010,0,0,4,NULL,0,0,0,NULL,1,NULL,NULL,NULL,6000,2,NULL,4,3000,1,5,5000,1000,1,1,0,10,1.9,500,8000,3.8,50,0,8000,3000,3000,0,1591,591,0,0,0,0,0,0,0,03/03/2021,03/02/2021 10:18:00,14,39,283320,NULL,NULL,NULL,5,7,02/01/2021 17:50:07
169,2000,18,02/01/2021 18:24:54,1,,08/31/1992,1,1,4,3,08/08/1998,0,1,4,NULL,0,0,0,NULL,7,NULL,NULL,NULL,12000,2,NULL,2,3500,0,0,0,0,1,1,1,10,1.9,500,8000,3.8,50,0,8000,2500,2500,3102,4710,2292,418,0,0,0,11,0,0,03/30/2021,04/01/2021 11:13:00,14,39,147773,NULL,1,30,5,7,02/01/2021 17:51:39
170,2500,10,02/01/2021 17:54:19,1,,01/05/1993,3,2,5,1,09/20/2003,0,0,1,0,0,0,0,09/01/2010,8,NULL,01/01/1970,01/01/1970,11000,1,NULL,1,11000,0,0,0,0,1,1,0,35,1.53,500,8000,3.8,50,0,8000,2500,2500,0,2881.25,381.25,0,0,0,0,0,0,0,02/11/2021,02/11/2021 19:03:00,14,31,127061,207077,NULL,NULL,2,3,02/01/2021 17:52:56
171,2600,30,02/01/2021 17:56:56,1,,10/22/1992,1,1,3,3,11/02/1995,0,0,1,0,0,0,0,06/07/2013,5,NULL,01/01/1970,01/01/1970,9500,1,NULL,1,3500,1,0,0,0,1,1,0,32,1.8,500,8000,3.8,50,0,8000,5000,5000,0,3277.2,677.2,0,0,0,0,0,0,0,03/03/2021,02/15/2021 16:37:00,14,31,103934,NULL,NULL,NULL,2,3,02/01/2021 17:55:12
172,1500,30,02/01/2021 18:25:02,1,,05/12/1988,2,2,2,1,07/07/2004,0,0,1,0,1,0,0,06/01/2014,12,NULL,01/01/1970,01/01/1970,15000,1,NULL,1,7000,1,10,50000,5000,1,1,0,35,1.53,500,8000,3.8,50,0,8000,1500,1500,0,1582.9,82.9,0,0,0,0,0,0,0,03/03/2021,02/01/2021 20:40:00,14,31,281918,NULL,NULL,NULL,2,3,02/01/2021 18:01:28
173,800,16,02/01/2021 18:12:47,2,,02/26/1992,2,2,3,2,11/05/2016,0,0,7,0,0,0,0,01/01/1970,5,NULL,01/01/1970,01/01/1970,5000,2,NULL,4,3500,1,0,0,0,1,1,0,2,1.8,500,8000,3.8,50,0,8000,8000,8000,0,932.8,132.8,0,0,0,0,0,0,0,02/17/2021,02/08/2021 17:57:00,18,38,48993,197956,NULL,NULL,2,3,02/01/2021 18:10:47
174,700,29,02/01/2021 18:25:44,1,,06/08/1996,4,1,5,1,07/02/2012,1,0,1,NULL,2,0,0,07/01/2016,2,NULL,NULL,NULL,11000,2,NULL,1,8000,0,0,0,0,1,1,0,10,1.9,500,8000,3.8,50,0,8000,3500,3500,0,976.1,276.1,0,0,0,0,0,0,0,03/02/2021,02/18/2021 13:19:00,14,39,289564,NULL,NULL,NULL,5,7,02/01/2021 18:10:50
175,2500,30,02/01/2021 18:21:26,1,,02/27/1994,2,1,5,1,06/20/2000,1,1,1,0,2,0,0,09/06/2017,3,NULL,01/01/1970,01/01/1970,12000,1,NULL,1,6000,0,0,0,0,1,1,1,30,1.8,500,4000,3.8,50,0,4000,2500,2500,3855,4280,1580,200,0,0,0,4,0,0,03/03/2021,03/07/2021 22:40:00,14,31,256611,NULL,NULL,NULL,2,3,02/01/2021 18:18:47
176,1000,30,02/01/2021 18:35:04,2,,02/14/1964,2,1,5,1,05/24/1989,1,0,1,NULL,999,0,0,09/25/2010,10,NULL,NULL,NULL,9000,2,NULL,1,5000,0,0,0,0,1,1,0,10,1.9,500,8000,3.8,50,0,8000,1000,1000,0,1335,335,0,0,0,0,0,0,0,03/03/2021,02/16/2021 14:44:00,14,39,288916,NULL,NULL,NULL,5,7,02/01/2021 18:19:25
177,800,25,02/01/2021 18:58:26,1,,07/28/1996,1,1,3,2,10/17/2012,0,0,1,0,1,0,0,10/06/2017,3,NULL,01/01/1970,01/01/1970,7150,1,NULL,1,3000,1,0,0,0,1,1,0,32,1.8,500,8000,3.8,50,0,8000,5000,5000,0,1188.6,388.6,0,0,0,0,0,0,0,02/26/2021,02/26/2021 09:43:00,14,31,185454,266579,NULL,NULL,2,3,02/01/2021 18:21:12
178,3500,30,02/01/2021 18:31:21,1,,11/26/1978,1,1,5,3,10/01/1983,0,0,1,0,1,0,0,04/01/2012,16,NULL,01/01/1970,01/01/1970,40000,2,NULL,1,15000,1,10,0,20000,1,1,0,35,1.53,500,8000,3.8,50,0,8000,3500,3500,0,4236.7,736.7,0,0,0,0,0,0,0,03/03/2021,02/14/2021 12:46:00,14,31,251442,NULL,NULL,NULL,2,3,02/01/2021 18:29:57
179,1000,15,02/01/2021 19:01:57,1,,05/26/1995,2,1,2,4,07/26/2017,0,1,1,NULL,2,0,0,06/01/2018,4,NULL,NULL,NULL,7500,2,NULL,1,2000,1,1,1200,1200,1,1,0,36,1.43,500,8000,3.8,50,0,8000,1000,1000,0,1078.6,78.6,0,0,0,0,0,0,0,02/16/2021,02/03/2021 16:29:00,14,39,286770,NULL,NULL,NULL,5,7,02/01/2021 18:36:27
180,500,30,02/01/2021 18:41:54,2,,01/14/1991,1,1,2,4,08/07/2014,0,0,1,0,999,0,0,08/07/2014,5,NULL,01/01/1970,01/01/1970,7000,1,NULL,999,4000,0,0,0,0,1,1,0,2,1.8,500,8000,3.8,50,0,8000,6000,6000,-13,622,109,0,-13,-13,0,0,0,0,03/03/2021,02/09/2021 01:47:00,16,28,49821,266405,NULL,NULL,2,3,02/01/2021 18:39:50
181,2050,17,02/01/2021 18:57:17,1,,11/30/1982,1,1,5,3,02/01/2000,0,0,1,0,1,0,0,03/01/2016,18,NULL,01/01/1970,01/01/1970,15000,2,NULL,1,10000,1,2,7000,800,1,1,0,35,1.53,500,8000,3.8,50,0,8000,2500,2500,0,2591.84,541.84,0,0,0,0,0,0,0,02/18/2021,02/18/2021 18:52:00,14,31,279866,NULL,NULL,NULL,2,3,02/01/2021 18:50:56
182,3000,15,02/01/2021 19:06:17,1,,07/22/1991,1,1,5,1,08/10/2005,0,0,1,NULL,2,0,0,09/01/2009,9,NULL,NULL,NULL,10500,1,NULL,1,3500,0,0,0,0,1,1,1,10,1.9,500,8000,3.8,50,0,8000,4000,4000,3855,4254,1083,171,0,0,0,3,0,0,02/16/2021,02/19/2021 15:58:00,14,39,289577,NULL,NULL,NULL,5,7,02/01/2021 18:51:18
183,3500,14,02/01/2021 18:54:58,1,,08/29/1979,2,1,5,4,05/12/2012,0,0,1,0,2,0,0,06/01/2016,16,NULL,01/01/1970,01/01/1970,25000,1,NULL,1,8000,0,6,20000,6000,1,1,0,30,1.8,500,4000,3.8,50,0,4000,3500,3500,0,4893,1323,70,0,0,0,1,0,0,03/18/2021,02/21/2021 17:56:00,14,31,272508,NULL,1,30,2,3,02/01/2021 18:53:02
184,2000,21,02/01/2021 19:05:24,2,,02/20/1975,2,1,2,1,08/03/2010,1,0,1,0,999,0,0,09/07/2016,15,NULL,01/01/1970,01/01/1970,7000,2,NULL,1,3000,1,1,0,500,1,1,0,35,1.53,500,8000,3.8,50,0,8000,2000,2000,0,2465.4,465.4,0,0,0,0,0,0,0,02/22/2021,02/15/2021 17:28:00,14,31,265111,NULL,NULL,NULL,2,3,02/01/2021 18:56:38
185,1000,30,02/01/2021 18:59:40,1,,05/22/1998,1,1,2,3,09/22/2014,0,0,4,0,2,0,0,01/06/2021,1,NULL,01/01/1970,01/01/1970,3100,2,NULL,999,1480,0,1,1900,300,1,1,0,30,1.8,500,4000,3.8,50,0,4000,1000,1000,0,1569,569,0,0,0,0,0,0,0,03/03/2021,03/02/2021 21:54:00,14,31,288615,NULL,NULL,NULL,2,3,02/01/2021 18:57:48
186,500,3,02/01/2021 19:10:57,2,,08/02/1985,3,1,5,3,12/01/2018,0,0,1,0,2,0,0,01/01/1970,7,NULL,01/01/1970,01/01/1970,4200,2,NULL,1,3000,0,1,3600,300,1,1,0,35,1.53,500,8000,3.8,50,0,8000,3500,3500,0,563.3,63.3,0,0,0,0,0,0,0,02/04/2021,02/04/2021 19:49:00,14,31,256065,NULL,NULL,NULL,2,3,02/01/2021 18:59:52
187,4000,10,02/01/2021 19:08:46,2,,05/17/1979,3,2,5,4,09/01/2017,0,0,1,0,1,0,0,05/17/2015,19,NULL,01/01/1970,01/01/1970,20000,999,Раз в неделю,999,15000,1,0,0,0,1,1,1,31,1.8,500,5500,3.8,50,0,5500,4000,4000,4432,8944,3024,1920,0,0,0,24,0,0,03/11/2021,03/14/2021 19:20:00,14,31,265361,NULL,1,7,2,3,02/01/2021 19:05:13
188,1000,30,02/01/2021 19:13:16,2,,01/03/2001,4,1,2,4,06/08/2018,0,0,1,0,999,0,0,05/02/2018,1,NULL,01/01/1970,01/01/1970,10000,2,NULL,1,6000,1,0,0,0,1,1,1,30,1.8,500,4000,3.8,50,0,4000,1000,1000,1572,2616,1076,540,0,0,0,27,0,0,03/03/2021,03/30/2021 19:25:00,14,31,280075,NULL,NULL,NULL,2,3,02/01/2021 19:06:08
189,1000,30,02/01/2021 19:08:54,1,,08/18/1999,1,1,3,1,04/03/2013,0,0,6,0,0,0,0,01/01/1970,2,NULL,01/01/1970,01/01/1970,7500,1,NULL,2,2000,0,0,0,0,1,1,0,31,1.8,500,5500,3.8,50,0,5500,3000,3000,0,1572,572,0,0,0,0,0,0,0,03/03/2021,03/03/2021 20:31:00,14,31,223443,NULL,NULL,NULL,2,3,02/01/2021 19:07:51
190,3600,4,02/01/2021 19:15:06,2,,03/12/1993,2,2,5,2,11/07/2012,0,0,1,0,999,0,0,06/03/2014,5,NULL,01/01/1970,01/01/1970,7600,2,NULL,1,2000,0,0,0,0,1,1,1,35,1.53,500,8000,3.8,50,0,8000,5200,5200,2918.79,7579.89,2537.19,1442.7,0,0,0,18,0,0,03/23/2021,03/24/2021 22:50:00,18,38,159086,263917,3,29,2,3,02/01/2021 19:12:49
191,2500,30,02/01/2021 19:19:03,1,,10/18/1995,1,1,4,3,01/22/1996,0,0,3,0,3,0,0,02/01/2016,1,NULL,01/01/1970,01/01/1970,5500,1,NULL,1,2000,0,0,0,0,1,1,0,22,1.8,500,8000,3.8,50,0,8000,7500,7500,0,5395.4,2125.4,770,0,0,0,16,0,0,04/18/2021,03/20/2021 14:50:00,12,38,45824,208702,1,30,2,3,02/01/2021 19:16:45
192,1000,7,02/01/2021 19:29:54,1,,09/29/1999,1,2,3,3,12/15/2015,0,0,3,0,999,0,0,12/06/2018,2,NULL,01/01/1970,01/01/1970,8000,999,Раз в неделю,1,5000,0,3,12000,5000,1,1,0,12,1.33,500,3500,3.8,50,0,3500,4500,3500,0,1076.6,76.6,0,0,0,0,0,0,0,02/08/2021,02/03/2021 13:38:00,14,31,252388,NULL,NULL,NULL,2,3,02/01/2021 19:28:52
193,1000,30,02/01/2021 20:21:01,1,,12/13/1991,1,1,2,1,02/18/2015,0,0,1,NULL,999,0,0,03/01/2015,4,NULL,NULL,NULL,8700,1,NULL,1,1000,1,0,0,0,1,1,0,10,1.9,500,8000,3.8,50,0,8000,1000,1000,0,1088,88,0,0,0,0,0,0,0,03/03/2021,02/02/2021 13:41:00,14,39,289595,NULL,NULL,NULL,5,7,02/01/2021 19:29:31
194,5000,30,02/01/2021 19:38:24,1,,11/18/1996,1,1,4,3,06/20/1997,0,0,1,0,999,0,0,12/27/2016,3,NULL,01/01/1970,01/01/1970,10000,2,NULL,1,2000,1,0,0,0,1,1,0,2,1.8,500,8000,3.8,50,0,8000,9300,8000,0,7610,2610,0,0,0,0,0,0,0,03/03/2021,03/01/2021 20:01:00,18,38,183143,263695,NULL,NULL,2,3,02/01/2021 19:35:59
195,2000,14,02/01/2021 19:41:36,1,,04/05/1989,1,1,5,2,07/01/2015,0,0,1,NULL,999,0,0,07/11/2011,12,NULL,NULL,NULL,19000,1,NULL,1,5000,0,0,0,0,1,1,1,31,1.8,500,5500,3.8,50,0,5500,2500,2500,2360,4522,2282,240,0,0,0,6,0,0,04/02/2021,04/04/2021 09:11:00,14,31,227215,NULL,3,42,5,7,02/01/2021 19:38:12
196,900,5,02/01/2021 19:43:56,1,,03/15/1985,1,1,3,3,03/15/1985,0,0,3,0,1,0,0,01/01/1970,5,NULL,01/01/1970,01/01/1970,6500,1,NULL,1,4500,0,0,0,0,1,1,0,2,1.8,500,8000,3.8,50,0,8000,900,900,0,1014.8,114.8,0,0,0,0,0,0,0,02/06/2021,02/06/2021 20:59:00,18,38,244235,NULL,NULL,NULL,2,3,02/01/2021 19:41:55
197,3500,25,02/01/2021 19:45:46,1,,06/13/1992,1,1,5,3,06/13/1992,0,0,1,0,0,0,0,07/20/2010,8,NULL,01/01/1970,01/01/1970,10000,1,NULL,1,3000,0,1,3000,3000,1,1,1,36,1.43,500,8000,3.8,50,0,8000,3500,3500,4751.25,5067.3,1401.4,165.9,0,0,0,2,0,0,02/26/2021,02/28/2021 18:50:00,14,31,244008,NULL,NULL,NULL,2,3,02/01/2021 19:42:54
198,5000,30,02/01/2021 19:49:04,2,,11/03/1992,1,1,3,3,12/11/1993,0,0,1,0,999,0,0,01/27/2017,6,NULL,01/01/1970,01/01/1970,8000,2,NULL,1,3800,0,0,0,0,1,1,1,32,1.8,500,8000,3.8,50,0,8000,5000,5000,7610,13150,6750,1400,0,0,0,14,0,0,04/04/2021,04/16/2021 21:28:00,14,31,174236,253467,1,30,2,3,02/01/2021 19:45:38
199,1500,20,02/01/2021 19:53:34,1,,02/12/1995,1,1,5,2,02/02/1996,0,0,1,0,999,0,0,08/24/2017,2,NULL,01/01/1970,01/01/1970,1200,1,NULL,1,5000,0,0,0,0,1,1,0,30,1.8,500,4000,3.8,50,0,4000,4000,4000,0,2063,563,0,0,0,0,0,0,0,02/21/2021,02/20/2021 14:33:00,14,31,276270,NULL,NULL,NULL,2,3,02/01/2021 19:51:46
200,800,20,02/01/2021 20:00:46,1,,04/23/1994,2,1,5,4,08/02/2018,0,0,1,0,0,0,0,01/01/1970,9,NULL,01/01/1970,01/01/1970,14700,1,NULL,1,12000,0,0,0,0,1,1,0,31,1.8,500,5500,3.8,50,0,5500,1500,1500,0,1047.6,247.6,0,0,0,0,0,0,0,02/21/2021,02/15/2021 15:59:00,14,31,212090,NULL,NULL,NULL,2,3,02/01/2021 19:58:31
201,1500,21,02/01/2021 20:08:38,1,,05/17/1996,1,1,5,4,09/01/2013,0,0,6,NULL,0,0,0,NULL,1,NULL,NULL,NULL,8000,2,NULL,1,3000,1,0,0,1000,1,1,0,10,1.9,500,8000,3.8,50,0,8000,1500,1500,0,2120,620,0,0,0,0,0,0,0,02/22/2021,02/22/2021 21:07:00,14,39,289614,NULL,NULL,NULL,5,7,02/01/2021 19:59:14
202,1000,5,02/01/2021 20:10:35,2,,05/12/1983,3,2,3,1,09/01/2018,0,0,8,NULL,0,6,1,NULL,15,NULL,NULL,NULL,12000,2,NULL,1,5000,0,2,3000,3000,1,1,1,36,1.43,500,8000,3.8,50,0,8000,1000,1000,1107.2,1159.5,135.8,23.7,0,0,0,1,0,0,02/06/2021,02/07/2021 22:27:00,14,39,271608,NULL,NULL,NULL,5,7,02/01/2021 19:59:47
203,1400,30,02/01/2021 20:05:48,1,,02/26/1988,1,1,3,3,07/27/2004,1,1,1,0,2,0,0,01/01/1970,3,NULL,01/01/1970,01/01/1970,6500,2,NULL,1,2500,1,0,0,0,1,1,0,25,1.8,500,5000,3.8,50,0,5000,5000,5000,0,1488.4,88.4,0,0,0,0,0,0,0,03/03/2021,02/02/2021 22:06:00,10,16,50134,198040,NULL,NULL,2,3,02/01/2021 20:03:00
204,2900,10,02/01/2021 20:05:44,1,,11/21/1977,1,1,3,1,04/08/1994,0,0,3,0,1,0,0,01/01/1970,10,NULL,01/01/1970,01/01/1970,7000,2,NULL,1,7000,1,1,1500,250,1,1,0,35,1.53,500,8000,3.8,50,0,8000,8000,8000,0,3132.91,232.91,0,0,0,0,0,0,0,02/11/2021,02/07/2021 17:39:00,14,31,205874,NULL,NULL,NULL,2,3,02/01/2021 20:03:54
205,1000,30,02/01/2021 20:15:48,1,,10/01/1999,1,1,2,4,10/03/2017,0,0,6,NULL,0,0,0,NULL,3,NULL,NULL,NULL,4000,1,NULL,4,4000,0,0,0,0,1,1,0,36,1.43,500,8000,3.8,50,0,8000,1000,1000,0,1464.7,464.7,0,0,0,0,0,0,0,03/03/2021,03/02/2021 13:27:00,14,39,288530,NULL,NULL,NULL,5,7,02/01/2021 20:04:36
206,1500,20,02/01/2021 20:22:20,1,,04/28/1990,1,1,5,3,06/26/2009,0,0,1,NULL,999,0,0,09/01/2009,10,NULL,NULL,NULL,7000,2,NULL,1,5000,1,2,5000,400,1,1,0,10,1.9,500,8000,3.8,50,0,8000,2500,2500,0,2091.5,591.5,0,0,0,0,0,0,0,02/21/2021,02/21/2021 10:00:00,14,39,229867,NULL,NULL,NULL,5,7,02/01/2021 20:05:12
207,1500,6,02/01/2021 20:13:30,1,,04/25/1988,1,1,5,3,08/26/2004,0,0,1,0,999,0,0,12/01/2015,7,NULL,01/01/1970,01/01/1970,25000,1,NULL,1,10000,0,0,0,0,1,1,0,35,1.53,500,8000,3.8,50,0,8000,8000,8000,0,1725.55,225.55,0,0,0,0,0,0,0,02/11/2021,02/11/2021 22:00:00,14,31,35912,NULL,1,4,2,3,02/01/2021 20:11:55
208,700,5,02/01/2021 20:18:26,1,,10/31/1980,1,1,4,2,12/17/1996,1,0,1,0,1,0,0,03/04/1998,11,NULL,01/01/1970,01/01/1970,35000,1,NULL,1,9000,1,0,0,0,1,1,1,2,1.8,500,8000,3.8,50,0,8000,700,700,800.4,837.6,125.6,12,0,0,0,1,0,0,02/06/2021,02/07/2021 13:26:00,18,38,208678,NULL,NULL,NULL,2,3,02/01/2021 20:16:45
209,1000,30,02/01/2021 20:37:45,1,,03/16/1980,4,1,3,3,12/03/1996,0,0,1,NULL,2,0,0,06/16/2018,15,NULL,NULL,NULL,8000,2,NULL,1,2000,1,0,0,0,1,1,1,10,1.9,500,8000,3.8,50,0,8000,1000,1000,1247,2000,943,57,0,0,0,3,0,0,03/19/2021,03/20/2021 16:34:00,14,39,289635,NULL,1,14,5,7,02/01/2021 20:17:08
210,3900,30,02/01/2021 20:20:22,2,,08/29/1988,2,1,5,2,06/11/1993,0,0,3,0,2,0,0,02/02/2017,7,NULL,01/01/1970,01/01/1970,10000,2,NULL,1,5000,0,0,0,0,1,1,0,2,1.8,500,8000,3.8,50,0,8000,3900,3900,0,4089.6,189.6,0,0,0,0,0,0,0,03/03/2021,02/03/2021 13:20:00,18,38,160154,237665,NULL,NULL,2,3,02/01/2021 20:18:58
211,2400,10,02/01/2021 20:22:24,1,,03/19/1993,2,2,5,2,03/19/1993,1,0,1,0,2,0,0,01/28/2014,3,NULL,01/01/1970,01/01/1970,10000,2,NULL,1,3000,1,0,0,0,1,1,0,32,1.8,500,8000,3.8,50,0,8000,8000,8000,-6,2536.4,130.4,0,-6,-6,0,0,0,0,02/11/2021,02/02/2021 15:55:00,14,31,37539,195938,NULL,NULL,2,3,02/01/2021 20:20:35
212,2500,30,02/01/2021 21:43:32,1,,11/02/1997,1,1,4,1,11/02/1998,1,0,1,NULL,999,0,0,05/04/2016,2,NULL,NULL,NULL,12000,2,NULL,1,5000,0,0,0,0,1,1,1,10,1.9,500,8000,3.8,50,0,8000,3500,3500,3877.5,7870,4847.5,522.5,0,0,0,11,0,0,05/06/2021,05/13/2021 17:16:00,14,39,289639,NULL,2,60,5,7,02/01/2021 20:29:04
213,2000,21,02/01/2021 20:33:33,1,,11/30/1991,1,1,5,3,11/30/1991,1,1,1,0,1,0,0,07/05/2017,8,NULL,01/01/1970,01/01/1970,10000,2,NULL,1,2000,0,0,0,0,1,1,0,31,1.8,500,5500,3.8,50,0,5500,5500,5500,0,2580,580,0,0,0,0,0,0,0,02/22/2021,02/16/2021 21:55:00,14,31,262166,NULL,NULL,NULL,2,3,02/01/2021 20:31:10
214,3000,14,02/01/2021 20:40:27,1,,06/09/1988,1,1,2,3,06/10/2000,0,0,3,0,999,0,0,05/09/2018,8,NULL,01/01/1970,01/01/1970,10000,2,NULL,4,2000,0,0,0,0,1,1,0,31,1.8,500,5500,3.8,50,0,5500,5500,5500,0,3432,432,0,0,0,0,0,0,0,02/15/2021,02/08/2021 08:21:00,14,31,274475,NULL,NULL,NULL,2,3,02/01/2021 20:38:15
215,1700,11,02/01/2021 20:40:32,2,,01/23/1995,1,1,5,4,07/01/2018,0,0,1,0,999,0,0,10/09/2016,3,NULL,01/01/1970,01/01/1970,15000,1,NULL,1,12000,0,3,9000,3000,1,1,0,63,0,0,1700,3.8,270,0,1700,5500,1700,0,1970,270,0,0,0,0,0,0,0,02/12/2021,02/12/2021 17:11:00,14,31,217911,NULL,NULL,NULL,2,3,02/01/2021 20:38:45
216,600,30,02/01/2021 20:46:16,2,,12/11/1983,4,2,4,3,12/26/2000,0,0,4,0,0,0,0,01/01/1970,7,NULL,01/01/1970,01/01/1970,6000,2,NULL,4,4000,1,0,0,0,1,1,0,2,1.8,500,8000,3.8,50,0,8000,600,600,0,963.2,363.2,0,0,0,0,0,0,0,03/03/2021,03/03/2021 19:39:00,18,38,68467,271000,NULL,NULL,2,3,02/01/2021 20:44:14
217,3000,3,02/01/2021 20:47:40,2,,05/16/1995,2,1,5,3,06/17/1999,0,0,3,0,2,0,0,08/25/2016,3,NULL,01/01/1970,01/01/1970,6000,2,NULL,5,2000,1,1,1000,250,1,1,0,35,1.53,500,8000,3.8,50,0,8000,3000,3000,0,3345.6,279.5,66.1,0,0,0,1,0,0,02/07/2021,02/07/2021 13:59:00,14,31,125002,NULL,1,2,2,3,02/01/2021 20:45:32
218,2750,30,02/01/2021 20:51:04,1,,12/15/1989,1,1,3,3,07/05/2006,0,0,3,999,0,0,0,01/01/2011,6,0,01/01/1970,01/01/1970,7000,999,Від 3 до 6 разів на місяць,999,3000,0,0,0,0,1,1,0,12,1.33,500,3500,3.8,50,0,3500,8000,3500,0,6201.48,2976,475.48,0,0,0,7,0,0,05/09/2021,04/22/2021 18:31:00,12,38,725,201881,2,60,2,3,02/01/2021 20:45:57
219,1000,21,02/01/2021 20:49:59,1,,08/20/1998,4,1,4,4,09/06/2017,0,1,3,0,2,0,0,09/03/2018,2,NULL,01/01/1970,01/01/1970,11000,2,NULL,1,7000,1,3,1000,600,1,1,0,30,1.8,500,4000,3.8,50,0,4000,1000,1000,0,1392,392,0,0,0,0,0,0,0,02/22/2021,02/20/2021 18:29:00,14,31,278899,NULL,NULL,NULL,2,3,02/01/2021 20:48:52
220,1500,30,02/01/2021 21:01:28,1,,01/20/1976,1,1,1,2,08/30/2002,0,0,5,0,0,0,0,01/01/1970,10,NULL,01/01/1970,01/01/1970,7500,2,NULL,999,6509,1,0,0,0,1,1,1,31,1.8,500,5500,3.8,50,0,5500,1500,1500,2333,2475,914,60,-1,-1,-1,2,0,0,03/03/2021,03/05/2021 14:45:00,14,31,204606,NULL,NULL,NULL,2,3,02/01/2021 20:51:48
221,3550,30,02/01/2021 20:53:41,1,,11/18/1996,1,1,4,4,09/24/2014,0,0,3,0,999,0,0,08/20/2017,1,NULL,01/01/1970,01/01/1970,8000,2,NULL,1,2500,0,0,0,0,1,1,0,35,1.53,500,8000,3.8,50,0,8000,6000,6000,0,3875.89,325.89,0,0,0,0,0,0,0,03/03/2021,02/06/2021 19:52:00,14,31,28821,NULL,NULL,NULL,2,3,02/01/2021 20:52:08
222,1500,30,02/01/2021 21:26:53,2,,09/21/1995,2,3,3,3,10/10/1995,0,0,7,NULL,0,0,0,NULL,1,NULL,NULL,NULL,8600,2,NULL,4,2000,0,0,0,0,1,1,1,10,1.9,500,8000,3.8,50,0,8000,1500,1500,2376.5,2576,990.5,85.5,0,0,0,3,0,0,03/03/2021,03/06/2021 16:31:00,14,39,234517,NULL,NULL,NULL,5,7,02/01/2021 21:00:03
223,3500,30,02/01/2021 21:11:27,1,,11/16/1983,3,2,5,3,11/16/1983,0,1,1,0,1,0,0,07/08/2008,10,NULL,01/01/1970,01/01/1970,9000,999,7,1,3500,1,0,0,0,1,1,1,31,1.8,500,5500,3.8,50,0,5500,3500,3500,5390,5985,2205,280,0,0,0,4,0,0,03/03/2021,03/07/2021 19:12:00,14,31,180379,NULL,NULL,NULL,2,3,02/01/2021 21:01:18
224,2250,7,02/01/2021 21:05:38,1,,01/19/1984,2,1,5,4,06/27/2014,0,0,1,0,999,0,0,09/02/2006,10,NULL,01/01/1970,01/01/1970,12800,1,NULL,1,12800,1,5,2000,1000,1,1,0,32,1.8,500,8000,3.8,50,0,8000,6000,6000,0,2442,192,0,0,0,0,0,0,0,02/08/2021,02/05/2021 11:48:00,14,31,209929,NULL,NULL,NULL,2,3,02/01/2021 21:03:46
225,4000,17,02/01/2021 21:07:18,1,,07/05/1995,1,1,6,1,02/01/2001,0,0,1,0,2,0,0,06/01/2018,1,NULL,01/01/1970,01/01/1970,20000,2,NULL,1,7000,1,4,20000,20000,1,1,0,31,1.8,500,5500,3.8,50,0,5500,4000,4000,0,4207,207,0,0,0,0,0,0,0,02/18/2021,02/03/2021 06:43:00,14,31,261210,NULL,NULL,NULL,2,3,02/01/2021 21:06:11
226,3000,30,02/01/2021 21:15:31,1,,11/27/1980,3,2,5,3,11/27/1980,0,0,1,0,999,0,0,04/04/2015,17,NULL,01/01/1970,01/01/1970,10400,1,NULL,1,5000,0,1,300,500,1,1,0,31,1.8,500,5500,3.8,50,0,5500,3000,3000,0,4620,1620,0,0,0,0,0,0,0,03/03/2021,03/02/2021 00:34:00,14,31,132844,211669,NULL,NULL,2,3,02/01/2021 21:12:29
227,600,16,02/01/2021 21:15:58,2,,03/03/1959,4,1,3,1,02/04/1993,1,0,1,0,999,0,0,10/10/2017,40,NULL,01/01/1970,01/01/1970,9800,2,NULL,1,2000,1,0,0,0,1,1,0,36,1.43,500,8000,3.8,50,0,8000,600,600,0,770.12,170.12,0,0,0,0,0,0,0,02/17/2021,02/15/2021 19:18:00,18,38,239028,NULL,NULL,NULL,2,3,02/01/2021 21:14:20
228,1800,30,02/01/2021 21:22:09,2,,04/16/1988,2,3,4,3,08/01/2000,0,0,1,0,999,0,0,08/01/2014,10,NULL,01/01/1970,01/01/1970,6000,2,NULL,1,2000,1,0,0,0,1,1,0,35,1.53,500,8000,3.8,50,0,8000,5500,5500,0,2091.86,291.86,0,0,0,0,0,0,0,03/03/2021,02/10/2021 17:21:00,14,31,238869,NULL,NULL,NULL,2,3,02/01/2021 21:17:36
229,1000,30,02/01/2021 21:23:12,2,,06/11/1999,1,1,4,4,09/11/2018,0,0,3,0,999,0,0,03/22/2016,3,NULL,01/01/1970,01/01/1970,10000,2,NULL,999,3000,1,2,1500,1000,1,1,0,30,1.8,500,4000,3.8,50,0,4000,1000,1000,0,1572,572,0,0,0,0,0,0,0,03/03/2021,03/03/2021 22:38:00,14,31,281001,NULL,NULL,NULL,2,3,02/01/2021 21:21:24
230,3000,25,02/01/2021 21:33:33,1,,07/16/1990,1,1,2,3,10/09/2014,0,0,1,0,2,0,0,07/12/2018,11,NULL,01/01/1970,01/01/1970,9500,1,NULL,1,3800,1,0,0,0,1,1,0,31,1.8,500,5500,3.8,50,0,5500,3000,3000,0,4287,1287,0,0,0,0,0,0,0,02/26/2021,02/24/2021 21:48:00,14,31,275308,NULL,NULL,NULL,2,3,02/01/2021 21:30:17
231,3500,30,02/01/2021 21:43:31,1,,03/08/1991,1,1,3,2,03/08/1991,0,1,3,NULL,999,0,0,NULL,8,NULL,NULL,NULL,11000,1,NULL,1,6500,1,4,8000,2000,1,1,0,10,1.9,500,8000,3.8,50,0,8000,3500,3500,0,3699.5,199.5,0,0,0,0,0,0,0,03/03/2021,02/02/2021 18:07:00,14,39,202410,NULL,NULL,NULL,5,7,02/01/2021 21:31:11
232,1000,16,02/01/2021 21:36:12,1,,10/15/1985,1,1,2,3,10/23/2001,0,0,1,0,999,0,0,12/03/2014,14,NULL,01/01/1970,01/01/1970,7900,2,NULL,1,3700,0,0,0,0,1,1,0,35,1.53,500,8000,3.8,50,0,8000,6000,6000,0,1248.9,248.9,0,0,0,0,0,0,0,02/17/2021,02/14/2021 14:48:00,14,31,197715,NULL,NULL,NULL,2,3,02/01/2021 21:32:51
233,5700,30,02/01/2021 21:37:23,1,,10/01/1991,1,1,6,4,08/28/2014,0,0,1,0,2,0,0,10/05/2017,5,NULL,01/01/1970,01/01/1970,9000,1,NULL,1,2500,1,2,2000,720,1,1,0,2,1.8,500,8000,3.8,50,0,8000,12000,8000,0,8311.6,2611.6,0,0,0,0,0,0,0,03/03/2021,02/26/2021 13:14:00,18,38,202225,NULL,NULL,NULL,2,3,02/01/2021 21:33:04
234,3200,20,02/01/2021 21:35:12,2,,06/22/1996,2,2,3,1,02/06/1999,0,0,7,0,0,0,0,01/01/1970,3,NULL,01/01/1970,01/01/1970,3000,2,NULL,5,1800,0,0,0,0,1,1,0,35,1.53,500,8000,3.8,50,0,8000,6000,6000,0,3404.3,204.3,0,0,0,0,0,0,0,02/21/2021,02/06/2021 16:22:00,14,31,189638,NULL,NULL,NULL,2,3,02/01/2021 21:33:40
235,3050,30,02/01/2021 21:42:41,1,,11/23/1994,1,1,4,4,09/12/2012,0,0,1,0,0,0,0,02/12/2016,2,NULL,01/01/1970,01/01/1970,5000,2,NULL,1,1200,0,0,0,0,1,1,0,32,1.8,500,8000,3.8,50,0,8000,8000,8000,0,3211.7,161.7,0,0,0,0,0,0,0,03/03/2021,02/02/2021 18:59:00,14,31,5640,193433,NULL,NULL,2,3,02/01/2021 21:41:21
236,8000,28,02/01/2021 21:47:52,1,,04/27/1990,1,1,5,4,09/04/2007,0,0,8,0,0,1,2,01/01/1970,4,NULL,01/01/1970,01/01/1970,12000,1,NULL,1,6000,1,0,0,0,1,1,0,2,1.8,500,8000,3.8,50,0,8000,12000,8000,0,16266,8266,0,0,0,0,0,0,0,03/31/2021,03/31/2021 17:10:00,18,38,78987,264787,1,30,2,3,02/01/2021 21:45:39
237,2400,30,02/01/2021 22:41:55,2,,02/26/1991,1,1,4,3,09/10/2013,0,0,3,NULL,2,0,0,03/10/2016,5,NULL,NULL,NULL,14000,2,NULL,1,4000,1,3,0,2000,1,1,0,2,1.8,500,8000,3.8,50,0,8000,2400,2400,0,3697.11,1297.11,0,0,0,0,0,0,0,03/03/2021,03/02/2021 11:32:00,8,38,41249,NULL,NULL,NULL,5,7,02/01/2021 21:48:33
238,1500,11,02/01/2021 21:55:49,1,,03/17/1992,4,1,3,3,10/01/2010,0,0,4,0,0,0,0,01/01/1970,6,NULL,01/01/1970,01/01/1970,6000,1,NULL,4,3000,0,0,0,0,1,1,1,31,1.8,500,5500,3.8,50,0,5500,1500,1500,1820,3101,941,660,0,0,0,22,0,0,02/12/2021,03/06/2021 18:57:00,14,31,227261,NULL,NULL,NULL,2,3,02/01/2021 21:53:38
239,500,3,02/01/2021 22:04:12,2,,08/30/1979,4,2,3,2,08/30/1979,1,0,7,0,0,0,0,01/01/1970,10,NULL,01/01/1970,01/01/1970,10000,2,NULL,2,1500,1,1,0,200,1,1,0,25,1.8,500,5000,3.8,50,0,5000,5000,5000,0,566,66,0,0,0,0,0,0,0,02/04/2021,02/02/2021 01:58:00,10,16,38336,193777,NULL,NULL,2,3,02/01/2021 22:03:17
240,800,30,02/01/2021 22:06:59,2,,12/15/1993,1,1,5,4,12/07/2012,0,0,6,0,0,0,0,01/01/1970,5,NULL,01/01/1970,01/01/1970,3000,2,NULL,1,1500,1,0,0,0,1,1,0,2,1.8,500,8000,3.8,50,0,8000,6000,6000,0,999.8,199.8,0,0,0,0,0,0,0,03/03/2021,02/13/2021 14:25:00,16,28,31658,264401,NULL,NULL,2,3,02/01/2021 22:05:17
241,600,30,02/01/2021 22:23:25,2,,01/03/1999,1,1,4,1,01/03/1999,0,0,6,NULL,0,0,0,NULL,2,NULL,NULL,NULL,8000,2,NULL,1,2500,0,0,0,0,1,1,0,10,1.9,500,8000,3.8,50,0,8000,2500,2500,0,1023.79,412.59,11.2,0,0,0,1,0,0,03/09/2021,03/05/2021 15:49:00,14,39,289684,NULL,1,5,5,7,02/01/2021 22:06:48
242,1400,12,02/01/2021 22:12:15,2,,07/05/1992,1,1,5,3,01/10/2003,0,0,1,0,999,0,0,01/01/1970,4,NULL,01/01/1970,01/01/1970,5000,2,NULL,1,100,0,0,0,0,1,1,1,62,0,0,1400,3.8,250,0,1400,8000,1400,1650,1899,250,249,0,0,0,5,0,0,02/13/2021,02/18/2021 22:23:00,14,31,57574,206496,NULL,NULL,2,3,02/01/2021 22:07:53
243,3000,20,02/01/2021 22:39:36,2,,09/14/1988,2,3,5,3,05/12/2005,0,0,1,NULL,999,0,0,10/30/2017,2,NULL,NULL,NULL,50000,1,NULL,4,2000,1,2,5000,1800,1,1,1,36,1.43,500,8000,3.8,50,0,8000,3500,3500,3865.1,7670,2323.7,2346.3,0,0,0,53,0,0,02/21/2021,04/15/2021 23:59:00,14,39,276565,NULL,NULL,NULL,5,7,02/01/2021 22:11:37
244,8000,30,02/01/2021 22:31:05,1,,03/01/1979,4,3,5,1,05/25/2009,1,0,1,0,999,0,0,08/15/1996,22,NULL,01/01/1970,01/01/1970,7000,1,NULL,1,7000,0,0,0,0,1,1,1,32,1.8,500,8000,3.8,50,0,8000,8000,8000,12320,23455,14175,1280,0,0,0,8,0,0,05/02/2021,05/10/2021 15:08:00,14,31,233748,NULL,2,60,2,3,02/01/2021 22:29:09
245,1500,7,02/01/2021 23:01:48,2,,09/06/1981,3,4,5,4,11/11/2017,0,0,4,0,0,0,0,01/01/1970,7,NULL,01/01/1970,01/01/1970,13000,2,NULL,5,6000,0,3,13000,3000,1,1,0,31,1.8,500,5500,3.8,50,0,5500,1500,1500,0,1600,100,0,0,0,0,0,0,0,02/08/2021,02/02/2021 11:58:00,14,31,266168,NULL,NULL,NULL,2,3,02/01/2021 22:30:25
246,500,17,02/01/2021 22:47:06,1,,04/09/1993,1,1,3,3,04/09/1993,0,0,1,NULL,1,0,0,01/20/2016,3,NULL,NULL,NULL,10000,1,NULL,1,8000,0,7,9000,2000,1,1,1,10,1.9,500,8000,3.8,50,0,8000,2500,2500,702,1262.5,487,275.5,0,0,0,29,0,0,02/18/2021,03/19/2021 01:13:00,14,39,289698,NULL,NULL,NULL,5,7,02/01/2021 22:34:39
247,500,30,02/01/2021 22:39:45,1,,06/20/1990,1,1,3,3,06/01/1991,0,0,1,0,2,0,0,04/01/2016,2,NULL,01/01/1970,01/01/1970,8000,2,NULL,2,2000,0,0,0,0,1,1,0,12,1.33,500,3500,3.8,50,0,3500,700,700,0,578.9,78.9,0,0,0,0,0,0,0,03/03/2021,02/07/2021 20:52:00,18,38,81879,NULL,NULL,NULL,2,3,02/01/2021 22:38:05
248,1950,30,02/01/2021 22:46:20,1,,07/04/1986,1,1,5,2,05/06/2003,0,0,1,0,999,0,0,10/13/2005,13,NULL,01/01/1970,01/01/1970,13000,1,NULL,1,7000,0,2,5000,1000,1,1,0,35,1.53,500,8000,3.8,50,0,8000,12500,8000,0,2358.02,408.02,0,0,0,0,0,0,0,03/03/2021,02/13/2021 21:27:00,18,38,206406,NULL,NULL,NULL,2,3,02/01/2021 22:42:03
249,2500,30,02/01/2021 23:05:27,2,,02/21/1990,1,1,5,3,06/14/2012,0,0,3,0,1,0,0,06/14/2016,8,NULL,01/01/1970,01/01/1970,16000,2,NULL,1,8000,1,4,10000,3000,1,1,1,31,1.8,500,5500,3.8,50,0,5500,2500,2500,3855,3995,1445,50,0,0,0,1,0,0,03/03/2021,03/04/2021 10:29:00,14,31,237229,NULL,NULL,NULL,2,3,02/01/2021 22:45:03
250,7500,25,02/01/2021 22:54:18,1,,09/28/1976,2,2,2,1,03/24/1993,0,0,3,0,999,0,0,01/01/1970,15,NULL,01/01/1970,01/01/1970,8500,999,раз в неделю,1,3500,0,0,0,0,1,1,0,32,1.8,500,8000,3.8,50,0,8000,8000,8000,0,10835,3335,0,0,0,0,0,0,0,02/26/2021,02/25/2021 16:08:00,14,31,51675,254338,NULL,NULL,2,3,02/01/2021 22:50:21
251,800,30,02/01/2021 22:55:06,1,,04/18/1990,1,1,4,1,08/31/2006,0,0,1,0,999,0,0,09/01/2015,5,NULL,01/01/1970,01/01/1970,9000,2,NULL,1,2500,0,0,0,0,1,1,0,32,1.8,500,8000,3.8,50,0,8000,1800,1800,0,875.8,75.8,0,0,0,0,0,0,0,03/03/2021,02/02/2021 19:59:00,14,31,261778,NULL,NULL,NULL,2,3,02/01/2021 22:54:16
252,1000,30,02/01/2021 23:22:55,1,,03/11/2000,1,1,2,1,09/16/2015,0,0,3,NULL,999,0,0,12/10/2016,1,NULL,NULL,NULL,10000,1,NULL,1,4000,1,0,0,0,1,1,1,10,1.9,500,8000,3.8,50,0,8000,1000,1000,1601,1658,639,19,0,0,0,1,0,0,03/03/2021,03/04/2021 19:29:00,14,39,265662,NULL,NULL,NULL,5,7,02/01/2021 22:58:53
253,3000,21,02/01/2021 23:00:35,1,,05/12/1994,1,1,3,3,05/12/1994,0,1,2,0,2,0,0,06/29/2018,2,NULL,01/01/1970,01/01/1970,13000,999,Раз в неделю,999,5000,1,2,3000,500,1,1,0,31,1.8,500,5500,3.8,50,0,5500,3000,3000,0,4061,1061,0,0,0,0,0,0,0,02/22/2021,02/20/2021 21:02:00,14,31,277258,NULL,NULL,NULL,2,3,02/01/2021 22:59:26
254,2500,30,02/01/2021 23:10:15,2,,01/13/1999,1,1,3,3,01/13/1999,0,0,6,0,0,0,0,01/01/1970,1,NULL,01/01/1970,01/01/1970,10000,2,NULL,1,7000,1,0,4000,700,1,1,0,31,1.8,500,5500,3.8,50,0,5500,2500,2500,0,2684,184,0,0,0,0,0,0,0,03/03/2021,02/04/2021 12:37:00,14,31,275352,NULL,NULL,NULL,2,3,02/01/2021 23:09:00
255,3500,30,02/01/2021 23:27:26,1,,08/20/1994,1,1,3,4,08/20/1994,0,0,1,NULL,999,0,0,05/05/2017,1,NULL,NULL,NULL,6000,2,NULL,1,500,0,0,0,0,1,1,0,10,1.9,500,8000,3.8,50,0,8000,3500,3500,0,4298,798,0,0,0,0,0,0,0,03/03/2021,02/12/2021 12:15:00,14,39,210472,NULL,NULL,NULL,5,7,02/01/2021 23:12:49
256,900,8,02/02/2021 17:29:40,1,,06/20/1995,1,1,4,4,11/09/2016,0,0,3,NULL,1,0,0,NULL,1,NULL,NULL,NULL,8000,2,NULL,1,4000,1,0,0,0,1,1,1,61,0,0,900,3.8,120,0,900,3000,900,1020,1076.28,120,56.28,0,0,0,2,0,0,02/10/2021,02/12/2021 17:35:00,14,39,289724,NULL,NULL,NULL,5,7,02/01/2021 23:14:08
257,500,15,02/02/2021 00:52:11,1,,12/30/1994,2,2,3,3,10/02/2010,0,0,1,NULL,999,0,0,07/04/2017,3,NULL,NULL,NULL,7700,2,NULL,1,5500,0,0,0,0,1,1,0,10,1.9,500,8000,3.8,50,0,8000,1000,1000,0,569,69,0,0,0,0,0,0,0,02/16/2021,02/02/2021 08:53:00,14,39,289731,NULL,NULL,NULL,5,7,02/01/2021 23:36:05
258,1000,26,02/02/2021 00:00:14,1,,08/14/1983,1,1,3,3,04/24/2002,1,0,1,NULL,999,0,0,02/20/2018,2,NULL,NULL,NULL,8000,2,NULL,1,2000,0,0,0,0,1,1,0,10,1.9,500,8000,3.8,50,0,8000,1000,1000,0,1316,316,0,0,0,0,0,0,0,02/27/2021,02/15/2021 17:14:00,14,39,289733,NULL,NULL,NULL,5,7,02/01/2021 23:39:43
259,4000,30,02/02/2021 00:04:35,1,,01/10/1979,3,2,6,1,04/15/2016,0,0,8,0,0,1,3,01/01/1970,19,NULL,01/01/1970,01/01/1970,32000,1,NULL,1,15000,1,3,30000,3000,1,1,0,31,1.8,500,5500,3.8,50,0,5500,4000,4000,0,7493,3333,160,0,0,0,2,0,0,03/21/2021,03/19/2021 17:44:00,14,31,237552,NULL,1,16,2,3,02/02/2021 00:02:55
260,1000,12,02/02/2021 00:21:46,1,,10/25/1990,1,1,2,2,04/10/2006,0,0,3,NULL,999,0,0,05/30/2012,7,NULL,NULL,NULL,9100,2,NULL,1,5600,1,1,1200,0,1,1,0,10,1.9,500,8000,3.8,50,0,8000,1000,1000,0,1088,88,0,0,0,0,0,0,0,02/13/2021,02/02/2021 12:03:00,14,39,272646,NULL,NULL,NULL,5,7,02/02/2021 00:11:17
261,1000,30,02/02/2021 05:51:03,1,,01/12/1986,1,2,5,2,01/31/2002,1,0,1,NULL,2,0,0,03/15/2016,13,NULL,NULL,NULL,12000,1,NULL,1,5000,0,0,0,0,1,1,0,36,1.43,500,8000,3.8,50,0,8000,1000,1000,0,1092.9,92.9,0,0,0,0,0,0,0,03/04/2021,02/05/2021 19:22:00,14,39,283391,NULL,NULL,NULL,5,7,02/02/2021 00:21:23
262,1000,7,02/02/2021 00:31:31,2,,07/26/1971,3,1,6,2,07/26/1971,1,0,1,0,999,0,0,04/25/2013,20,NULL,01/01/1970,01/01/1970,17800,2,NULL,1,7900,1,0,0,0,1,1,0,57,0,0,1000,3.8,120,0,1000,4000,1000,0,1120,120,0,0,0,0,0,0,0,02/08/2021,02/02/2021 00:55:00,14,31,283310,NULL,NULL,NULL,2,3,02/02/2021 00:27:55
263,1000,30,02/02/2021 00:34:52,2,,04/19/1989,2,5,2,2,03/22/1994,0,0,7,0,0,0,0,01/01/1970,2,NULL,01/01/1970,01/01/1970,6000,1,NULL,5,6000,0,0,0,0,1,1,0,30,1.8,500,4000,3.8,50,0,4000,1000,1000,0,1155,155,0,0,0,0,0,0,0,03/03/2021,02/07/2021 03:03:00,14,31,273401,NULL,NULL,NULL,2,3,02/02/2021 00:33:40
264,1000,7,02/02/2021 00:58:46,1,,02/24/1974,1,1,5,1,09/08/2006,1,0,1,NULL,999,0,0,09/05/2015,16,NULL,NULL,NULL,9000,1,NULL,1,3000,0,0,0,0,1,1,0,10,1.9,500,8000,3.8,50,0,8000,3000,3000,0,1107,107,0,0,0,0,0,0,0,02/08/2021,02/04/2021 20:06:00,14,39,289753,NULL,NULL,NULL,5,7,02/02/2021 00:35:03
265,1000,5,02/02/2021 01:07:51,1,,11/28/1984,2,2,4,2,05/15/2001,0,0,3,NULL,999,0,0,06/14/2016,11,NULL,NULL,NULL,12000,2,NULL,1,8500,1,5,9000,1500,1,1,1,10,1.9,500,8000,3.8,50,0,8000,1000,1000,1126,1297,221,76,0,0,0,4,0,0,02/07/2021,02/11/2021 12:01:00,18,39,247306,NULL,NULL,NULL,5,7,02/02/2021 00:36:25
266,1000,30,02/02/2021 00:42:29,1,,11/12/1997,2,2,4,2,12/18/1997,1,0,3,0,999,0,0,06/10/2016,3,NULL,01/01/1970,01/01/1970,15000,1,NULL,2,7000,1,0,0,0,1,1,0,30,1.8,500,4000,3.8,50,0,4000,1000,1000,0,1389,389,0,0,0,0,0,0,0,03/03/2021,02/20/2021 19:42:00,14,31,281470,NULL,NULL,NULL,2,3,02/02/2021 00:41:04
267,800,30,02/02/2021 00:53:10,2,,05/25/1998,1,1,5,3,08/11/2016,0,0,1,0,2,0,0,05/14/2015,3,NULL,01/01/1970,01/01/1970,4200,1,NULL,1,1500,0,0,0,0,1,1,0,32,1.8,500,8000,3.8,50,0,8000,3500,3500,0,921.4,121.4,0,0,0,0,0,0,0,03/03/2021,02/07/2021 18:08:00,14,31,246386,NULL,NULL,NULL,2,3,02/02/2021 00:49:45
268,550,30,02/02/2021 00:56:19,1,,09/15/1991,2,2,2,2,09/12/2007,1,0,3,0,999,0,0,06/10/2015,7,NULL,01/01/1970,01/01/1970,15000,2,NULL,999,4000,1,5,40000,4000,1,1,0,32,1.8,500,8000,3.8,50,0,8000,8000,8000,0,619.8,69.8,0,0,0,0,0,0,0,03/03/2021,02/02/2021 14:58:00,14,31,232867,NULL,NULL,NULL,2,3,02/02/2021 00:55:29
269,1000,16,02/02/2021 00:59:02,2,,07/26/1971,3,1,6,2,07/26/1971,1,0,1,0,999,0,0,04/25/2013,20,NULL,01/01/1970,01/01/1970,17800,2,NULL,1,7900,1,0,0,0,1,1,0,30,1.8,500,4000,3.8,50,0,4000,1000,1000,0,1291,291,0,0,0,0,0,0,0,02/17/2021,02/15/2021 17:31:00,14,31,283310,NULL,NULL,NULL,2,3,02/02/2021 00:56:32
270,1000,7,02/02/2021 01:03:17,1,,06/07/1986,1,1,5,2,09/01/2001,1,0,3,0,2,0,0,01/01/2017,13,NULL,01/01/1970,01/01/1970,12000,2,NULL,1,5000,1,1,1200,100,1,1,0,57,0,0,1000,3.8,120,0,1000,4000,1000,0,1113,113,0,0,0,0,0,0,0,02/09/2021,02/04/2021 23:57:00,14,31,281993,NULL,NULL,NULL,2,3,02/02/2021 01:01:59
271,1500,30,02/02/2021 01:22:48,1,,11/15/1999,1,1,4,4,12/21/2017,0,0,6,NULL,0,0,0,NULL,3,NULL,NULL,NULL,6000,2,NULL,4,2000,1,0,0,0,1,1,1,10,1.9,500,8000,3.8,50,0,8000,1500,1500,2326.5,5768,3441.5,826.5,0,0,0,29,0,0,05/17/2021,06/01/2021 20:35:00,14,39,289763,NULL,2,60,5,7,02/02/2021 01:05:20
272,1500,15,02/02/2021 01:37:28,2,,08/16/2000,1,1,4,2,08/16/2000,0,1,1,NULL,999,0,0,03/10/2018,1,NULL,NULL,NULL,9000,999,9000,1,4000,0,0,0,0,1,1,1,10,1.9,500,8000,3.8,50,0,8000,1500,1500,1949,3604.38,1290.94,813.44,0,0,0,30,0,0,02/17/2021,03/19/2021 11:51:00,14,39,289768,NULL,NULL,NULL,5,7,02/02/2021 01:21:03
273,1000,16,02/02/2021 01:43:02,2,,05/19/1998,1,1,4,4,10/01/2018,0,0,1,NULL,4,0,0,10/17/2018,4,NULL,NULL,NULL,8000,2,NULL,1,3000,0,0,0,0,1,1,0,10,1.9,500,8000,3.8,50,0,8000,2000,2000,0,1135,135,0,0,0,0,0,0,0,02/18/2021,02/07/2021 17:30:00,18,39,271035,NULL,NULL,NULL,5,7,02/02/2021 01:29:21
274,2500,17,02/02/2021 02:04:26,1,,05/13/1965,2,1,5,2,04/28/2000,1,1,3,0,2,0,0,05/10/2010,33,NULL,01/01/1970,01/01/1970,16000,2,Щоденно,1,7000,1,8,14000,1500,1,1,0,31,1.8,500,5500,3.8,50,0,5500,2500,2500,0,2640,140,0,0,0,0,0,0,0,02/19/2021,02/03/2021 11:29:00,14,31,271061,NULL,NULL,NULL,2,3,02/02/2021 02:02:57
275,5000,30,02/02/2021 02:32:57,1,,12/06/1984,2,2,5,1,07/02/2004,0,0,3,0,999,0,0,01/01/1970,11,NULL,01/01/1970,01/01/1970,15000,2,NULL,1,8000,1,2,0,2000,1,1,0,2,1.8,500,8000,3.8,50,0,8000,12000,8000,0,5720,720,0,0,0,0,0,0,0,03/04/2021,02/09/2021 17:32:00,18,38,197181,NULL,NULL,NULL,2,3,02/02/2021 02:22:13
276,1500,30,02/02/2021 02:27:06,2,,08/04/1992,2,2,5,1,08/04/1992,0,0,7,0,0,0,0,01/01/1970,6,NULL,01/01/1970,01/01/1970,6500,999,Каждую неделю,999,4000,0,3,5000,1500,1,1,1,31,1.8,500,5500,3.8,50,0,5500,1500,1500,2283,3791,1961,330,0,0,0,11,0,0,04/05/2021,04/14/2021 20:44:00,14,31,287157,NULL,1,30,2,3,02/02/2021 02:25:12
277,1000,30,02/02/2021 03:07:24,1,,01/27/1962,3,1,5,4,09/09/2013,0,0,1,NULL,1,0,0,09/09/2013,40,NULL,NULL,NULL,30000,2,NULL,999,5000,0,0,0,0,1,1,0,10,1.9,500,8000,3.8,50,0,8000,1000,1000,0,1145,145,0,0,0,0,0,0,0,03/04/2021,02/07/2021 13:35:00,14,39,289793,NULL,NULL,NULL,5,7,02/02/2021 02:40:17
278,500,30,02/02/2021 03:36:30,1,,10/04/1991,1,1,5,1,10/04/1991,1,1,2,NULL,999,0,0,01/01/2015,5,NULL,NULL,NULL,10000,1,NULL,2,4000,0,0,0,0,1,1,0,10,1.9,500,8000,3.8,50,0,8000,4000,4000,0,711.5,211.5,0,0,0,0,0,0,0,03/04/2021,02/19/2021 12:22:00,14,39,289799,NULL,NULL,NULL,5,7,02/02/2021 03:17:35
279,800,10,02/02/2021 03:32:07,1,,08/10/1996,2,2,3,3,08/10/1996,0,0,2,NULL,999,0,0,04/15/2016,3,NULL,NULL,NULL,12000,1,NULL,1,5000,0,0,0,0,1,1,0,10,1.9,500,8000,3.8,50,0,8000,1500,1500,0,926,126,0,0,0,0,0,0,0,02/12/2021,02/07/2021 20:42:00,14,39,150840,NULL,NULL,NULL,5,7,02/02/2021 03:18:08
280,3500,26,02/02/2021 03:33:05,1,,07/01/1992,1,1,4,3,11/05/2004,0,1,1,0,999,0,0,04/06/2017,2,NULL,01/01/1970,01/01/1970,12000,2,NULL,1,3500,0,0,0,0,1,1,1,31,1.8,500,5500,3.8,50,0,5500,3500,3500,5138,7583,2835,1248,0,0,0,18,0,0,02/28/2021,03/18/2021 11:47:00,14,31,274230,NULL,NULL,NULL,2,3,02/02/2021 03:31:12
281,1000,15,02/02/2021 04:02:21,1,,04/15/1994,1,1,5,3,07/24/1999,0,0,1,NULL,999,0,0,10/12/2012,6,NULL,NULL,NULL,8000,1,NULL,1,5000,0,0,0,0,1,1,0,10,1.9,500,8000,3.8,50,0,8000,3500,3500,0,1164,164,0,0,0,0,0,0,0,02/17/2021,02/08/2021 15:21:00,14,39,289804,NULL,NULL,NULL,5,7,02/02/2021 03:33:34
282,1000,30,02/02/2021 03:46:58,1,,06/26/1999,1,1,3,3,10/09/2002,0,0,1,0,2,0,0,02/28/2018,2,NULL,01/01/1970,01/01/1970,8000,2,NULL,1,4000,0,0,0,0,1,1,0,30,1.8,500,4000,3.8,50,0,4000,1000,1000,0,1558,558,0,0,0,0,0,0,0,03/04/2021,03/04/2021 18:42:00,14,31,286329,NULL,NULL,NULL,2,3,02/02/2021 03:45:06
283,1500,30,02/02/2021 03:52:22,1,,07/30/1995,1,1,5,3,10/05/2017,0,1,3,0,999,0,0,11/20/2017,2,NULL,01/01/1970,01/01/1970,20000,2,NULL,1,5000,0,2,1000,700,1,1,0,31,1.8,500,5500,3.8,50,0,5500,1500,1500,0,3122,1292,330,0,0,0,11,0,0,04/14/2021,03/20/2021 14:34:00,14,31,221264,NULL,1,30,2,3,02/02/2021 03:49:15
284,1000,27,02/02/2021 04:12:00,2,,08/31/1996,3,2,3,3,09/15/1996,0,0,1,0,999,0,0,04/15/2018,1,NULL,01/01/1970,01/01/1970,7500,2,NULL,1,4000,1,1,1000,500,1,1,1,30,1.8,500,4000,3.8,50,0,4000,1000,1000,1518,1650,590,60,0,0,0,3,0,0,03/01/2021,03/04/2021 21:06:00,14,31,241361,NULL,NULL,NULL,2,3,02/02/2021 03:56:08
285,5000,18,02/02/2021 04:32:18,2,,01/16/1983,2,3,5,2,10/15/2005,0,0,1,0,0,0,0,01/13/2012,10,NULL,01/01/1970,01/01/1970,160000,2,NULL,1,7600,0,0,0,0,1,1,0,32,1.8,500,8000,3.8,50,0,8000,5000,5000,0,5270,270,0,0,0,0,0,0,0,02/20/2021,02/02/2021 06:10:00,14,31,223021,NULL,NULL,NULL,2,3,02/02/2021 04:10:24
286,650,26,02/02/2021 04:25:05,1,,06/04/1989,1,1,4,3,12/01/1994,0,0,1,NULL,999,0,0,05/05/2015,6,NULL,NULL,NULL,12000,2,NULL,1,3500,0,2,1200,200,1,1,0,10,1.9,500,8000,3.8,50,0,8000,3500,3500,0,1156.95,506.95,0,0,0,0,0,0,0,03/20/2021,03/11/2021 13:00:00,14,39,280529,NULL,1,20,5,7,02/02/2021 04:12:43
287,3500,30,02/02/2021 04:54:03,1,,01/04/1991,1,1,5,3,03/30/2007,0,0,1,0,999,0,0,10/05/2012,6,NULL,01/01/1970,01/01/1970,17000,2,NULL,1,10000,1,5,10000,5000,1,1,0,31,1.8,500,5500,3.8,50,0,5500,3500,3500,0,4193,693,0,0,0,0,0,0,0,03/04/2021,02/12/2021 02:13:00,14,31,216831,NULL,NULL,NULL,2,3,02/02/2021 04:51:28
288,800,3,02/02/2021 05:48:03,1,,11/17/1992,1,1,3,3,11/25/1992,0,0,1,NULL,999,0,0,12/02/2016,3,NULL,NULL,NULL,12000,1,NULL,1,12000,0,0,0,0,1,1,0,10,1.9,500,8000,3.8,50,0,8000,1000,1000,0,880.4,80.4,0,0,0,0,0,0,0,02/05/2021,02/02/2021 18:00:00,18,39,220973,NULL,NULL,NULL,5,7,02/02/2021 05:15:36
289,1000,30,02/02/2021 05:23:12,1,,06/21/1998,1,1,4,4,08/29/2017,0,0,3,0,999,0,0,03/01/2018,1,NULL,01/01/1970,01/01/1970,8000,1,NULL,1,4500,0,1,1500,250,1,1,0,30,1.8,500,4000,3.8,50,0,4000,2500,2500,0,1086,86,0,0,0,0,0,0,0,03/04/2021,02/03/2021 20:54:00,14,31,277280,NULL,NULL,NULL,2,3,02/02/2021 05:20:54
290,2500,21,02/02/2021 06:29:46,1,,09/19/1986,1,1,4,3,01/12/2012,0,0,3,NULL,999,0,0,12/11/2015,8,NULL,NULL,NULL,12000,2,NULL,1,3000,1,0,4000,1500,1,1,1,10,1.9,500,8000,3.8,50,0,8000,2500,2500,3500,5578.5,2063,1015.5,0,0,0,27,0,0,02/23/2021,03/22/2021 16:57:00,14,39,281286,NULL,NULL,NULL,5,7,02/02/2021 06:16:15
291,700,4,02/02/2021 06:25:04,1,,01/06/1997,1,1,2,3,11/10/2001,0,0,3,0,2,0,0,04/03/2017,0,NULL,01/01/1970,01/01/1970,7000,2,NULL,1,4000,1,0,0,0,1,1,0,60,0,0,700,3.8,30,0,700,8000,700,0,730,30,0,0,0,0,0,0,0,02/06/2021,02/02/2021 14:36:00,14,31,243979,NULL,NULL,NULL,2,3,02/02/2021 06:23:52
292,2500,25,02/02/2021 06:59:33,1,,12/13/1991,1,1,3,1,03/28/2013,0,0,1,0,2,0,0,03/25/2018,8,NULL,01/01/1970,01/01/1970,6000,2,NULL,1,3500,1,1,2000,1000,1,1,0,31,1.8,500,5500,3.8,50,0,5500,2500,2500,0,3135,635,0,0,0,0,0,0,0,02/27/2021,02/15/2021 18:51:00,14,31,257360,NULL,NULL,NULL,2,3,02/02/2021 06:54:29
293,500,7,02/02/2021 07:10:34,1,,11/29/1992,1,1,3,3,09/22/1994,0,0,1,0,1,0,0,11/05/2011,6,NULL,01/01/1970,01/01/1970,5300,2,NULL,1,2000,1,3,1500,2000,1,1,0,31,1.8,500,5500,3.8,50,0,5500,3000,3000,0,586,86,0,0,0,0,0,0,0,02/09/2021,02/06/2021 17:52:00,14,31,118679,NULL,NULL,NULL,2,3,02/02/2021 07:07:50
294,700,25,02/02/2021 07:18:34,1,,12/12/1983,1,1,5,2,05/05/2004,0,0,1,0,999,0,0,05/15/2004,14,NULL,01/01/1970,01/01/1970,11500,1,NULL,1,4000,0,1,2000,500,1,1,1,2,1.8,500,8000,3.8,50,0,8000,700,700,1052.4,2117,869,548,0,0,0,40,0,0,02/27/2021,04/08/2021 14:36:00,18,38,227930,NULL,NULL,NULL,2,3,02/02/2021 07:15:11
295,3500,30,02/02/2021 07:43:51,2,,04/28/1974,4,3,5,1,12/17/1996,0,0,1,0,0,0,0,12/01/1993,25,NULL,01/01/1970,01/01/1970,17500,2,3 раза в месяц,1,4000,1,0,0,0,1,1,0,31,1.8,500,5500,3.8,50,0,5500,3500,3500,0,4374,874,0,0,0,0,0,0,0,03/04/2021,02/15/2021 16:47:00,14,31,271718,NULL,NULL,NULL,2,3,02/02/2021 07:40:16
296,3500,30,02/02/2021 08:19:34,2,,09/08/1997,1,1,4,3,09/08/1997,0,0,3,NULL,999,0,0,11/12/2016,3,NULL,NULL,NULL,9500,1,NULL,1,2000,0,0,0,0,1,1,0,10,1.9,500,8000,3.8,50,0,8000,3500,3500,0,3899,399,0,0,0,0,0,0,0,03/04/2021,02/07/2021 18:39:00,14,39,289834,NULL,NULL,NULL,5,7,02/02/2021 08:04:53
297,1500,30,02/02/2021 09:05:00,1,,03/31/1977,2,1,3,3,11/04/1995,0,0,3,NULL,0,0,0,07/07/2007,25,NULL,NULL,NULL,12000,2,NULL,1,3000,0,3,5000,2000,1,1,1,10,1.9,500,8000,3.8,50,0,8000,1500,1500,2376.5,2690,1047.5,142.5,0,0,0,5,0,0,03/04/2021,03/09/2021 19:57:00,14,39,284897,NULL,NULL,NULL,5,7,02/02/2021 08:16:58
298,1500,11,02/02/2021 08:24:45,2,,06/29/1983,4,3,2,1,06/20/2006,0,0,1,0,999,0,0,10/20/2013,7,NULL,01/01/1970,01/01/1970,10200,999,3 раза в месяц,1,2300,0,1,0,25,1,1,0,31,1.8,500,5500,3.8,50,0,5500,1500,1500,0,1604,104,0,0,0,0,0,0,0,02/13/2021,02/04/2021 23:02:00,14,31,285637,NULL,NULL,NULL,2,3,02/02/2021 08:22:19
299,1550,8,02/02/2021 08:42:23,2,,01/17/1998,2,2,3,1,01/17/2016,0,0,1,0,999,0,0,10/29/2018,3,NULL,01/01/1970,01/01/1970,6000,999,Раз в неделю,5,2000,0,1,0,200,1,1,0,32,1.8,500,8000,3.8,50,0,8000,2000,2000,0,1652.8,102.8,0,0,0,0,0,0,0,02/10/2021,02/04/2021 17:02:00,14,31,255425,NULL,NULL,NULL,2,3,02/02/2021 08:41:14
300,2000,10,02/02/2021 08:51:07,1,,10/20/1991,1,1,1,2,06/04/2005,0,0,1,0,999,0,0,04/04/2016,1,NULL,01/01/1970,01/01/1970,9000,2,NULL,1,2500,0,2,8000,1000,1,1,0,2,1.8,500,8000,3.8,50,0,8000,8000,8000,0,2224,224,0,0,0,0,0,0,0,02/12/2021,02/07/2021 11:00:00,14,31,215612,NULL,NULL,NULL,2,3,02/02/2021 08:47:19
301,1350,14,02/02/2021 09:21:03,1,,08/08/1987,4,3,5,1,12/04/2003,0,0,1,0,2,0,0,10/08/2009,12,NULL,01/01/1970,01/01/1970,16000,2,NULL,1,6800,1,2,7000,1200,1,1,0,32,1.8,500,8000,3.8,50,0,8000,4000,4000,0,1506.5,156.5,0,0,0,0,0,0,0,02/16/2021,02/07/2021 23:55:00,14,31,208913,NULL,NULL,NULL,2,3,02/02/2021 09:14:46
302,1000,5,02/02/2021 09:50:03,1,,05/28/1979,2,2,5,3,10/17/2018,0,0,1,0,999,0,0,03/15/1999,19,NULL,01/01/1970,01/01/1970,7500,2,NULL,1,3500,0,5,10000,2000,1,1,1,58,0,0,1000,3.8,85,0,1000,4000,1000,1085,1349.4,85,264.4,0,0,0,7,0,0,02/07/2021,02/14/2021 17:46:00,14,31,277783,NULL,NULL,NULL,2,3,02/02/2021 09:40:04
303,1000,21,02/02/2021 09:46:12,1,,12/16/1982,2,2,5,3,10/20/2002,0,0,1,4,2,0,0,08/05/2016,15,1,02/06/2010,11/22/2015,14000,2,NULL,1,7000,0,0,0,0,1,1,0,36,1.43,500,8000,3.8,50,0,8000,1000,1000,0,1078.6,78.6,0,0,0,0,0,0,0,02/23/2021,02/04/2021 13:46:00,18,38,141819,220211,NULL,NULL,2,3,02/02/2021 09:43:45
304,1800,29,02/02/2021 10:11:49,1,,06/15/1990,2,3,3,2,03/17/1993,0,0,3,0,999,0,0,03/02/2008,10,NULL,01/01/1970,01/01/1970,10000,2,NULL,1,5000,1,7,3000,4000,1,1,1,32,1.8,500,8000,3.8,50,0,8000,1800,1800,2757.2,3063.2,1119.2,144,0,0,0,4,0,0,03/03/2021,03/07/2021 15:03:00,14,31,240071,NULL,NULL,NULL,2,3,02/02/2021 10:09:33
305,3700,30,02/02/2021 10:11:27,1,,09/18/1985,1,1,5,1,02/01/2013,0,0,1,0,1,0,0,01/01/1970,10,NULL,01/01/1970,01/01/1970,40000,1,NULL,1,15000,0,2,0,13000,1,1,0,35,1.53,500,8000,3.8,50,0,8000,5000,5000,0,3865.83,165.83,0,0,0,0,0,0,0,03/04/2021,02/05/2021 00:56:00,14,31,223621,NULL,NULL,NULL,2,3,02/02/2021 10:09:54
306,500,30,02/02/2021 10:12:42,1,,07/20/1995,1,1,4,1,04/28/1998,1,0,1,NULL,999,0,0,09/01/2014,4,NULL,NULL,NULL,15000,1,NULL,1,2000,1,2,2000,600,1,1,0,36,1.43,500,8000,3.8,50,0,8000,12000,8000,0,707.3,207.3,0,0,0,0,0,0,0,03/04/2021,02/24/2021 16:29:00,18,38,185113,NULL,NULL,NULL,5,7,02/02/2021 10:10:11
307,900,8,02/02/2021 10:25:16,1,,10/30/1986,1,1,5,3,01/20/1998,0,0,1,0,2,0,0,11/04/2015,3,NULL,01/01/1970,01/01/1970,6000,2,NULL,1,1000,0,0,0,0,1,1,0,61,0,0,900,3.8,120,0,900,8000,900,0,1014,114,0,0,0,0,0,0,0,02/10/2021,02/09/2021 21:17:00,14,31,54060,270593,NULL,NULL,2,3,02/02/2021 10:24:01
308,5000,22,02/02/2021 10:34:00,1,,10/30/1995,1,1,5,4,12/05/2017,0,0,1,0,1,0,0,11/05/2017,1,NULL,01/01/1970,01/01/1970,10000,1,NULL,1,12000,0,0,0,0,1,1,0,32,1.8,500,8000,3.8,50,0,8000,8000,8000,0,5441,441,0,0,0,0,0,0,0,02/24/2021,02/06/2021 17:42:00,14,31,209137,NULL,NULL,NULL,2,3,02/02/2021 10:33:02
309,1000,15,02/02/2021 10:36:13,1,,12/30/1994,2,2,3,3,10/02/2010,0,0,1,0,999,0,0,07/04/2017,3,NULL,01/01/1970,01/01/1970,7700,2,NULL,1,5500,0,0,0,0,1,1,1,30,1.8,500,4000,3.8,50,0,4000,1000,1000,1302,1432,374,58,0,0,0,3,0,0,02/17/2021,02/20/2021 19:13:00,14,31,289731,NULL,NULL,NULL,2,3,02/02/2021 10:33:47
310,2500,28,02/02/2021 10:43:59,1,,09/29/1986,3,1,5,4,02/01/2015,0,0,1,0,999,0,0,11/07/2015,15,NULL,01/01/1970,01/01/1970,10000,1,NULL,1,4000,0,0,0,0,1,1,1,31,1.8,500,5500,3.8,50,0,5500,2500,2500,3765,4102.22,1448.42,153.8,0,0,0,5,0,0,03/02/2021,03/07/2021 18:35:00,14,31,251704,NULL,NULL,NULL,2,3,02/02/2021 10:41:20
311,1000,30,02/02/2021 10:54:01,2,,06/16/1996,1,1,4,2,05/30/2015,0,0,1,NULL,1,0,0,01/10/2017,1,NULL,NULL,NULL,9000,2,NULL,1,7000,0,2,3000,1500,1,1,0,10,1.9,500,8000,3.8,50,0,8000,3500,3500,0,1297,297,0,0,0,0,0,0,0,03/04/2021,02/15/2021 23:29:00,14,39,289867,NULL,NULL,NULL,5,7,02/02/2021 10:42:11
312,1000,28,02/02/2021 10:44:37,2,,11/11/1983,2,2,5,1,05/12/2014,1,0,3,0,999,0,0,02/02/2014,4,NULL,01/01/1970,01/01/1970,9000,2,NULL,1,4000,1,1,0,1000,1,1,0,30,1.8,500,4000,3.8,50,0,4000,1000,1000,0,1483,483,0,0,0,0,0,0,0,03/02/2021,02/27/2021 08:16:00,14,31,235892,NULL,NULL,NULL,2,3,02/02/2021 10:42:26
313,500,30,02/02/2021 10:52:49,1,,08/31/1994,2,2,3,3,08/20/2013,0,0,1,NULL,999,0,0,05/05/2013,6,NULL,NULL,NULL,9600,1,NULL,1,3000,1,3,4200,1500,1,1,1,30,1.8,500,4000,3.8,50,0,4000,3000,3000,811,957,367,90,0,0,0,12,0,0,03/04/2021,03/16/2021 15:52:00,14,31,189778,NULL,NULL,NULL,5,7,02/02/2021 10:43:44
314,2400,5,02/02/2021 11:06:10,1,,06/26/1975,2,2,3,1,07/11/1995,1,0,1,NULL,999,0,0,11/01/2015,25,NULL,NULL,NULL,6000,2,NULL,1,1000,0,0,0,0,1,1,0,22,1.8,500,8000,3.8,50,0,8000,12600,8000,0,2493.4,93.4,0,0,0,0,0,0,0,02/07/2021,02/04/2021 15:59:00,12,38,66505,NULL,NULL,NULL,5,7,02/02/2021 10:43:51
315,900,20,02/02/2021 10:51:07,1,,02/04/1994,1,1,3,3,03/03/2005,0,0,2,0,999,0,0,09/16/2015,6,NULL,01/01/1970,01/01/1970,10000,1,NULL,1,4000,0,0,0,0,1,1,0,2,1.8,500,8000,3.8,50,0,8000,900,900,0,1257.8,357.8,0,0,0,0,0,0,0,02/22/2021,02/22/2021 20:32:00,18,38,117688,202525,NULL,NULL,2,3,02/02/2021 10:47:31
316,1550,30,02/02/2021 10:50:40,2,,07/21/1982,2,4,5,3,09/01/2012,0,0,3,0,999,0,0,03/03/2013,5,NULL,01/01/1970,01/01/1970,14000,2,NULL,1,4000,0,0,0,0,1,1,0,35,1.53,500,8000,3.8,50,0,8000,3100,3100,0,1791.19,241.19,0,0,0,0,0,0,0,04/03/2021,03/07/2021 20:56:00,14,31,180855,261290,1,30,2,3,02/02/2021 10:48:02
317,1000,5,02/02/2021 11:28:10,1,,03/11/1993,3,2,3,3,05/07/2005,0,0,1,0,999,0,0,07/11/2011,8,NULL,01/01/1970,01/01/1970,7500,2,NULL,1,4500,0,1,3000,400,1,1,1,30,1.8,500,4000,3.8,50,0,4000,1000,1000,1122,1327,230,97,0,0,0,5,0,0,02/07/2021,02/12/2021 11:05:00,14,31,264332,NULL,NULL,NULL,2,3,02/02/2021 10:55:12
318,4500,30,02/02/2021 11:02:06,1,,08/11/1991,1,1,3,1,08/11/1991,0,0,1,0,999,0,0,02/07/2017,8,NULL,01/01/1970,01/01/1970,12000,1,NULL,1,1500,0,0,0,0,1,1,1,32,1.8,500,8000,3.8,50,0,8000,4500,4500,6930,10937,4374,2063,0,0,0,23,0,0,03/04/2021,03/27/2021 15:27:00,14,31,57260,NULL,NULL,NULL,2,3,02/02/2021 11:01:17
319,3500,11,02/02/2021 11:13:50,1,,04/19/1986,1,1,5,3,07/30/1986,0,0,1,0,999,0,0,07/01/2008,10,NULL,01/01/1970,01/01/1970,10000,1,NULL,1,6000,0,0,0,0,1,1,0,2,1.8,500,8000,3.8,50,0,8000,8400,8000,0,3806,306,0,0,0,0,0,0,0,02/13/2021,02/06/2021 09:53:00,18,38,194766,NULL,NULL,NULL,2,3,02/02/2021 11:11:00
320,1500,29,02/02/2021 11:49:21,2,,12/26/1987,2,2,3,2,03/16/2005,0,0,3,NULL,0,0,0,NULL,1,NULL,NULL,NULL,10000,2,NULL,1,2000,1,6,13000,1500,1,1,1,36,1.43,500,8000,3.8,50,0,8000,1500,1500,2150.6,5592.05,1959.05,2133,0,0,0,60,0,0,03/03/2021,05/02/2021 16:59:00,14,39,261026,NULL,NULL,NULL,5,7,02/02/2021 11:19:18
321,1000,30,02/02/2021 11:24:24,2,,01/21/2000,1,1,3,3,05/01/2014,0,0,3,0,0,0,0,08/01/2017,2,NULL,01/01/1970,01/01/1970,7000,2,NULL,4,2500,0,3,5000,1000,1,1,0,30,1.8,500,4000,3.8,50,0,4000,1000,1000,0,1536,536,0,0,0,0,0,0,0,03/04/2021,03/01/2021 11:45:00,14,31,269215,NULL,NULL,NULL,2,3,02/02/2021 11:20:13
322,1500,10,02/02/2021 18:58:44,2,,05/20/1999,1,1,3,3,05/03/2004,0,0,1,NULL,999,0,0,12/03/2017,2,NULL,NULL,NULL,6000,2,NULL,1,4000,1,1,0,300,1,1,0,59,0,0,1500,3.8,220,0,1500,3000,1500,0,1720,220,0,0,0,0,0,0,0,02/12/2021,02/04/2021 13:05:00,14,39,289882,NULL,NULL,NULL,5,7,02/02/2021 11:35:05
323,400,18,02/02/2021 11:38:56,1,,03/24/1988,1,1,3,4,12/01/2016,1,0,1,0,999,0,0,08/01/2016,6,NULL,01/01/1970,01/01/1970,9000,1,NULL,1,5000,0,0,0,0,1,1,0,2,1.8,500,8000,3.8,50,0,8000,400,400,0,545.71,145.71,0,0,0,0,0,0,0,02/20/2021,02/16/2021 05:16:00,18,38,137445,220843,NULL,NULL,2,3,02/02/2021 11:35:59
324,1000,15,02/02/2021 11:46:23,1,,09/25/1980,1,2,5,3,12/06/2014,0,0,1,NULL,2,0,0,06/01/2017,10,NULL,NULL,NULL,30000,1,NULL,1,7500,1,2,11000,11000,1,1,1,10,1.9,500,8000,3.8,50,0,8000,1000,1000,1316,3919,1627,1292,0,0,0,68,0,0,02/17/2021,04/26/2021 16:39:00,14,39,289880,NULL,NULL,NULL,5,7,02/02/2021 11:36:27
325,5000,8,02/02/2021 11:40:29,2,,11/25/1973,3,1,5,1,02/19/1998,0,0,1,0,999,0,0,06/04/2012,26,NULL,01/01/1970,01/01/1970,11500,2,NULL,1,3500,1,0,0,0,1,1,0,25,1.8,500,5000,3.8,50,0,5000,5000,5000,0,5421,421,0,0,0,0,0,0,0,02/10/2021,02/06/2021 21:30:00,10,16,51355,195388,NULL,NULL,2,3,02/02/2021 11:37:12
326,500,30,02/02/2021 11:42:48,2,,02/08/1996,1,2,2,3,06/01/2018,0,0,7,0,0,0,0,01/01/1970,0,NULL,01/01/1970,01/01/1970,18000,1,NULL,999,8000,0,0,0,0,1,1,0,2,1.8,500,8000,3.8,50,0,8000,500,500,0,631,131,0,0,0,0,0,0,0,03/04/2021,02/11/2021 20:36:00,18,38,249157,NULL,NULL,NULL,2,3,02/02/2021 11:39:26
327,1500,30,02/02/2021 11:49:36,2,,06/18/1990,2,3,5,1,12/22/2016,0,0,3,0,0,0,0,01/01/1970,5,NULL,01/01/1970,01/01/1970,5000,2,NULL,999,5000,1,0,0,0,1,1,0,35,1.53,500,8000,3.8,50,0,8000,3000,3000,0,2008,508,0,0,0,0,0,0,0,03/04/2021,02/22/2021 13:49:00,14,31,263703,NULL,NULL,NULL,2,3,02/02/2021 11:47:05
328,2000,27,02/02/2021 12:08:01,1,,07/06/1995,1,1,3,1,05/09/2000,0,0,1,0,999,0,0,06/04/2014,4,NULL,01/01/1970,01/01/1970,11000,2,NULL,1,12000,0,0,0,0,1,1,0,35,1.53,500,8000,3.8,50,0,8000,2000,2000,0,2168.4,168.4,0,0,0,0,0,0,0,03/01/2021,02/06/2021 12:15:00,14,31,218548,NULL,NULL,NULL,2,3,02/02/2021 12:06:18
329,1000,15,02/02/2021 12:10:07,1,,10/25/1990,1,1,2,2,04/10/2006,0,0,3,0,999,0,0,05/30/2012,7,NULL,01/01/1970,01/01/1970,9100,2,NULL,1,5600,1,1,1200,0,1,1,0,30,1.8,500,4000,3.8,50,0,4000,1000,1000,0,1086,86,0,0,0,0,0,0,0,02/17/2021,02/02/2021 20:51:00,14,31,272646,NULL,NULL,NULL,2,3,02/02/2021 12:08:34
330,2000,14,02/02/2021 12:25:08,1,,10/16/1998,1,1,4,2,09/10/2015,0,0,6,NULL,0,0,0,12/28/2017,4,NULL,NULL,NULL,12500,2,NULL,1,3500,1,4,600,3500,1,1,1,64,0,0,2000,3.8,450,0,2000,3000,2000,2450,3808,450,1358,0,0,0,18,0,0,02/16/2021,03/06/2021 09:31:00,14,39,254596,NULL,NULL,NULL,5,7,02/02/2021 12:10:03
331,1000,30,02/02/2021 12:25:02,1,,08/16/2000,1,1,2,2,02/09/2016,1,0,3,NULL,999,0,0,09/02/2017,2,NULL,NULL,NULL,12000,2,NULL,1,4000,1,0,0,0,1,1,1,10,1.9,500,8000,3.8,50,0,8000,3000,3000,1591,1648,629,19,0,0,0,1,0,0,03/04/2021,03/05/2021 21:30:00,14,39,288910,NULL,NULL,NULL,5,7,02/02/2021 12:12:44
332,1500,10,02/02/2021 12:16:45,1,,11/17/1979,3,1,4,2,07/22/1988,0,0,4,0,0,0,0,01/01/1970,18,NULL,01/01/1970,01/01/1970,12000,1,NULL,1,4000,0,0,0,0,1,1,0,59,0,0,1500,3.8,220,0,1500,4000,1500,0,1666,166,0,0,0,0,0,0,0,02/12/2021,02/12/2021 22:53:00,14,31,268444,NULL,NULL,NULL,2,3,02/02/2021 12:15:18
333,1000,30,02/02/2021 12:25:03,1,,11/19/1983,2,2,3,1,02/23/2006,1,1,1,NULL,999,0,0,10/01/2013,5,NULL,NULL,NULL,10000,2,NULL,1,4500,1,0,0,0,1,1,0,30,1.8,500,4000,3.8,50,0,4000,4000,4000,0,1320,320,0,0,0,0,0,0,0,03/04/2021,02/17/2021 17:17:00,18,38,89573,NULL,NULL,NULL,5,7,02/02/2021 12:16:20
334,2000,30,02/02/2021 12:27:36,1,,07/05/1997,1,1,5,3,07/05/1997,0,0,1,0,1,0,0,09/25/2018,1,NULL,01/01/1970,01/01/1970,8500,1,NULL,1,5000,0,0,0,0,1,1,1,35,1.53,500,8000,3.8,50,0,8000,2000,2000,2937.4,3652,1243.4,408.6,0,0,0,9,0,0,03/04/2021,03/13/2021 16:12:00,14,31,275869,NULL,NULL,NULL,2,3,02/02/2021 12:22:02
335,1800,14,02/02/2021 12:33:59,1,,09/29/1983,2,3,3,1,02/10/2013,0,1,1,0,0,0,0,01/26/2013,6,NULL,01/01/1970,01/01/1970,10000,2,NULL,1,2500,0,0,0,0,1,1,0,32,1.8,500,8000,3.8,50,0,8000,1800,1800,0,1898.8,98.8,0,0,0,0,0,0,0,02/16/2021,02/04/2021 20:32:00,14,31,228453,NULL,NULL,NULL,2,3,02/02/2021 12:27:11
336,1350,30,02/02/2021 12:32:04,1,,09/06/1994,1,1,4,4,11/26/2014,0,0,4,0,0,0,0,01/01/1970,2,NULL,01/01/1970,01/01/1970,6000,2,NULL,1,2000,0,0,0,0,1,1,0,35,1.53,500,8000,3.8,50,0,8000,2500,2500,0,1541.58,191.58,0,0,0,0,0,0,0,03/04/2021,02/09/2021 10:44:00,14,31,276362,NULL,NULL,NULL,2,3,02/02/2021 12:29:35
337,3000,30,02/02/2021 12:34:46,2,,05/09/1995,1,1,4,3,05/09/1995,0,0,1,0,2,0,0,01/01/1970,4,NULL,01/01/1970,01/01/1970,12500,2,NULL,1,4500,0,2,4000,600,1,1,0,31,1.8,500,5500,3.8,50,0,5500,3000,3000,0,4567,1567,0,0,0,0,0,0,0,03/04/2021,03/04/2021 17:24:00,14,31,268504,NULL,NULL,NULL,2,3,02/02/2021 12:33:49
338,2000,30,02/02/2021 13:09:00,1,,04/13/1997,1,1,5,3,11/27/2015,0,0,3,NULL,999,0,0,05/15/2016,3,NULL,NULL,NULL,8000,1,NULL,1,3000,0,2,3400,1000,1,1,0,10,1.9,500,8000,3.8,50,0,8000,2500,2500,0,2430,430,0,0,0,0,0,0,0,03/04/2021,02/12/2021 18:01:00,14,39,262744,NULL,NULL,NULL,5,7,02/02/2021 12:56:33
339,2500,30,02/02/2021 13:34:16,2,,02/05/1986,4,3,3,3,10/30/2017,0,0,4,NULL,0,0,0,NULL,7,NULL,NULL,NULL,5500,1,NULL,5,1500,1,4,3000,200,1,1,0,36,1.43,500,8000,3.8,50,0,8000,2500,2500,0,2728.75,228.75,0,0,0,0,0,0,0,03/04/2021,02/07/2021 21:17:00,14,39,231840,NULL,NULL,NULL,5,7,02/02/2021 12:58:53
340,1000,17,02/02/2021 13:03:56,1,,06/07/1998,4,1,2,3,08/18/2002,0,0,1,0,0,0,0,06/11/2018,2,NULL,01/01/1970,01/01/1970,12000,1,NULL,1,3000,1,2,0,3000,1,1,0,30,1.8,500,4000,3.8,50,0,4000,1000,1000,0,1258,258,0,0,0,0,0,0,0,02/19/2021,02/14/2021 16:34:00,14,31,281987,NULL,NULL,NULL,2,3,02/02/2021 13:00:47
341,2500,16,02/02/2021 14:03:26,2,,12/01/1967,3,2,5,1,01/24/1996,1,1,3,NULL,1,0,0,09/01/2002,22,NULL,NULL,NULL,12000,2,NULL,2,7500,0,0,0,0,1,1,0,10,1.9,500,8000,3.8,50,0,8000,2500,2500,0,3167.5,667.5,0,0,0,0,0,0,0,02/18/2021,02/15/2021 16:37:00,14,39,289922,NULL,NULL,NULL,5,7,02/02/2021 13:09:30
342,3000,20,02/02/2021 14:04:26,2,,11/25/1976,2,2,4,2,07/01/2016,0,0,1,0,1,0,0,08/10/2017,14,NULL,01/01/1970,01/01/1970,25000,2,NULL,999,5000,0,10,50000,5000,1,1,0,35,1.53,500,8000,3.8,50,0,8000,3500,3500,0,3505,505,0,0,0,0,0,0,0,02/22/2021,02/12/2021 12:49:00,14,31,248867,NULL,NULL,NULL,2,3,02/02/2021 13:25:45
343,1100,15,02/02/2021 14:11:32,1,,01/09/1997,1,1,3,4,08/14/2018,0,0,1,NULL,999,0,0,03/11/2016,3,NULL,NULL,NULL,13000,2,NULL,1,12000,0,3,6000,7000,1,1,0,10,1.9,500,8000,3.8,50,0,8000,3500,3500,0,1359,259,0,0,0,0,0,0,0,02/17/2021,02/12/2021 08:21:00,14,39,289927,NULL,NULL,NULL,5,7,02/02/2021 13:29:46
344,600,30,02/02/2021 13:40:33,2,,10/07/1986,2,2,2,1,06/21/2001,1,0,1,0,999,0,0,01/01/1970,13,NULL,01/01/1970,01/01/1970,9000,1,NULL,1,3000,1,1,1000,100,1,1,0,32,1.8,500,8000,3.8,50,0,8000,4500,4500,0,767.8,167.8,0,0,0,0,0,0,0,03/04/2021,02/13/2021 16:53:00,14,31,220835,NULL,NULL,NULL,2,3,02/02/2021 13:29:52
345,700,30,02/02/2021 13:37:50,2,,10/08/1995,4,2,2,3,01/31/2012,0,0,1,0,999,0,0,02/22/2015,2,NULL,01/01/1970,01/01/1970,8000,2,NULL,1,2000,0,0,0,0,1,1,0,35,1.53,500,8000,3.8,50,0,8000,700,700,0,814.26,114.26,0,0,0,0,0,0,0,03/04/2021,02/08/2021 15:33:00,18,38,255780,NULL,NULL,NULL,2,3,02/02/2021 13:35:39
346,1500,9,02/02/2021 13:37:53,2,,09/06/1981,3,4,5,4,11/11/2017,0,0,4,0,0,0,0,01/01/1970,7,NULL,01/01/1970,01/01/1970,13000,2,NULL,5,6000,0,3,13000,3000,1,1,0,31,1.8,500,5500,3.8,50,0,5500,1500,1500,0,1709,209,0,0,0,0,0,0,0,02/11/2021,02/08/2021 21:23:00,14,31,266168,NULL,NULL,NULL,2,3,02/02/2021 13:36:31
347,800,30,02/02/2021 14:01:36,1,,04/18/1997,1,1,3,3,07/17/2013,0,0,3,NULL,0,0,0,07/13/2015,5,NULL,NULL,NULL,7300,1,NULL,999,4000,0,1,0,200,1,1,0,10,1.9,500,8000,3.8,50,0,8000,1000,1000,0,1290.8,490.8,0,0,0,0,0,0,0,03/04/2021,03/03/2021 17:24:00,14,39,281909,NULL,NULL,NULL,5,7,02/02/2021 13:41:47
348,1000,30,02/02/2021 13:48:07,1,,01/21/1995,1,1,5,3,02/20/1995,0,0,1,NULL,0,0,0,06/21/2016,2,NULL,NULL,NULL,11000,1,NULL,1,2000,1,2,4000,800,1,1,1,31,1.8,500,5500,3.8,50,0,5500,5000,5000,1572,1628,608,20,0,0,0,1,0,0,03/04/2021,03/05/2021 21:13:00,11,18,61179,NULL,NULL,NULL,5,7,02/02/2021 13:42:43
349,500,14,02/02/2021 13:51:05,2,,04/18/1979,3,3,5,1,10/03/2008,0,0,1,0,2,0,0,08/25/2016,3,NULL,01/01/1970,01/01/1970,11000,2,NULL,1,4500,0,3,4000,680,1,1,0,2,1.8,500,8000,3.8,50,0,8000,500,500,0,565,65,0,0,0,0,0,0,0,02/16/2021,02/03/2021 10:23:00,18,38,243252,NULL,NULL,NULL,2,3,02/02/2021 13:45:15
350,4000,30,02/02/2021 14:22:26,2,,02/15/1999,1,1,4,1,03/04/2015,0,0,1,NULL,1,0,0,01/02/2017,2,NULL,NULL,NULL,9760,2,NULL,1,2000,0,0,0,0,1,1,0,10,1.9,500,8000,3.8,50,0,8000,4000,4000,0,6280,2280,0,0,0,0,0,0,0,03/04/2021,03/04/2021 21:23:00,14,39,289938,NULL,NULL,NULL,5,7,02/02/2021 13:46:14
351,900,30,02/02/2021 13:59:43,2,,02/16/1985,4,2,3,3,01/26/2012,0,0,3,0,999,0,0,03/01/2018,13,NULL,01/01/1970,01/01/1970,6000,999,Раз в неделю,999,2500,1,4,20000,2000,1,1,0,2,1.8,500,8000,3.8,50,0,8000,900,900,0,1176.8,276.8,0,0,0,0,0,0,0,03/04/2021,02/16/2021 18:48:00,18,38,203991,NULL,NULL,NULL,2,3,02/02/2021 13:56:08
352,1550,30,02/02/2021 14:07:35,1,,12/10/1991,2,2,3,2,03/06/1999,0,0,3,NULL,2,0,0,01/03/2018,5,NULL,NULL,NULL,11000,2,NULL,1,4500,1,1,2000,700,1,1,0,10,1.9,500,8000,3.8,50,0,8000,2500,2500,0,2277.35,727.35,0,0,0,0,0,0,0,03/04/2021,02/25/2021 12:34:00,14,39,289945,NULL,NULL,NULL,5,7,02/02/2021 13:57:59
353,3000,30,02/02/2021 14:18:49,1,,02/04/1978,4,1,6,3,01/19/2006,0,0,1,NULL,4,0,0,02/06/2006,25,NULL,NULL,NULL,16000,2,NULL,999,4000,1,5,20000,4000,1,1,0,30,1.8,500,4000,3.8,50,0,4000,3000,3000,0,3324,324,0,0,0,0,0,0,0,03/04/2021,02/08/2021 00:44:00,14,31,218191,NULL,NULL,NULL,5,7,02/02/2021 14:12:31
354,800,6,02/02/2021 14:22:46,1,,11/10/1982,1,1,3,3,03/01/2013,0,0,1,NULL,2,0,0,01/26/2018,8,NULL,NULL,NULL,9000,2,NULL,1,3000,1,3,15,6000,1,1,0,23,0.95,500,8000,3.8,50,0,8000,3000,3000,0,871,71,0,0,0,0,0,0,0,02/08/2021,02/07/2021 17:56:00,14,31,232017,NULL,NULL,NULL,5,7,02/02/2021 14:16:35
355,2500,30,02/02/2021 14:20:30,1,,12/31/1994,1,2,2,2,07/11/1996,1,0,3,0,2,0,0,06/01/2018,8,NULL,01/01/1970,01/01/1970,11000,1,NULL,1,4000,1,5,10000,2000,1,1,0,30,1.8,500,4000,3.8,50,0,4000,2500,2500,0,2622,122,0,0,0,0,0,0,0,03/04/2021,02/04/2021 22:56:00,14,31,271854,NULL,NULL,NULL,2,3,02/02/2021 14:16:48
356,1000,30,02/02/2021 14:18:39,1,,12/13/1991,1,1,2,1,02/18/2015,0,0,1,0,999,0,0,03/01/2015,4,NULL,01/01/1970,01/01/1970,8700,1,NULL,1,1000,1,0,0,0,1,1,0,30,1.8,500,4000,3.8,50,0,4000,1000,1000,0,1320,320,0,0,0,0,0,0,0,03/04/2021,02/17/2021 06:50:00,14,31,289595,NULL,NULL,NULL,2,3,02/02/2021 14:16:53
357,3500,30,02/02/2021 14:21:45,2,,09/30/1960,3,1,5,2,01/11/1996,1,0,4,0,0,0,0,01/01/1970,24,NULL,01/01/1970,01/01/1970,10000,1,NULL,2,6500,0,2,0,1500,1,1,0,35,1.53,500,8000,3.8,50,0,8000,3500,3500,0,4665.1,1165.1,0,0,0,0,0,0,0,03/04/2021,02/23/2021 14:46:00,14,31,272677,NULL,NULL,NULL,2,3,02/02/2021 14:18:51
358,1000,30,02/02/2021 14:31:47,1,,09/23/1999,1,1,2,3,10/01/2001,0,0,6,NULL,0,0,0,NULL,3,NULL,NULL,NULL,8000,2,NULL,1,4500,0,0,0,0,1,1,0,10,1.9,500,8000,3.8,50,0,8000,1000,1000,0,1525,525,0,0,0,0,0,0,0,03/04/2021,02/27/2021 18:33:00,14,39,289959,NULL,NULL,NULL,5,7,02/02/2021 14:19:15
359,3500,30,02/02/2021 14:34:35,1,,12/28/1988,2,2,3,3,03/27/2015,0,1,1,NULL,999,0,0,06/01/2015,10,NULL,NULL,NULL,10000,2,NULL,1,5000,0,0,0,0,1,1,0,36,1.43,500,8000,3.8,50,0,8000,3500,3500,0,3850.35,350.35,0,0,0,0,0,0,0,03/04/2021,02/08/2021 15:08:00,14,31,223913,NULL,NULL,NULL,5,7,02/02/2021 14:29:28
360,1000,30,02/02/2021 14:47:14,2,,11/07/1973,4,3,3,1,07/15/2003,0,0,4,0,0,0,0,01/01/1970,5,NULL,01/01/1970,01/01/1970,10000,1,NULL,5,5000,0,1,500,500,1,1,0,35,1.53,500,8000,3.8,50,0,8000,1000,1000,0,1622.4,622.4,0,0,0,0,0,0,0,03/18/2021,03/12/2021 11:48:00,14,31,280787,NULL,1,14,2,3,02/02/2021 14:29:42
361,3000,30,02/02/2021 14:40:49,2,,10/04/1986,1,1,5,4,05/11/2016,0,0,1,0,999,0,0,10/08/2010,8,NULL,01/01/1970,01/01/1970,8800,1,NULL,1,2000,0,1,1500,1500,1,1,0,31,1.8,500,5500,3.8,50,0,5500,3000,3000,0,4520,1520,0,0,0,0,0,0,0,03/04/2021,03/02/2021 09:24:00,14,31,200306,NULL,NULL,NULL,2,3,02/02/2021 14:38:31
362,3000,30,02/02/2021 15:33:11,1,,05/05/1997,1,1,4,2,07/27/2013,0,1,1,0,1,0,0,08/20/2016,3,NULL,01/01/1970,01/01/1970,5200,2,NULL,1,2300,0,1,1300,1500,1,1,0,31,1.8,500,5500,3.8,50,0,5500,5500,5500,0,3736,736,0,0,0,0,0,0,0,03/04/2021,02/15/2021 17:40:00,14,31,254965,NULL,NULL,NULL,2,3,02/02/2021 14:40:36
363,1000,18,02/02/2021 14:56:58,1,,01/06/1999,1,1,1,3,03/25/2015,0,0,1,NULL,999,0,0,06/09/2018,1,NULL,NULL,NULL,6000,2,NULL,1,4000,1,0,0,0,1,1,1,10,1.9,500,8000,3.8,50,0,8000,1000,1000,1373,1772,582,190,0,0,0,10,0,0,02/20/2021,03/02/2021 20:13:00,14,39,288608,NULL,NULL,NULL,5,7,02/02/2021 14:41:09
364,2000,14,02/02/2021 14:53:59,1,,09/03/1991,2,1,5,2,10/15/2013,0,0,4,0,0,0,0,01/01/1970,6,NULL,01/01/1970,01/01/1970,15000,2,NULL,1,5000,0,0,0,0,1,1,0,31,1.8,500,5500,3.8,50,0,5500,3500,3500,0,6275,3995,280,0,0,0,7,0,0,05/24/2021,05/24/2021 20:24:00,14,31,260313,NULL,3,90,2,3,02/02/2021 14:53:00
365,1500,30,02/02/2021 14:57:30,1,,01/14/1989,2,2,3,4,08/14/2014,0,0,2,NULL,1,0,0,06/20/2008,8,NULL,NULL,NULL,10000,1,NULL,1,5000,1,1,2000,500,1,1,0,32,1.8,500,8000,3.8,50,0,8000,8000,8000,0,2483.55,983.55,0,0,0,0,0,0,0,04/03/2021,03/16/2021 13:38:00,14,31,45978,NULL,1,30,5,7,02/02/2021 14:53:17
366,2500,30,02/02/2021 14:56:56,2,,07/16/1994,1,1,3,1,06/01/1998,1,0,1,0,999,0,0,01/01/1970,4,NULL,01/01/1970,01/01/1970,7000,2,NULL,1,2000,1,0,0,0,1,1,0,31,1.8,500,5500,3.8,50,0,5500,2500,2500,0,2775,275,0,0,0,0,0,0,0,03/04/2021,02/07/2021 04:58:00,14,31,273390,NULL,NULL,NULL,2,3,02/02/2021 14:55:08
367,300,12,02/02/2021 15:05:11,1,,07/24/1990,4,1,5,2,05/05/1990,1,1,1,0,1,0,0,07/07/2018,7,NULL,01/01/1970,01/01/1970,19000,1,NULL,1,5000,1,4,20000,1000,1,1,0,2,1.8,500,8000,3.8,50,0,8000,300,300,0,393.2,93.2,0,0,0,0,0,0,0,02/14/2021,02/11/2021 00:10:00,18,38,263000,NULL,NULL,NULL,2,3,02/02/2021 15:03:37
368,4000,30,02/02/2021 17:03:12,1,,04/09/1988,2,2,5,3,01/11/2011,0,0,7,NULL,0,0,0,NULL,9,NULL,NULL,NULL,13000,2,NULL,999,5000,0,0,0,0,1,1,1,10,1.9,500,8000,3.8,50,0,8000,4000,4000,6280,9857.78,4106.89,1750.89,0,0,0,24,0,0,03/04/2021,03/28/2021 21:10:00,14,39,289981,NULL,NULL,NULL,5,7,02/02/2021 15:09:46
369,4000,19,02/02/2021 15:13:48,2,,07/01/1994,2,2,4,3,02/24/2014,0,0,2,0,0,0,0,07/10/2013,6,NULL,01/01/1970,01/01/1970,5000,1,NULL,999,2000,1,2,6000,1000,1,1,0,32,1.8,500,8000,3.8,50,0,8000,4000,4000,0,4288,288,0,0,0,0,0,0,0,02/21/2021,02/05/2021 13:43:00,14,31,269862,NULL,NULL,NULL,2,3,02/02/2021 15:11:48
370,1500,20,02/02/2021 15:37:46,2,,12/17/1994,1,1,5,3,03/03/2011,0,0,3,NULL,999,0,0,07/07/2017,3,NULL,NULL,NULL,8000,1,NULL,1,2000,1,0,0,0,1,1,0,10,1.9,500,8000,3.8,50,0,8000,1500,1500,0,1749.5,249.5,0,0,0,0,0,0,0,02/22/2021,02/09/2021 18:33:00,14,39,289985,NULL,NULL,NULL,5,7,02/02/2021 15:16:57
371,3000,14,02/02/2021 15:20:33,2,,07/15/1985,4,3,3,1,06/27/2007,1,1,2,0,1,0,0,09/01/2010,10,NULL,01/01/1970,01/01/1970,15000,2,NULL,1,8000,1,2,0,3000,1,1,0,35,1.53,500,8000,3.8,50,0,8000,3000,3000,0,3600.8,600.8,0,0,0,0,0,0,0,02/16/2021,02/14/2021 12:12:00,14,31,248652,NULL,NULL,NULL,2,3,02/02/2021 15:18:00
372,3000,15,02/02/2021 15:24:31,2,,05/25/1996,1,1,6,3,06/09/2012,0,0,1,0,999,0,0,10/26/2017,3,NULL,01/01/1970,01/01/1970,9000,2,NULL,1,2000,0,0,0,0,1,1,0,35,1.53,500,8000,3.8,50,0,8000,5500,5500,0,3980.2,912.1,68.1,0,0,0,1,0,0,03/20/2021,02/21/2021 17:48:00,14,31,272087,NULL,1,30,2,3,02/02/2021 15:23:16
373,1000,15,02/02/2021 16:08:47,1,,08/31/1985,4,1,3,2,07/17/1998,0,0,1,NULL,999,0,0,06/10/2015,15,NULL,NULL,NULL,15000,2,NULL,1,9500,0,0,0,0,1,1,0,10,1.9,500,8000,3.8,50,0,8000,1000,1000,0,1259,259,0,0,0,0,0,0,0,02/17/2021,02/13/2021 22:22:00,14,39,289988,NULL,NULL,NULL,5,7,02/02/2021 15:26:29
374,2500,7,02/02/2021 15:35:30,1,,05/12/1988,2,2,2,1,07/07/2004,0,0,1,0,1,0,0,06/01/2014,12,NULL,01/01/1970,01/01/1970,15000,1,NULL,1,7000,1,10,50000,5000,1,1,0,65,0,0,2500,3.8,290,0,2500,5500,2500,0,2790,290,0,0,0,0,0,0,0,02/09/2021,02/06/2021 21:30:00,14,31,281918,NULL,NULL,NULL,2,3,02/02/2021 15:33:31
375,3000,16,02/02/2021 15:37:30,1,,02/22/1989,1,1,5,4,08/12/2016,0,0,1,0,1,0,0,01/01/1970,4,NULL,01/01/1970,01/01/1970,55000,1,NULL,1,40000,1,2,15000,0,1,1,0,31,1.8,500,5500,3.8,50,0,5500,3000,3000,0,3648,648,0,0,0,0,0,0,0,02/18/2021,02/13/2021 13:44:00,14,31,222211,NULL,NULL,NULL,2,3,02/02/2021 15:35:33
376,1200,30,02/02/2021 15:43:47,2,,02/06/1999,2,1,2,3,12/14/2002,0,0,3,NULL,2,0,0,01/01/1970,0,NULL,NULL,NULL,6500,2,NULL,4,4000,0,0,0,0,1,1,0,30,1.8,500,4000,3.8,50,0,4000,1200,1200,0,1660.4,460.4,0,0,0,0,0,0,0,03/04/2021,02/21/2021 11:45:00,14,31,243500,NULL,NULL,NULL,5,7,02/02/2021 15:35:49
377,2500,30,02/02/2021 15:38:05,1,,01/26/1994,1,1,3,4,06/10/2016,0,0,1,0,999,0,0,07/07/2017,1,NULL,01/01/1970,01/01/1970,8000,2,NULL,1,1500,1,0,0,0,1,1,1,31,1.8,500,5500,3.8,50,0,5500,2500,2500,3855,6750,2750,1500,0,0,0,30,0,0,03/04/2021,04/03/2021 23:59:00,14,31,27408,NULL,NULL,NULL,2,3,02/02/2021 15:36:12
378,1000,30,02/02/2021 15:42:38,1,,05/08/1994,2,2,5,3,05/25/1994,0,0,1,0,1,0,0,06/01/2014,8,NULL,01/01/1970,01/01/1970,10000,1,NULL,1,6000,1,1,4000,1000,1,1,0,30,1.8,500,4000,3.8,50,0,4000,1000,1000,0,1158,158,0,0,0,0,0,0,0,03/04/2021,02/08/2021 15:08:00,14,31,266026,NULL,NULL,NULL,2,3,02/02/2021 15:39:53
379,1700,12,02/02/2021 15:48:30,1,,11/11/1994,1,1,3,2,06/08/1995,0,0,1,0,999,0,0,01/01/1970,2,NULL,01/01/1970,01/01/1970,10000,1,NULL,1,5000,0,0,0,0,1,1,0,2,1.8,500,8000,3.8,50,0,8000,4600,4600,0,1933.6,233.6,0,0,0,0,0,0,0,02/14/2021,02/08/2021 17:41:00,18,38,256241,NULL,NULL,NULL,2,3,02/02/2021 15:40:10
380,1000,30,02/02/2021 15:52:20,1,,10/18/1996,1,1,3,2,11/20/2014,0,0,1,NULL,0,0,0,10/20/2018,3,NULL,NULL,NULL,11000,1,NULL,1,8000,1,2,2000,500,1,1,0,36,1.43,500,8000,3.8,50,0,8000,1000,1000,0,1250.2,250.2,0,0,0,0,0,0,0,03/04/2021,02/16/2021 23:31:00,14,39,283728,NULL,NULL,NULL,5,7,02/02/2021 15:43:06
381,900,20,02/02/2021 15:49:49,1,,07/01/2000,1,1,3,2,10/10/2010,0,0,6,NULL,0,0,0,01/01/1970,2,NULL,NULL,NULL,3500,2,NULL,1,1500,1,0,0,0,1,1,1,42,1.71,500,3500,3.8,50,0,3500,1500,1500,0,1394.6,419.36,75.24,0,0,0,4,0,0,03/28/2021,02/26/2021 16:55:00,14,39,289691,NULL,1,30,5,7,02/02/2021 15:45:01
382,1150,30,02/02/2021 16:01:11,1,,06/13/1992,2,2,5,2,07/25/2001,1,0,1,0,999,0,0,03/01/2011,6,NULL,01/01/1970,01/01/1970,16800,1,NULL,1,5000,1,0,0,0,1,1,1,32,1.8,500,8000,3.8,50,0,8000,3000,3000,1750.3,3587.4,2161.4,276,0,0,0,12,0,0,05/14/2021,05/15/2021 12:09:00,14,31,28884,215360,2,60,2,3,02/02/2021 15:47:06
383,2000,30,02/02/2021 15:56:28,1,,01/30/1987,2,2,3,3,06/04/2004,0,0,1,NULL,999,0,0,06/09/2006,13,NULL,NULL,NULL,11000,1,NULL,1,3000,1,3,4000,1500,1,1,0,10,1.9,500,8000,3.8,50,0,8000,3500,3500,0,3304,1304,0,0,0,0,0,0,0,04/03/2021,03/07/2021 16:31:00,14,39,289947,NULL,1,30,5,7,02/02/2021 15:51:00
384,500,14,02/02/2021 16:07:47,2,,09/03/1989,1,2,3,1,02/12/2013,0,0,1,NULL,2,0,0,02/01/2017,6,NULL,NULL,NULL,8200,2,NULL,1,3000,1,0,0,0,1,1,0,10,1.9,500,8000,3.8,50,0,8000,1500,1500,0,1528.5,1028.5,0,0,0,0,0,0,0,05/17/2021,05/17/2021 20:34:00,14,39,290009,NULL,3,90,5,7,02/02/2021 15:51:24
385,1000,15,02/02/2021 18:09:03,1,,04/05/1979,2,2,5,4,09/01/1997,0,0,1,NULL,999,0,0,03/04/2015,12,NULL,NULL,NULL,15000,2,NULL,1,5000,0,2,0,0,1,1,1,36,1.43,500,8000,3.8,50,0,8000,1000,1000,1250.2,2940,893.7,1042.8,-3.5,-3.5,-3.5,44,0,0,02/17/2021,04/02/2021 17:26:00,14,39,274444,NULL,NULL,NULL,5,7,02/02/2021 15:51:59
386,3500,20,02/02/2021 16:19:11,2,,06/16/1985,2,2,5,3,07/15/2014,0,0,1,NULL,2,0,0,06/07/2015,7,NULL,NULL,NULL,19800,2,NULL,1,8000,1,0,0,0,1,1,1,10,1.9,500,8000,3.8,50,0,8000,4000,4000,4830,5561.5,1729,332.5,0,0,0,5,0,0,02/22/2021,02/27/2021 21:28:00,14,39,274161,NULL,NULL,NULL,5,7,02/02/2021 15:55:02
387,3500,30,02/02/2021 16:02:02,2,,10/23/1992,1,1,3,1,11/21/2008,0,0,1,0,999,0,0,11/06/2018,4,NULL,01/01/1970,01/01/1970,7500,2,NULL,4,3000,0,0,0,0,1,1,0,32,1.8,500,8000,3.8,50,0,8000,3500,3500,0,3872,372,0,0,0,0,0,0,0,03/04/2021,02/07/2021 19:15:00,14,31,261521,NULL,NULL,NULL,2,3,02/02/2021 16:01:09
388,1000,16,02/02/2021 16:17:05,2,,11/15/1997,1,1,2,3,11/25/1997,0,0,1,NULL,999,0,0,04/08/2018,3,NULL,NULL,NULL,6000,2,NULL,1,1500,0,0,0,0,1,1,1,10,1.9,500,8000,3.8,50,0,8000,1000,1000,351,2093.35,1002.51,90.84,0,0,0,10,0,0,03/22/2021,03/30/2021 16:34:00,14,39,290016,NULL,1,30,5,7,02/02/2021 16:05:08
389,1000,14,02/02/2021 16:53:56,1,,09/02/1989,1,1,4,2,09/12/1990,0,0,1,NULL,999,0,0,08/01/2018,3,NULL,NULL,NULL,11200,1,NULL,1,1200,0,0,0,0,1,1,0,10,1.9,500,8000,3.8,50,0,8000,1500,1500,0,1297,297,0,0,0,0,0,0,0,02/16/2021,02/15/2021 12:39:00,14,39,281449,NULL,NULL,NULL,5,7,02/02/2021 16:08:43
390,1000,3,02/02/2021 16:22:47,1,,07/20/2000,1,1,5,4,08/07/2018,0,0,3,NULL,999,0,0,08/08/2017,3,NULL,NULL,NULL,4500,2,NULL,1,1000,1,0,0,0,1,1,1,10,1.9,500,8000,3.8,50,0,8000,1000,1000,1088,1601,354,247,0,0,0,13,0,0,02/05/2021,02/18/2021 23:00:00,14,39,233077,NULL,NULL,NULL,5,7,02/02/2021 16:09:15
391,1500,30,02/02/2021 16:17:54,1,,09/25/2000,1,1,2,3,09/25/2000,0,0,4,0,0,0,0,01/01/1970,18,NULL,01/01/1970,01/01/1970,15000,1,NULL,4,12000,0,1,1500,1504,1,1,0,31,1.8,500,5500,3.8,50,0,5500,5500,5500,0,2298,798,0,0,0,0,0,0,0,03/04/2021,03/02/2021 11:50:00,14,31,246783,NULL,NULL,NULL,2,3,02/02/2021 16:10:41
392,2000,30,02/02/2021 16:23:14,2,,10/13/1995,2,1,3,3,10/13/1995,0,0,1,0,0,0,0,09/03/2018,4,NULL,01/01/1970,01/01/1970,21000,1,NULL,1,16000,0,1,10000,550,1,1,0,30,1.8,500,4000,3.8,50,0,4000,2000,2000,0,2108,108,0,0,0,0,0,0,0,03/04/2021,02/02/2021 16:45:00,14,31,264491,NULL,NULL,NULL,2,3,02/02/2021 16:11:18
393,1800,26,02/02/2021 16:17:06,2,,02/26/1999,1,1,4,2,02/26/1999,0,0,3,0,0,0,0,01/01/1970,1,NULL,01/01/1970,01/01/1970,3500,1,NULL,1,3500,0,0,0,0,1,1,1,35,1.53,500,8000,3.8,50,0,8000,1800,1800,2538.5,2750.24,848.66,101.58,0,0,0,3,0,0,02/28/2021,03/03/2021 13:39:00,14,31,263317,NULL,NULL,NULL,2,3,02/02/2021 16:14:51
394,3000,30,02/02/2021 16:26:14,1,,07/05/1997,1,1,3,3,08/10/2010,0,0,1,0,999,0,0,07/14/2016,3,NULL,01/01/1970,01/01/1970,8000,2,NULL,1,2000,0,0,0,0,1,1,0,31,1.8,500,5500,3.8,50,0,5500,3000,3000,0,3151,151,0,0,0,0,0,0,0,03/04/2021,02/04/2021 12:12:00,14,31,247289,NULL,NULL,NULL,2,3,02/02/2021 16:24:42
395,1000,30,02/02/2021 16:30:02,1,,10/22/1998,1,1,2,2,12/22/2017,0,0,3,0,999,0,0,09/20/2017,2,NULL,01/01/1970,01/01/1970,8000,2,NULL,999,3000,0,0,0,0,1,1,1,12,1.33,500,3500,3.8,50,0,3500,3000,3000,1435.7,1563,488.9,74.1,0,0,0,3,0,0,03/04/2021,03/07/2021 13:24:00,14,31,263022,NULL,NULL,NULL,2,3,02/02/2021 16:27:30
396,1000,15,02/02/2021 16:38:06,1,,09/02/1992,1,2,5,3,09/20/1992,0,0,1,0,999,0,0,10/20/2016,7,NULL,01/01/1970,01/01/1970,14000,2,NULL,1,3500,0,1,2000,100,1,1,1,35,1.53,500,8000,3.8,50,0,8000,1700,1700,1264.2,1697.5,447.8,249.7,0,0,0,11,0,0,02/17/2021,02/28/2021 16:21:00,18,38,201675,NULL,NULL,NULL,2,3,02/02/2021 16:35:57
397,2500,17,02/02/2021 17:07:37,1,,02/19/1991,2,1,4,3,03/11/1991,0,1,1,0,2,0,0,05/19/2018,9,NULL,01/01/1970,01/01/1970,10000,2,NULL,1,3000,1,2,5000,2000,1,1,1,31,1.8,500,5500,3.8,50,0,5500,2500,2500,3805,4899.52,2282.72,116.8,0,0,0,13,0,0,03/22/2021,04/03/2021 13:18:00,14,31,262021,NULL,1,30,2,3,02/02/2021 16:41:31
398,1000,30,02/02/2021 16:43:48,1,,09/02/2000,1,1,4,3,09/29/2014,0,0,6,0,0,0,0,01/01/1970,2,NULL,01/01/1970,01/01/1970,9000,2,NULL,1,7564,1,0,0,0,1,1,0,30,1.8,500,4000,3.8,50,0,4000,1000,1000,0,1358,358,0,0,0,0,0,0,0,03/04/2021,02/20/2021 13:47:00,14,31,273082,NULL,NULL,NULL,2,3,02/02/2021 16:41:40
399,1500,29,02/02/2021 16:46:14,1,,09/03/1985,4,1,5,4,12/10/2017,0,0,3,0,2,0,0,01/10/2017,15,NULL,01/01/1970,01/01/1970,15000,2,NULL,1,4000,1,0,0,700,1,1,1,30,1.8,500,4000,3.8,50,0,4000,1500,1500,2294,3621.38,1436.97,684.41,0,0,0,33,0,0,03/03/2021,04/05/2021 22:52:00,14,31,279309,NULL,NULL,NULL,2,3,02/02/2021 16:42:54
400,3000,30,02/02/2021 16:54:04,2,,03/12/1978,4,2,2,3,12/05/1997,0,0,1,0,999,0,0,05/26/2012,13,NULL,01/01/1970,01/01/1970,3000,2,NULL,1,1000,1,0,0,0,1,1,0,30,1.8,500,4000,3.8,50,0,4000,4000,4000,0,4707,1707,0,0,0,0,0,0,0,04/03/2021,03/05/2021 10:55:00,14,31,262237,NULL,1,30,2,3,02/02/2021 16:45:50
401,1500,16,02/02/2021 16:48:13,1,,05/25/1994,1,1,4,3,11/19/1998,0,0,3,0,999,0,0,08/04/2016,5,NULL,01/01/1970,01/01/1970,10000,2,NULL,1,5000,1,2,1000,500,1,1,0,31,1.8,500,5500,3.8,50,0,5500,1500,1500,0,1892,392,0,0,0,0,0,0,0,02/18/2021,02/15/2021 22:25:00,14,31,616,NULL,NULL,NULL,2,3,02/02/2021 16:45:58
402,5000,5,02/02/2021 16:49:51,1,,09/16/1985,2,3,5,1,07/15/2004,1,1,1,0,2,0,0,07/05/2015,9,NULL,01/01/1970,01/01/1970,16000,2,NULL,1,10000,1,1,1900,240,1,1,1,35,1.53,500,8000,3.8,50,0,8000,5000,5000,742.37,11062.57,5219.03,843.54,0,0,0,12,0,0,05/06/2021,05/08/2021 13:51:00,10,16,61078,195256,13,78,2,3,02/02/2021 16:48:50
403,550,30,02/02/2021 16:51:50,2,,11/03/1993,1,1,4,2,02/25/2016,0,0,3,0,999,0,0,02/01/2017,2,NULL,01/01/1970,01/01/1970,4500,2,NULL,1,2000,1,0,0,0,1,1,0,2,1.8,500,8000,3.8,50,0,8000,1300,1300,0,637.6,87.6,0,0,0,0,0,0,0,03/04/2021,02/06/2021 20:15:00,18,38,104448,195293,NULL,NULL,2,3,02/02/2021 16:51:03
404,4000,15,02/02/2021 16:57:32,1,,03/15/1996,1,1,5,3,06/25/2018,0,0,1,0,999,0,0,08/14/2014,4,NULL,01/01/1970,01/01/1970,10200,2,NULL,1,7000,0,0,0,0,1,1,1,31,1.8,500,5500,3.8,50,0,5500,4000,4000,5080,5456,1296,160,0,0,0,2,0,0,02/17/2021,02/19/2021 16:44:00,14,31,246736,NULL,NULL,NULL,2,3,02/02/2021 16:55:33
405,3000,30,02/02/2021 17:00:55,2,,07/27/1987,2,4,5,3,10/27/2016,0,0,1,0,1,0,0,06/18/2017,5,NULL,01/01/1970,01/01/1970,8000,1,NULL,999,4000,0,1,3000,500,1,1,0,31,1.8,500,5500,3.8,50,0,5500,3000,3000,0,3153,153,0,0,0,0,0,0,0,03/04/2021,02/02/2021 17:29:00,14,31,283934,NULL,NULL,NULL,2,3,02/02/2021 16:56:32
406,1500,30,02/02/2021 17:34:07,2,,08/03/1989,2,3,2,3,08/10/2015,0,0,3,NULL,999,0,0,01/05/2015,8,NULL,NULL,NULL,10000,2,NULL,4,5000,0,1,325,325,1,1,0,36,1.43,500,8000,3.8,50,0,8000,1500,1500,0,2815.55,1315.55,0,0,0,0,0,0,0,04/03/2021,04/03/2021 23:24:00,14,39,289466,NULL,1,30,5,7,02/02/2021 16:59:52
407,3500,30,02/02/2021 17:16:06,1,,07/01/1997,1,1,5,3,05/01/2002,0,0,1,NULL,0,0,0,08/18/2017,3,NULL,NULL,NULL,15000,2,NULL,1,8000,1,0,0,0,1,1,1,10,1.9,500,8000,3.8,50,0,8000,3500,3500,5195,12278,5386.5,3391.5,0,0,0,51,0,0,03/04/2021,04/24/2021 16:58:00,14,39,226668,NULL,NULL,NULL,5,7,02/02/2021 17:00:51
408,1000,30,02/02/2021 17:03:23,1,,12/19/1969,2,2,2,2,08/01/2012,0,0,8,0,0,999,1,01/01/1970,15,NULL,01/01/1970,01/01/1970,2000,1,NULL,1,10000,0,1,1000,600,1,1,0,35,1.53,500,8000,3.8,50,0,8000,1000,1000,0,1060.6,60.6,0,0,0,0,0,0,0,03/04/2021,02/02/2021 21:05:00,18,38,188033,271152,NULL,NULL,2,3,02/02/2021 17:01:01
409,1000,3,02/03/2021 05:35:38,1,,07/20/1984,2,2,4,3,10/30/2008,0,1,3,NULL,1,0,0,11/12/2016,12,NULL,NULL,NULL,8000,2,NULL,2,6500,0,0,0,0,1,1,1,10,1.9,500,8000,3.8,50,0,8000,1000,1000,1088,1183,145,38,0,0,0,2,0,0,02/06/2021,02/08/2021 21:38:00,18,39,242566,NULL,NULL,NULL,5,7,02/02/2021 17:16:16
410,1800,30,02/02/2021 17:20:02,1,,11/21/1987,4,1,3,4,11/06/2006,0,0,2,0,1,0,0,01/01/1970,48,NULL,01/01/1970,01/01/1970,10000,2,NULL,1,5000,0,0,0,0,1,1,1,31,1.8,500,5500,3.8,50,0,5500,2000,2000,2789.6,2890.4,1054.4,36,0,0,0,1,0,0,03/04/2021,03/05/2021 07:58:00,14,31,223299,NULL,NULL,NULL,2,3,02/02/2021 17:17:08
411,1500,30,02/02/2021 19:23:13,1,,09/11/1997,1,1,3,3,11/05/2013,0,0,1,NULL,3,0,0,11/10/2018,2,NULL,NULL,NULL,9500,1,NULL,1,4000,0,0,0,0,1,1,0,36,1.43,500,8000,3.8,50,0,8000,1500,1500,0,2172.05,672.05,0,0,0,0,0,0,0,03/04/2021,03/04/2021 12:52:00,14,39,289734,NULL,NULL,NULL,5,7,02/02/2021 17:18:42
412,3000,30,02/02/2021 17:20:31,1,,04/13/1993,4,1,5,4,01/16/2018,0,0,3,0,999,0,0,01/16/2018,7,NULL,01/01/1970,01/01/1970,15000,2,NULL,1,5500,0,0,0,0,1,1,1,30,1.8,500,4000,3.8,50,0,4000,3000,3000,4620,5586,2106,480,0,0,0,8,0,0,03/04/2021,03/12/2021 15:18:00,14,31,256841,NULL,NULL,NULL,2,3,02/02/2021 17:18:44
413,1000,28,02/02/2021 17:41:44,2,,10/20/1999,1,1,3,3,11/07/2006,0,0,3,NULL,999,0,0,06/20/2018,2,NULL,NULL,NULL,5000,2,NULL,1,1000,0,0,0,0,1,1,0,10,1.9,500,8000,3.8,50,0,8000,1000,1000,0,1202,202,0,0,0,0,0,0,0,03/02/2021,02/10/2021 01:42:00,14,39,290068,NULL,NULL,NULL,5,7,02/02/2021 17:24:43
414,1000,30,02/02/2021 17:28:35,1,,02/22/1997,1,1,2,2,03/28/2013,0,0,4,0,0,0,0,01/01/1970,3,NULL,01/01/1970,01/01/1970,1000,999,Раз в неделю,4,3000,1,2,4000,1500,1,1,0,30,1.8,500,4000,3.8,50,0,4000,1000,1000,0,1172,172,0,0,0,0,0,0,0,03/04/2021,02/09/2021 17:46:00,14,31,286411,NULL,NULL,NULL,2,3,02/02/2021 17:26:23
415,3050,8,02/02/2021 17:56:44,1,,06/24/1989,3,2,5,3,04/10/2013,0,0,1,NULL,2,0,0,11/11/2016,5,NULL,NULL,NULL,37000,2,NULL,1,3000,0,0,0,0,1,1,1,32,1.8,500,8000,3.8,50,0,8000,4000,4000,3104.9,5404.6,1866.6,488,0,0,0,8,0,0,03/06/2021,03/07/2021 09:41:00,14,31,43743,NULL,8,17,5,7,02/02/2021 17:28:40
416,3000,26,02/02/2021 17:37:10,2,,10/14/1994,3,2,3,4,10/14/2014,0,0,1,0,1,0,0,10/26/2015,1,NULL,01/01/1970,01/01/1970,3500,1,NULL,2,3500,0,0,0,0,1,1,0,31,1.8,500,5500,3.8,50,0,5500,3000,3000,0,3994,994,0,0,0,0,0,0,0,02/28/2021,02/20/2021 20:33:00,14,31,38920,NULL,NULL,NULL,2,3,02/02/2021 17:32:29
417,500,30,02/02/2021 17:41:43,2,,09/30/1988,1,2,3,2,12/06/2018,0,0,1,0,2,0,0,11/17/2015,3,NULL,01/01/1970,01/01/1970,3100,2,NULL,1,31000,0,0,0,0,1,1,0,31,1.8,500,5500,3.8,50,0,5500,1500,1500,0,566,66,0,0,0,0,0,0,0,03/04/2021,02/04/2021 01:38:00,14,31,254736,NULL,NULL,NULL,2,3,02/02/2021 17:40:26
418,2000,13,02/02/2021 17:45:08,1,,07/24/1992,1,1,5,2,04/05/2015,0,0,1,0,2,0,0,05/04/2015,3,NULL,01/01/1970,01/01/1970,1100,2,NULL,1,2000,0,0,0,0,1,1,0,32,1.8,500,8000,3.8,50,0,8000,6000,6000,0,2804.72,709.8,94.92,0,0,0,3,0,0,03/20/2021,02/22/2021 06:01:00,14,31,118888,270346,1,30,2,3,02/02/2021 17:43:35
419,1000,30,02/02/2021 18:00:05,2,,05/13/1989,2,1,3,2,05/13/1989,0,0,3,NULL,2,0,0,03/10/2016,3,NULL,NULL,NULL,7000,1,NULL,4,3000,0,0,0,0,1,1,0,10,1.9,500,8000,3.8,50,0,8000,1000,1000,0,1259,259,0,0,0,0,0,0,0,03/04/2021,02/13/2021 13:50:00,14,39,290087,NULL,NULL,NULL,5,7,02/02/2021 17:44:11
420,1500,15,02/02/2021 17:58:30,1,,08/23/1989,1,1,5,2,07/13/2017,0,0,1,NULL,1,0,0,07/27/2010,10,NULL,NULL,NULL,18000,1,NULL,1,10000,0,1,500,500,1,1,1,10,1.9,500,8000,3.8,50,0,8000,3500,3500,1949,2091.5,534.5,57,0,0,0,2,0,0,02/17/2021,02/19/2021 05:48:00,14,39,290089,NULL,NULL,NULL,5,7,02/02/2021 17:46:44
421,2500,30,02/02/2021 18:18:49,2,,08/27/1980,4,3,2,3,08/09/2006,0,0,1,NULL,999,0,0,04/20/2017,3,NULL,NULL,NULL,9000,999,7000,999,4000,0,3,0,2000,1,1,0,10,1.9,500,8000,3.8,50,0,8000,4000,4000,0,3927.5,1427.5,0,0,0,0,0,0,0,03/04/2021,03/04/2021 18:06:00,14,39,278089,NULL,NULL,NULL,5,7,02/02/2021 17:54:49
422,1000,15,02/02/2021 18:06:55,2,,02/11/1978,4,3,3,3,03/31/2015,0,0,7,NULL,0,0,0,NULL,5,NULL,NULL,NULL,10000,2,NULL,4,7000,0,0,0,0,1,1,0,10,1.9,500,8000,3.8,50,0,8000,1500,1500,0,1297,297,0,0,0,0,0,0,0,02/17/2021,02/15/2021 11:51:00,14,39,204084,NULL,NULL,NULL,5,7,02/02/2021 17:57:13
423,3500,30,02/02/2021 18:12:26,1,,03/08/1991,1,1,3,2,03/08/1991,0,1,3,0,999,0,0,01/01/1970,8,NULL,01/01/1970,01/01/1970,11000,1,NULL,1,6500,1,4,8000,2000,1,1,0,10,1.9,500,8000,3.8,50,0,8000,3500,3500,0,5428.5,1928.5,0,0,0,0,0,0,0,03/04/2021,03/02/2021 18:14:00,14,39,202410,NULL,NULL,NULL,2,3,02/02/2021 18:09:14
424,3500,30,02/02/2021 18:24:39,1,,04/19/1993,1,1,5,3,04/19/1993,0,0,4,NULL,0,0,0,NULL,3,NULL,NULL,NULL,15700,2,NULL,999,3000,0,4,17000,5000,1,1,0,10,1.9,500,8000,3.8,50,0,8000,3500,3500,0,4763.5,1263.5,0,0,0,0,0,0,0,03/04/2021,02/20/2021 17:51:00,14,39,158950,NULL,NULL,NULL,5,7,02/02/2021 18:10:36
425,600,7,02/02/2021 22:00:59,1,,06/29/1970,4,1,3,3,03/20/2007,0,0,1,NULL,999,0,0,05/24/2006,13,NULL,NULL,NULL,5880,2,NULL,1,4500,0,2,5000,1060,1,1,1,10,1.9,500,8000,3.8,50,0,8000,1500,1500,718.4,1026.2,278,148.2,0,0,0,13,0,0,02/09/2021,02/22/2021 18:32:00,14,39,271673,NULL,NULL,NULL,5,7,02/02/2021 18:12:11
426,1000,17,02/02/2021 18:23:39,2,,05/28/1989,1,3,2,1,03/17/2012,0,0,7,0,0,0,0,01/01/1970,3,NULL,01/01/1970,01/01/1970,9720,1,NULL,5,4500,0,1,0,500,1,1,0,31,1.8,500,5500,3.8,50,0,5500,1000,1000,0,1115,115,0,0,0,0,0,0,0,02/19/2021,02/06/2021 20:15:00,14,31,285882,NULL,NULL,NULL,2,3,02/02/2021 18:20:58
427,800,11,02/02/2021 18:32:42,2,,12/10/1996,1,1,4,3,02/08/2007,0,0,1,NULL,999,0,0,09/01/2016,4,NULL,NULL,NULL,8000,2,NULL,1,3000,1,2,3000,700,1,1,0,25,1.8,500,5000,3.8,50,0,5000,5000,5000,0,979.6,179.6,0,0,0,0,0,0,0,02/13/2021,02/11/2021 12:37:00,10,16,58832,NULL,NULL,NULL,5,7,02/02/2021 18:29:56
428,1400,20,02/02/2021 18:33:55,1,,09/08/1983,1,1,3,2,03/24/2000,0,0,3,0,0,0,0,07/10/2008,10,NULL,01/01/1970,01/01/1970,8500,1,NULL,1,4000,0,0,0,0,1,1,1,30,1.8,500,4000,3.8,50,0,4000,1400,1400,1928.8,3500,1310,790,0,0,0,74,0,0,02/22/2021,NULL,14,31,261254,NULL,NULL,NULL,2,3,02/02/2021 18:31:25
429,4000,30,02/02/2021 18:34:30,2,,08/26/1979,1,1,5,4,10/14/2017,0,0,1,0,999,0,0,07/17/2018,15,NULL,01/01/1970,01/01/1970,7300,2,NULL,1,2500,0,0,0,0,1,1,0,35,1.53,500,8000,3.8,50,0,8000,4000,4000,0,5726.8,1726.8,0,0,0,0,0,0,0,03/04/2021,03/02/2021 05:35:00,14,31,131154,NULL,NULL,NULL,2,3,02/02/2021 18:32:08
430,4000,10,02/02/2021 19:25:59,1,,08/28/1967,3,1,3,3,07/01/1994,0,0,1,NULL,999,0,0,09/24/2018,23,NULL,NULL,NULL,13000,2,NULL,1,6000,0,0,0,0,1,1,0,10,1.9,500,8000,3.8,50,0,8000,4000,4000,0,6432,2356,76,0,0,0,1,0,0,03/05/2021,03/05/2021 09:10:00,14,39,290137,NULL,2,20,5,7,02/02/2021 18:59:16
431,2500,30,02/02/2021 19:09:23,1,,10/28/1994,1,1,5,3,02/26/2018,0,0,2,0,999,0,0,09/10/2015,3,NULL,01/01/1970,01/01/1970,13000,2,NULL,1,8000,0,0,0,0,1,1,0,10,1.9,500,8000,3.8,50,0,8000,2500,2500,0,3863,1363,0,0,0,0,0,0,0,03/04/2021,03/02/2021 11:11:00,14,39,282757,NULL,NULL,NULL,2,3,02/02/2021 19:07:07
432,5000,30,02/02/2021 19:10:10,2,,12/15/1983,5,1,5,1,06/01/2005,1,0,3,0,999,0,0,01/01/1970,8,NULL,01/01/1970,01/01/1970,10000,999,раз в неделю,999,3000,1,1,2000,500,1,1,0,35,1.53,500,8000,3.8,50,0,8000,8000,8000,0,5562,562,0,0,0,0,0,0,0,03/04/2021,02/09/2021 15:17:00,14,31,195873,NULL,NULL,NULL,2,3,02/02/2021 19:07:47
433,6000,30,02/02/2021 19:09:51,1,,10/26/1988,1,1,4,1,01/12/1995,0,0,3,0,999,0,0,01/25/2008,9,NULL,01/01/1970,01/01/1970,10000,2,NULL,1,7000,1,1,1000,1000,1,1,0,2,1.8,500,8000,3.8,50,0,8000,6000,6000,0,7591,1591,0,0,0,0,0,0,0,03/04/2021,02/16/2021 07:41:00,16,28,71811,230768,NULL,NULL,2,3,02/02/2021 19:08:39
434,8000,15,02/02/2021 19:12:45,1,,04/17/1975,2,3,6,2,05/15/1983,0,0,1,0,2,0,0,11/15/2017,19,NULL,01/01/1970,01/01/1970,18300,1,NULL,1,9300,1,2,0,1500,1,1,0,35,1.53,500,8000,3.8,50,0,8000,16000,8000,0,8809.46,809.46,0,0,0,0,0,0,0,02/17/2021,02/10/2021 19:20:00,18,38,165268,267041,NULL,NULL,2,3,02/02/2021 19:10:40
435,1000,9,02/02/2021 19:18:49,2,,03/18/1982,2,3,3,4,03/24/2017,0,0,2,0,0,0,0,10/24/2015,8,NULL,01/01/1970,01/01/1970,8000,2,NULL,1,4000,1,1,500,500,1,1,0,31,1.8,500,5500,3.8,50,0,5500,1800,1800,0,1537.77,501.28,36.49,0,0,0,3,0,0,03/27/2021,03/18/2021 23:41:00,14,31,234370,NULL,5,41,2,3,02/02/2021 19:16:24
436,1000,5,02/02/2021 19:22:59,1,,09/25/2000,1,1,2,3,09/25/2000,0,0,3,0,999,0,0,12/27/2017,2,NULL,01/01/1970,01/01/1970,10000,1,NULL,1,6000,0,0,0,0,1,1,0,30,1.8,500,4000,3.8,50,0,4000,1000,1000,0,1321,266,55,0,0,0,3,0,0,02/24/2021,02/14/2021 15:52:00,14,31,285804,NULL,1,14,2,3,02/02/2021 19:18:49
437,3300,30,02/02/2021 19:23:38,1,,08/12/1993,1,1,5,1,08/12/1993,0,0,3,0,2,0,0,04/17/2017,2,NULL,01/01/1970,01/01/1970,8000,2,NULL,1,5000,0,0,0,0,1,1,0,2,1.8,500,8000,3.8,50,0,8000,3300,3300,0,3639.4,339.4,0,0,0,0,0,0,0,03/04/2021,02/07/2021 02:37:00,18,38,229241,NULL,NULL,NULL,2,3,02/02/2021 19:21:46
438,1000,30,02/02/2021 19:30:07,1,,05/25/1981,4,2,5,3,01/01/1998,0,0,4,0,2,0,0,03/01/2018,15,NULL,01/01/1970,01/01/1970,12000,1,NULL,1,7000,1,3,5000,5000,1,1,0,30,1.8,500,4000,3.8,50,0,4000,1000,1000,0,1572,572,0,0,0,0,0,0,0,03/04/2021,03/03/2021 21:38:00,14,31,252674,NULL,NULL,NULL,2,3,02/02/2021 19:27:09
439,1000,30,02/02/2021 20:05:23,1,,04/01/1983,2,3,2,3,05/13/1999,0,0,1,NULL,999,0,0,11/28/2018,15,NULL,NULL,NULL,20000,2,NULL,1,5000,0,2,2000,2000,1,1,0,10,1.9,500,8000,3.8,50,0,8000,1000,1000,0,1601,601,0,0,0,0,0,0,0,03/04/2021,03/04/2021 09:45:00,14,39,283201,NULL,NULL,NULL,5,7,02/02/2021 19:30:43
440,1000,29,02/02/2021 20:32:13,1,,10/08/1990,1,1,4,3,10/08/1990,0,0,1,NULL,999,0,0,05/10/2016,3,NULL,NULL,NULL,7000,1,NULL,1,4000,0,0,0,0,1,1,0,10,1.9,500,8000,3.8,50,0,8000,1000,1000,0,1088,88,0,0,0,0,0,0,0,03/03/2021,02/04/2021 23:41:00,18,39,276417,NULL,NULL,NULL,5,7,02/02/2021 19:34:25
441,1500,30,02/02/2021 20:13:50,1,,10/31/1998,1,1,3,3,12/12/2014,0,0,3,NULL,999,0,0,03/01/2017,2,NULL,NULL,NULL,9000,2,NULL,1,3000,0,0,0,0,1,1,0,10,1.9,500,8000,3.8,50,0,8000,1500,1500,0,1607,107,0,0,0,0,0,0,0,03/04/2021,02/04/2021 18:39:00,14,39,290160,NULL,NULL,NULL,5,7,02/02/2021 19:38:28
442,3500,26,02/02/2021 19:49:43,1,,10/12/1992,2,2,4,1,03/12/1994,0,0,1,0,2,0,0,01/01/1970,4,NULL,01/01/1970,01/01/1970,16000,2,NULL,999,6000,0,8000,0,2500,1,1,0,30,1.8,500,4000,3.8,50,0,4000,3500,3500,0,4860,1360,0,0,0,0,0,0,0,02/28/2021,02/23/2021 17:11:00,14,31,282351,NULL,NULL,NULL,2,3,02/02/2021 19:48:14
443,650,17,02/02/2021 20:10:58,1,,07/23/1994,1,1,3,1,06/25/2004,0,0,4,0,2,0,0,06/01/2017,4,NULL,01/01/1970,01/01/1970,10500,2,NULL,1,5000,0,0,0,0,1,1,0,30,1.8,500,4000,3.8,50,0,4000,3000,3000,0,723.4,73.4,0,0,0,0,0,0,0,02/19/2021,02/04/2021 11:36:00,14,31,271204,NULL,NULL,NULL,2,3,02/02/2021 19:52:03
444,1800,30,02/02/2021 20:00:51,1,,04/18/1990,1,1,4,1,08/31/2006,0,0,1,0,999,0,0,09/01/2015,5,NULL,01/01/1970,01/01/1970,9000,2,NULL,1,2500,0,0,0,0,1,1,0,32,1.8,500,8000,3.8,50,0,8000,1800,1800,0,1945.2,145.2,0,0,0,0,0,0,0,03/04/2021,02/05/2021 18:06:00,14,31,261778,NULL,NULL,NULL,2,3,02/02/2021 20:00:11
445,2500,30,02/02/2021 20:14:26,2,,05/21/1994,2,1,5,3,01/01/2015,0,0,1,NULL,3,0,0,08/01/2017,3,NULL,NULL,NULL,7000,2,NULL,1,3000,0,0,0,0,1,1,0,10,1.9,500,8000,3.8,50,0,8000,2500,2500,0,2977.5,477.5,0,0,0,0,0,0,0,03/04/2021,02/11/2021 22:59:00,14,39,290174,NULL,NULL,NULL,5,7,02/02/2021 20:01:56
446,1000,3,02/02/2021 20:10:35,1,,06/28/1993,1,1,5,3,07/07/2017,0,0,8,NULL,0,1,0,01/01/1970,4,NULL,NULL,NULL,34000,1,NULL,1,10000,1,0,0,0,1,1,0,32,1.8,500,8000,3.8,50,0,8000,8000,8000,0,1071,71,0,0,0,0,0,0,0,02/05/2021,02/04/2021 04:04:00,14,31,153459,NULL,NULL,NULL,5,7,02/02/2021 20:09:17
447,1000,30,02/02/2021 20:14:14,2,,09/06/1992,2,2,5,2,06/30/2011,0,0,1,0,999,0,0,05/11/2016,8,NULL,01/01/1970,01/01/1970,9000,2,NULL,1,1900,0,0,0,0,1,1,0,35,1.53,500,8000,3.8,50,0,8000,7800,7800,0,1368.3,368.3,0,0,0,0,0,0,0,03/04/2021,02/23/2021 16:00:00,18,38,117705,198497,NULL,NULL,2,3,02/02/2021 20:12:40
448,1050,15,02/02/2021 20:51:32,2,,07/18/1995,2,2,3,2,07/18/1995,0,0,4,NULL,0,0,0,NULL,3,NULL,NULL,NULL,6000,2,NULL,4,3000,1,1,1000,8000,1,1,0,10,1.9,500,8000,3.8,50,0,8000,2500,2500,0,2177.3,1067.45,59.85,0,0,0,3,0,0,04/21/2021,03/25/2021 06:11:00,14,39,289863,NULL,2,60,5,7,02/02/2021 20:28:00
449,500,30,02/02/2021 20:32:21,1,,12/05/1996,1,1,5,4,09/05/2014,0,0,6,0,0,0,0,01/01/1970,0,NULL,01/01/1970,01/01/1970,7000,2,NULL,4,4000,0,0,0,0,1,1,0,31,1.8,500,5500,3.8,50,0,5500,2000,2000,0,559,59,0,0,0,0,0,0,0,03/04/2021,02/03/2021 17:15:00,14,31,286023,NULL,NULL,NULL,2,3,02/02/2021 20:31:14
450,5000,17,02/02/2021 20:36:01,1,,09/04/1963,2,2,5,1,06/20/1984,0,0,1,0,2,0,0,12/01/2016,34,NULL,01/01/1970,01/01/1970,8000,2,NULL,1,5000,0,5,4000,1000,1,1,0,32,1.8,500,8000,3.8,50,0,8000,5000,5000,0,5270,270,0,0,0,0,0,0,0,02/19/2021,02/04/2021 09:16:00,14,31,35913,NULL,NULL,NULL,2,3,02/02/2021 20:33:44
451,1000,30,02/02/2021 20:37:35,1,,01/06/1987,1,1,5,2,04/04/2003,0,0,1,NULL,999,0,0,04/01/2014,10,NULL,NULL,NULL,25000,2,NULL,1,6000,1,5,15000,2000,1,1,1,10,1.9,500,8000,3.8,50,0,8000,1000,1000,1601,1886,753,133,0,0,0,7,0,0,03/04/2021,03/11/2021 16:23:00,14,39,286312,NULL,NULL,NULL,5,7,02/02/2021 20:34:49
452,600,30,02/02/2021 20:39:05,2,,03/27/1985,2,4,3,1,04/27/2018,1,0,1,0,1,0,0,10/06/2015,5,NULL,01/01/1970,01/01/1970,10000,2,NULL,1,4000,0,4,0,4000,1,1,0,2,1.8,500,8000,3.8,50,0,8000,600,600,0,682.4,82.4,0,0,0,0,0,0,0,03/04/2021,02/05/2021 20:16:00,18,38,266439,NULL,NULL,NULL,2,3,02/02/2021 20:37:05
453,3500,29,02/03/2021 15:58:21,2,,09/22/1998,2,1,3,3,05/12/2001,0,0,2,0,2,0,0,08/12/2017,1,NULL,01/01/1970,01/01/1970,8000,2,NULL,1,6000,0,0,0,0,1,1,0,32,1.8,500,8000,3.8,50,0,8000,3500,3500,0,3670,170,0,0,0,0,0,0,0,03/04/2021,02/03/2021 23:46:00,14,31,252396,NULL,NULL,NULL,2,3,02/02/2021 20:41:54
454,1500,20,02/02/2021 20:45:04,1,,09/23/1984,1,1,4,2,03/24/2017,1,0,4,0,0,0,0,01/01/1970,10,NULL,01/01/1970,01/01/1970,15000,2,NULL,2,5000,0,1,0,2500,1,1,0,31,1.8,500,5500,3.8,50,0,5500,1500,1500,0,1896,396,0,0,0,0,0,0,0,02/22/2021,02/15/2021 18:45:00,14,31,284021,NULL,NULL,NULL,2,3,02/02/2021 20:42:51
455,3800,30,02/02/2021 20:55:43,2,,04/06/1971,2,1,5,1,05/25/1990,0,1,1,0,2,0,0,06/14/2009,20,NULL,01/01/1970,01/01/1970,9000,2,NULL,1,5000,0,0,0,0,1,1,0,2,1.8,500,8000,3.8,50,0,8000,3800,3800,0,5852,2052,0,0,0,0,0,0,0,03/04/2021,03/04/2021 20:26:00,18,38,163419,NULL,NULL,NULL,2,3,02/02/2021 20:53:05
456,1000,18,02/02/2021 20:55:39,1,,10/25/1990,1,1,2,2,04/10/2006,0,0,3,0,999,0,0,05/30/2012,7,NULL,01/01/1970,01/01/1970,9100,2,NULL,1,5600,1,1,1200,0,1,1,0,31,1.8,500,5500,3.8,50,0,5500,1000,1000,0,1086,86,0,0,0,0,0,0,0,02/20/2021,02/03/2021 11:14:00,14,31,272646,NULL,NULL,NULL,2,3,02/02/2021 20:54:06
457,1600,30,02/02/2021 21:18:46,2,,07/09/1991,2,1,5,1,09/09/2016,0,0,1,NULL,2,0,0,11/08/2017,8,NULL,NULL,NULL,18000,2,NULL,1,4000,1,0,0,0,1,1,1,10,1.9,500,8000,3.8,50,0,8000,2500,2500,2531.6,3474,1418,456,0,0,0,15,0,0,03/04/2021,03/19/2021 18:24:00,14,39,610,NULL,NULL,NULL,5,7,02/02/2021 21:04:22
458,1050,14,02/02/2021 21:13:42,1,,03/04/1998,1,1,3,2,03/04/1998,0,0,1,0,999,0,0,03/05/2016,4,NULL,01/01/1970,01/01/1970,8000,2,NULL,1,8000,0,500,1000,500,1,1,0,12,1.33,500,3500,3.8,50,0,3500,4000,3500,0,1127.93,77.93,0,0,0,0,0,0,0,02/16/2021,02/03/2021 14:18:00,14,31,177650,NULL,NULL,NULL,2,3,02/02/2021 21:10:23
459,1500,3,02/02/2021 21:28:22,2,,10/20/1985,2,1,3,3,11/20/2001,0,0,1,NULL,999,0,0,07/01/2016,10,NULL,NULL,NULL,9200,2,NULL,1,2000,1,0,0,0,1,1,0,10,1.9,500,8000,3.8,50,0,8000,1500,1500,0,1607,107,0,0,0,0,0,0,0,02/05/2021,02/03/2021 12:18:00,14,39,290165,NULL,NULL,NULL,5,7,02/02/2021 21:16:10
460,4000,30,02/02/2021 21:42:14,2,,04/15/1978,2,2,5,2,02/01/2002,0,0,8,0,0,999,0,01/01/1970,20,NULL,01/01/1970,01/01/1970,8500,2,NULL,999,5000,0,3,20000,500,1,1,0,30,1.8,500,4000,3.8,50,0,4000,4000,4000,0,6160,2160,0,0,0,0,0,0,0,03/04/2021,03/03/2021 20:11:00,14,31,246233,NULL,NULL,NULL,2,3,02/02/2021 21:18:19
461,3500,26,02/02/2021 21:27:47,1,,11/18/1991,1,1,5,3,12/27/2007,0,0,2,0,2,0,0,06/12/2013,5,NULL,01/01/1970,01/01/1970,7000,2,NULL,2,4000,1,3,1000,200,1,1,0,12,1.33,500,3500,3.8,50,0,3500,4000,3500,0,4481,981,0,0,0,0,0,0,0,02/28/2021,02/22/2021 21:00:00,14,31,151635,229101,NULL,NULL,2,3,02/02/2021 21:21:39
462,2000,7,02/02/2021 21:24:02,2,,02/28/1989,3,2,5,3,07/15/2013,0,1,1,0,999,0,0,08/15/2016,13,NULL,01/01/1970,01/01/1970,14000,2,NULL,1,4000,0,0,0,0,1,1,0,35,1.53,500,8000,3.8,50,0,8000,2500,2500,0,2870.2,870.2,0,0,0,0,0,0,0,03/06/2021,03/01/2021 17:15:00,14,31,259601,NULL,2,25,2,3,02/02/2021 21:22:31
463,1500,30,02/02/2021 21:34:09,2,,11/16/1987,2,2,3,2,05/28/2008,0,1,1,0,999,0,0,08/15/2014,13,NULL,01/01/1970,01/01/1970,7500,2,NULL,2,8000,0,0,0,0,1,1,0,31,1.8,500,5500,3.8,50,0,5500,1500,1500,0,2537,1022,15,0,0,0,1,0,0,04/04/2021,03/10/2021 14:26:00,14,31,275023,NULL,1,30,2,3,02/02/2021 21:31:36
464,4000,30,02/02/2021 21:38:36,2,,11/05/1995,1,1,5,2,11/21/2017,0,0,8,0,0,1,1,01/01/1970,3,NULL,01/01/1970,01/01/1970,38000,1,NULL,1,10000,1,4,20000,30000,1,1,1,30,1.8,500,4000,3.8,50,0,4000,4000,4000,6160,7427,2808,619,0,0,0,8,0,0,03/04/2021,03/12/2021 21:00:00,14,31,284558,NULL,NULL,NULL,2,3,02/02/2021 21:37:18
465,2000,30,02/02/2021 21:47:32,2,,01/03/1991,1,1,5,4,06/06/2013,0,0,1,0,999,0,0,07/22/2014,5,NULL,01/01/1970,01/01/1970,9000,1,NULL,1,1500,1,0,0,0,1,1,0,30,1.8,500,4000,3.8,50,0,4000,2000,2000,0,2721,721,0,0,0,0,0,0,0,03/04/2021,02/21/2021 17:39:00,14,31,276628,NULL,NULL,NULL,2,3,02/02/2021 21:45:05
466,3000,30,02/02/2021 21:52:32,2,,04/25/1988,1,1,5,3,09/01/2005,0,0,3,0,999,0,0,11/06/2009,12,NULL,01/01/1970,01/01/1970,10000,1,NULL,4,10000,1,2,9000,430,1,1,0,35,1.53,500,8000,3.8,50,0,8000,12900,8000,0,4331.2,1331.2,0,0,0,0,0,0,0,03/04/2021,03/02/2021 18:55:00,18,38,186314,NULL,NULL,NULL,2,3,02/02/2021 21:50:18
467,1000,30,02/02/2021 22:00:33,1,,01/16/1996,1,1,2,3,01/18/1996,0,1,3,NULL,999,0,0,10/30/2018,2,NULL,NULL,NULL,9000,1,NULL,1,3500,0,4,13000,3000,1,1,0,10,1.9,500,8000,3.8,50,0,8000,1000,1000,0,1126,126,0,0,0,0,0,0,0,03/04/2021,02/06/2021 15:18:00,14,39,264575,NULL,NULL,NULL,5,7,02/02/2021 21:51:17
468,800,15,02/02/2021 22:02:12,1,,10/01/1982,4,2,5,4,05/15/2017,0,0,1,0,1,0,0,04/10/2017,16,NULL,01/01/1970,01/01/1970,14000,2,NULL,1,8000,0,2,0,2000,1,1,0,2,1.8,500,8000,3.8,50,0,8000,800,800,0,878.8,78.8,0,0,0,0,0,0,0,02/17/2021,02/03/2021 20:24:00,18,38,273794,NULL,NULL,NULL,2,3,02/02/2021 21:59:06
469,1600,7,02/02/2021 22:05:21,1,,09/05/1987,4,1,5,4,02/01/2018,1,0,1,0,999,0,0,02/23/2011,11,NULL,01/01/1970,01/01/1970,85000,1,NULL,1,60000,1,3,8000,5000,1,1,0,31,1.8,500,5500,3.8,50,0,5500,3500,3500,0,1742.2,142.2,0,0,0,0,0,0,0,02/09/2021,02/06/2021 13:23:00,14,31,255753,NULL,NULL,NULL,2,3,02/02/2021 22:04:02
470,1000,8,02/02/2021 22:10:40,1,,08/24/1992,1,1,4,3,10/09/2012,0,0,4,0,0,0,0,01/01/1970,6,NULL,01/01/1970,01/01/1970,10000,1,NULL,1,3500,1,0,0,0,1,1,0,35,1.53,500,8000,3.8,50,0,8000,7300,7300,0,1461.1,461.1,0,0,0,0,0,0,0,03/02/2021,03/01/2021 02:07:00,12,38,65614,255221,2,20,2,3,02/02/2021 22:09:30
471,1500,30,02/02/2021 22:15:09,1,,06/12/1996,1,1,5,3,09/19/2012,0,0,3,0,0,0,0,01/01/1970,1,NULL,01/01/1970,01/01/1970,4500,1,NULL,1,1800,1,0,0,0,1,1,0,32,1.8,500,8000,3.8,50,0,8000,8000,8000,0,2144,644,0,0,0,0,0,0,0,03/04/2021,02/24/2021 18:38:00,14,31,71485,197113,NULL,NULL,2,3,02/02/2021 22:14:15
472,2500,30,02/02/2021 22:18:23,1,,08/26/1991,1,1,3,3,08/26/1991,0,0,3,0,999,0,0,02/23/2018,6,NULL,01/01/1970,01/01/1970,6900,1,NULL,1,1000,1,1,0,175,1,1,0,31,1.8,500,5500,3.8,50,0,5500,2500,2500,0,3268,768,0,0,0,0,0,0,0,03/04/2021,02/18/2021 11:23:00,14,31,217002,NULL,NULL,NULL,2,3,02/02/2021 22:16:40
473,1400,12,02/02/2021 22:20:22,1,,03/16/2000,1,1,4,3,04/04/2000,0,0,6,0,0,0,0,01/01/1970,1,NULL,01/01/1970,01/01/1970,3500,1,NULL,4,1700,1,1,2000,450,1,1,0,62,0,0,1400,3.8,250,0,1400,4000,1400,0,1645,245,0,0,0,0,0,0,0,02/14/2021,02/11/2021 16:22:00,14,31,273453,NULL,NULL,NULL,2,3,02/02/2021 22:17:44
474,500,30,02/02/2021 22:27:30,1,,09/15/1991,2,2,2,2,09/12/2007,1,0,3,0,999,0,0,06/10/2015,7,NULL,01/01/1970,01/01/1970,15000,2,NULL,999,4000,1,5,40000,4000,1,1,0,32,1.8,500,8000,3.8,50,0,8000,8000,8000,0,568,68,0,0,0,0,0,0,0,03/04/2021,02/03/2021 14:33:00,14,31,232867,NULL,NULL,NULL,2,3,02/02/2021 22:26:22
475,8000,21,02/02/2021 22:28:22,2,,08/17/1994,2,2,5,3,08/17/1994,0,0,1,0,4,0,0,05/05/2015,3,NULL,01/01/1970,01/01/1970,9000,2,NULL,1,6000,0,7,80000,2000,1,1,1,2,1.8,500,8000,3.8,50,0,8000,10500,8000,12320,24000,11520,4480,0,0,0,28,0,0,03/25/2021,04/22/2021 20:25:00,18,38,181619,NULL,1,30,2,3,02/02/2021 22:26:53
476,8000,30,02/02/2021 22:30:47,1,,02/24/1988,1,1,5,1,06/05/2016,0,0,4,0,4,0,0,01/01/1970,10,NULL,01/01/1970,01/01/1970,5000,2,NULL,1,1500,0,2,4000,500,1,1,0,32,1.8,500,8000,3.8,50,0,8000,8000,8000,0,8428,428,0,0,0,0,0,0,0,03/04/2021,02/04/2021 10:16:00,14,31,93784,196213,NULL,NULL,2,3,02/02/2021 22:29:04
477,8000,3,02/02/2021 22:31:02,1,,10/26/1998,4,1,4,4,10/28/2016,0,1,1,0,2,0,0,08/01/2018,2,NULL,01/01/1970,01/01/1970,15000,1,NULL,1,4000,1,1,1545,565,1,1,0,32,1.8,500,8000,3.8,50,0,8000,8000,8000,0,8430,430,0,0,0,0,0,0,0,02/05/2021,02/02/2021 23:14:00,14,31,126131,211306,NULL,NULL,2,3,02/02/2021 22:30:05
478,4000,30,02/02/2021 22:45:39,1,,06/28/1988,1,1,5,2,03/16/1989,0,0,3,NULL,999,0,0,04/05/2011,9,NULL,NULL,NULL,12000,2,NULL,1,3000,1,0,0,0,1,1,0,10,1.9,500,8000,3.8,50,0,8000,4000,4000,0,5444,1444,0,0,0,0,0,0,0,03/04/2021,02/20/2021 16:13:00,14,39,290218,NULL,NULL,NULL,5,7,02/02/2021 22:31:48
479,3000,30,02/02/2021 23:30:03,2,,07/23/1992,1,1,5,3,01/20/2012,0,0,1,0,999,0,0,03/23/2012,8,NULL,01/01/1970,01/01/1970,15000,2,NULL,999,1000,1,3,50000,5000,1,1,1,35,1.53,500,8000,3.8,50,0,8000,3000,3000,4381.1,9215,3354.8,2860.2,0,0,0,42,0,0,03/04/2021,04/15/2021 15:31:00,14,31,239778,NULL,NULL,NULL,2,3,02/02/2021 22:33:35
480,1000,24,02/02/2021 23:17:45,1,,02/09/1997,1,1,3,3,09/13/2012,0,0,3,NULL,1,0,0,03/08/2018,3,NULL,NULL,NULL,10000,1,NULL,1,6000,0,1,1000,500,1,1,0,10,1.9,500,8000,3.8,50,0,8000,1000,1000,0,1886,772,114,0,0,0,6,0,0,04/03/2021,03/12/2021 16:27:00,14,39,277528,NULL,1,30,5,7,02/02/2021 22:55:26
481,1000,19,02/02/2021 23:35:03,2,,07/02/1998,4,1,3,4,09/30/2016,0,0,1,NULL,1,0,0,03/09/2017,2,NULL,NULL,NULL,7500,2,NULL,1,2300,0,0,0,0,1,1,0,10,1.9,500,8000,3.8,50,0,8000,2500,2500,0,1354,354,0,0,0,0,0,0,0,02/21/2021,02/18/2021 22:21:00,14,39,290232,NULL,NULL,NULL,5,7,02/02/2021 23:11:38
482,1500,30,02/02/2021 23:19:12,2,,10/25/1996,1,1,4,4,09/01/2017,0,0,1,0,999,0,0,10/05/2018,3,NULL,01/01/1970,01/01/1970,6000,2,NULL,999,3500,0,0,0,0,1,1,0,31,1.8,500,5500,3.8,50,0,5500,1500,1500,0,2275,775,0,0,0,0,0,0,0,03/04/2021,03/01/2021 14:46:00,14,31,262901,NULL,NULL,NULL,2,3,02/02/2021 23:17:54
483,2500,14,02/02/2021 23:23:35,1,,12/01/1996,1,1,5,3,12/05/2007,0,0,6,NULL,0,0,0,NULL,1,NULL,NULL,NULL,7500,1,NULL,4,2500,1,1,0,0,1,1,1,10,1.9,500,8000,3.8,50,0,8000,2500,2500,3877.5,6255,3232.5,522.5,0,0,0,11,0,0,04/01/2021,04/10/2021 16:28:00,14,39,193707,NULL,2,42,5,7,02/02/2021 23:18:30
484,3000,30,02/02/2021 23:24:45,2,,05/07/1984,5,3,5,3,02/18/2004,0,0,7,0,0,0,0,01/01/1970,12,NULL,01/01/1970,01/01/1970,8000,2,NULL,5,3000,0,3,12000,5000,1,1,0,52,1.62,500,3000,3.8,50,0,3000,4000,3000,0,4427.4,1427.4,0,0,0,0,0,0,0,03/04/2021,03/03/2021 15:41:00,14,31,218571,NULL,NULL,NULL,2,3,02/02/2021 23:23:26
485,1500,30,02/02/2021 23:35:32,2,,08/09/1985,2,3,3,3,05/31/2012,0,0,1,0,999,0,0,06/13/2016,12,NULL,01/01/1970,01/01/1970,8000,2,NULL,1,3000,0,1,1000,620,1,1,1,30,1.8,500,4000,3.8,50,0,4000,1500,1500,2333,2816,1076,240,0,0,0,8,0,0,03/04/2021,03/12/2021 09:10:00,14,31,272227,NULL,NULL,NULL,2,3,02/02/2021 23:24:11
486,4000,8,02/02/2021 23:29:20,1,,05/06/2000,1,1,3,4,08/30/2016,0,1,6,0,0,0,0,01/01/1970,0,NULL,01/01/1970,01/01/1970,5000,2,NULL,4,3000,1,0,0,0,1,1,1,31,1.8,500,5500,3.8,50,0,5500,5500,5500,4504,6176,2016,160,0,0,0,2,0,0,02/27/2021,03/01/2021 14:08:00,14,31,234343,NULL,2,17,2,3,02/02/2021 23:28:00
487,1500,30,02/02/2021 23:44:43,1,,10/24/1989,1,1,2,3,10/11/2011,0,0,4,0,0,0,0,01/01/1970,13,NULL,01/01/1970,01/01/1970,7000,2,NULL,999,1000,0,1,5000,500,1,1,0,31,1.8,500,5500,3.8,50,0,5500,1500,1500,0,1793,293,0,0,0,0,0,0,0,03/04/2021,02/11/2021 04:02:00,14,31,243604,NULL,NULL,NULL,2,3,02/02/2021 23:42:17
488,500,20,02/02/2021 23:48:08,1,,11/17/1992,1,1,3,3,11/25/1992,0,0,1,0,999,0,0,12/02/2016,3,NULL,01/01/1970,01/01/1970,12000,1,NULL,1,12000,0,0,0,0,1,1,0,2,1.8,500,8000,3.8,50,0,8000,500,500,0,658,158,0,0,0,0,0,0,0,02/22/2021,02/14/2021 11:09:00,18,38,220973,NULL,NULL,NULL,2,3,02/02/2021 23:46:15
489,1500,30,02/02/2021 23:48:30,1,,01/05/1996,1,1,3,3,01/05/1996,0,0,3,0,999,0,0,02/14/2015,2,NULL,01/01/1970,01/01/1970,15000,2,NULL,1,3000,0,2,3000,3000,1,1,1,31,1.8,500,5500,3.8,50,0,5500,1500,1500,2333,2463,914,49,0,0,0,2,0,0,03/04/2021,03/06/2021 13:49:00,14,31,281653,NULL,NULL,NULL,2,3,02/02/2021 23:46:27
490,3000,7,02/02/2021 23:50:53,1,,04/17/1986,3,1,6,1,05/01/2007,1,0,4,0,0,0,0,01/01/1970,10,NULL,01/01/1970,01/01/1970,10000,2,NULL,2,8000,1,0,0,0,1,1,0,35,1.53,500,8000,3.8,50,0,8000,8000,8000,0,3315.4,315.4,0,0,0,0,0,0,0,02/09/2021,02/08/2021 13:51:00,14,31,28183,219234,NULL,NULL,2,3,02/02/2021 23:50:01
491,4500,30,02/02/2021 23:52:19,2,,07/22/1980,2,2,2,3,05/14/2008,0,0,3,0,999,0,0,10/11/2001,16,NULL,01/01/1970,01/01/1970,12000,2,NULL,999,1500,0,2,0,0,1,1,0,32,1.8,500,8000,3.8,50,0,8000,4500,4500,0,5229,729,0,0,0,0,0,0,0,03/04/2021,02/10/2021 23:55:00,14,31,139190,264944,NULL,NULL,2,3,02/02/2021 23:50:07
492,1000,30,02/03/2021 00:09:16,2,,03/06/1993,3,2,3,3,03/26/1993,0,0,1,NULL,999,0,0,08/21/2018,3,NULL,NULL,NULL,10000,1,NULL,1,3000,0,0,0,0,1,1,0,10,1.9,500,8000,3.8,50,0,8000,2000,2000,0,1078,78,0,0,0,0,0,0,0,03/04/2021,02/03/2021 16:47:00,18,39,242087,NULL,NULL,NULL,5,7,02/02/2021 23:54:03
493,1000,8,02/03/2021 00:52:13,2,,01/29/1998,1,1,4,2,11/08/2000,1,0,1,NULL,3,0,0,03/05/2018,1,NULL,NULL,NULL,6500,2,NULL,1,4500,0,0,0,0,1,1,0,10,1.9,500,8000,3.8,50,0,8000,3000,3000,0,1572,544,28,0,0,0,2,0,0,03/14/2021,02/28/2021 13:55:00,14,39,290260,NULL,1,30,5,7,02/03/2021 00:31:18
494,2000,20,02/03/2021 00:46:06,2,,08/21/1990,2,2,5,1,05/02/1994,0,1,1,0,3,0,0,08/08/2013,5,NULL,01/01/1970,01/01/1970,11800,2,NULL,2,3600,0,0,0,0,1,1,0,31,1.8,500,5500,3.8,50,0,5500,3500,3500,0,2194,194,0,0,0,0,0,0,0,02/22/2021,02/06/2021 16:32:00,14,31,242192,NULL,NULL,NULL,2,3,02/03/2021 00:43:13
495,1000,15,02/03/2021 12:38:12,1,,01/02/1967,4,3,5,3,03/18/2006,0,0,1,NULL,2,0,0,07/22/2017,25,NULL,NULL,NULL,12000,2,NULL,1,6000,1,0,0,0,1,1,0,10,1.9,500,8000,3.8,50,0,8000,1000,1000,0,1848,848,0,0,0,0,0,0,0,03/20/2021,03/17/2021 11:08:00,14,39,240569,NULL,1,30,5,7,02/03/2021 00:55:41
496,500,3,02/03/2021 01:38:14,2,,04/01/1997,2,2,2,3,08/13/2013,0,0,3,NULL,1,0,0,NULL,1,NULL,NULL,NULL,15000,999,Раз в неделю,999,5000,0,0,0,0,1,1,0,10,1.9,500,8000,3.8,50,0,8000,1500,1500,0,569,69,0,0,0,0,0,0,0,02/06/2021,02/03/2021 01:59:00,14,39,290272,NULL,NULL,NULL,5,7,02/03/2021 01:23:54
497,2500,30,02/03/2021 01:48:53,2,,06/02/1996,1,1,3,2,06/03/1996,0,0,1,NULL,1,0,0,09/15/2016,5,NULL,NULL,NULL,8000,2,NULL,1,2500,1,2,1300,800,1,1,0,36,1.43,500,8000,3.8,50,0,8000,2500,2500,0,3050.5,550.5,0,0,0,0,0,0,0,03/05/2021,02/17/2021 17:02:00,14,31,199166,NULL,NULL,NULL,5,7,02/03/2021 01:43:13
498,1050,14,02/03/2021 02:08:05,1,,01/18/1989,1,1,4,3,12/07/2012,0,0,3,0,999,0,0,12/11/2012,6,NULL,01/01/1970,01/01/1970,15000,1,NULL,1,3500,1,3,3000,3500,1,1,1,31,1.8,500,5500,3.8,50,0,5500,3500,3500,1345.7,1963.1,598.1,315,0,0,0,15,0,0,02/17/2021,03/04/2021 19:37:00,14,31,228663,NULL,NULL,NULL,2,3,02/03/2021 01:51:31
499,1300,4,02/03/2021 01:58:04,1,,02/24/1993,2,2,3,1,05/13/2009,0,0,1,0,2,0,0,05/11/2016,3,NULL,01/01/1970,01/01/1970,12000,2,NULL,1,10000,0,0,0,0,1,1,0,32,1.8,500,8000,3.8,50,0,8000,5000,5000,0,1418.2,118.2,0,0,0,0,0,0,0,02/07/2021,02/07/2021 22:22:00,14,31,133049,211832,NULL,NULL,2,3,02/03/2021 01:54:18
